{
  "Name": "Windows.Perception, Version=255.255.255.255, Culture=neutral, PublicKeyToken=null, ContentType=WindowsRuntime",
  "Enums": [
    {
      "Name": "Windows.Perception.People.HandJointIndex",
      "BaseType": "Int32",
      "Values": [
        {
          "Name": "Palm",
          "Value": "0"
        },
        {
          "Name": "Wrist",
          "Value": "1"
        },
        {
          "Name": "ThumbMetacarpal",
          "Value": "2"
        },
        {
          "Name": "ThumbProximal",
          "Value": "3"
        },
        {
          "Name": "ThumbDistal",
          "Value": "4"
        },
        {
          "Name": "ThumbTip",
          "Value": "5"
        },
        {
          "Name": "IndexMetacarpal",
          "Value": "6"
        },
        {
          "Name": "IndexProximal",
          "Value": "7"
        },
        {
          "Name": "IndexIntermediate",
          "Value": "8"
        },
        {
          "Name": "IndexDistal",
          "Value": "9"
        },
        {
          "Name": "IndexTip",
          "Value": "10"
        },
        {
          "Name": "MiddleMetacarpal",
          "Value": "11"
        },
        {
          "Name": "MiddleProximal",
          "Value": "12"
        },
        {
          "Name": "MiddleIntermediate",
          "Value": "13"
        },
        {
          "Name": "MiddleDistal",
          "Value": "14"
        },
        {
          "Name": "MiddleTip",
          "Value": "15"
        },
        {
          "Name": "RingMetacarpal",
          "Value": "16"
        },
        {
          "Name": "RingProximal",
          "Value": "17"
        },
        {
          "Name": "RingIntermediate",
          "Value": "18"
        },
        {
          "Name": "RingDistal",
          "Value": "19"
        },
        {
          "Name": "RingTip",
          "Value": "20"
        },
        {
          "Name": "PinkyMetacarpal",
          "Value": "21"
        },
        {
          "Name": "PinkyProximal",
          "Value": "22"
        },
        {
          "Name": "PinkyIntermediate",
          "Value": "23"
        },
        {
          "Name": "PinkyDistal",
          "Value": "24"
        },
        {
          "Name": "PinkyTip",
          "Value": "25"
        }
      ]
    },
    {
      "Name": "Windows.Perception.People.JointPoseAccuracy",
      "BaseType": "Int32",
      "Values": [
        {
          "Name": "High",
          "Value": "0"
        },
        {
          "Name": "Approximate",
          "Value": "1"
        },
        {
          "Name": "Unavailable",
          "Value": "2"
        }
      ]
    },
    {
      "Name": "Windows.Perception.Spatial.SpatialAnchorExportPurpose",
      "BaseType": "Int32",
      "Values": [
        {
          "Name": "Relocalization",
          "Value": "0"
        },
        {
          "Name": "Sharing",
          "Value": "1"
        }
      ]
    },
    {
      "Name": "Windows.Perception.Spatial.SpatialEntityWatcherStatus",
      "BaseType": "Int32",
      "Values": [
        {
          "Name": "Created",
          "Value": "0"
        },
        {
          "Name": "Started",
          "Value": "1"
        },
        {
          "Name": "EnumerationCompleted",
          "Value": "2"
        },
        {
          "Name": "Stopping",
          "Value": "3"
        },
        {
          "Name": "Stopped",
          "Value": "4"
        },
        {
          "Name": "Aborted",
          "Value": "5"
        }
      ]
    },
    {
      "Name": "Windows.Perception.Spatial.SpatialLocatability",
      "BaseType": "Int32",
      "Values": [
        {
          "Name": "Unavailable",
          "Value": "0"
        },
        {
          "Name": "OrientationOnly",
          "Value": "1"
        },
        {
          "Name": "PositionalTrackingActivating",
          "Value": "2"
        },
        {
          "Name": "PositionalTrackingActive",
          "Value": "3"
        },
        {
          "Name": "PositionalTrackingInhibited",
          "Value": "4"
        }
      ]
    },
    {
      "Name": "Windows.Perception.Spatial.SpatialLookDirectionRange",
      "BaseType": "Int32",
      "Values": [
        {
          "Name": "ForwardOnly",
          "Value": "0"
        },
        {
          "Name": "Omnidirectional",
          "Value": "1"
        }
      ]
    },
    {
      "Name": "Windows.Perception.Spatial.SpatialMovementRange",
      "BaseType": "Int32",
      "Values": [
        {
          "Name": "NoMovement",
          "Value": "0"
        },
        {
          "Name": "Bounded",
          "Value": "1"
        }
      ]
    },
    {
      "Name": "Windows.Perception.Spatial.SpatialPerceptionAccessStatus",
      "BaseType": "Int32",
      "Values": [
        {
          "Name": "Unspecified",
          "Value": "0"
        },
        {
          "Name": "Allowed",
          "Value": "1"
        },
        {
          "Name": "DeniedByUser",
          "Value": "2"
        },
        {
          "Name": "DeniedBySystem",
          "Value": "3"
        }
      ]
    }
  ],
  "Structs": [
    {
      "Name": "Windows.Perception.Automation.Core.PerceptionAutomationCoreContract"
    },
    {
      "Name": "Windows.Perception.People.HandVertexPositionAndNormal",
      "Fields": [
        {
          "Name": "Position",
          "Type": "Vector3"
        },
        {
          "Name": "Normal",
          "Type": "Vector3"
        }
      ]
    },
    {
      "Name": "Windows.Perception.Spatial.SpatialBoundingBox",
      "Fields": [
        {
          "Name": "Center",
          "Type": "Vector3"
        },
        {
          "Name": "Extents",
          "Type": "Vector3"
        }
      ]
    },
    {
      "Name": "Windows.Perception.Spatial.SpatialBoundingFrustum",
      "Fields": [
        {
          "Name": "Near",
          "Type": "Plane"
        },
        {
          "Name": "Far",
          "Type": "Plane"
        },
        {
          "Name": "Right",
          "Type": "Plane"
        },
        {
          "Name": "Left",
          "Type": "Plane"
        },
        {
          "Name": "Top",
          "Type": "Plane"
        },
        {
          "Name": "Bottom",
          "Type": "Plane"
        }
      ]
    },
    {
      "Name": "Windows.Perception.Spatial.SpatialBoundingOrientedBox",
      "Fields": [
        {
          "Name": "Center",
          "Type": "Vector3"
        },
        {
          "Name": "Extents",
          "Type": "Vector3"
        },
        {
          "Name": "Orientation",
          "Type": "Quaternion"
        }
      ]
    },
    {
      "Name": "Windows.Perception.Spatial.SpatialBoundingSphere",
      "Fields": [
        {
          "Name": "Center",
          "Type": "Vector3"
        },
        {
          "Name": "Radius",
          "Type": "Single"
        }
      ]
    }
  ],
  "Classes": [
    {
      "Name": "Windows.Perception.Automation.Core.CorePerceptionAutomation",
      "IsStatic": true,
      "Methods": [
        {
          "Name": "SetActivationFactoryProvider",
          "IsStatic": true,
          "ReturnType": "Void",
          "Parameters": [
            {
              "Name": "provider",
              "Type": "IGetActivationFactory"
            }
          ]
        }
      ]
    },
    {
      "Name": "Windows.Perception.People.EyesPose",
      "IsSealed": true,
      "Properties": [
        {
          "Name": "GazeDirection",
          "Type": "Nullable<Vector3>",
          "IsGet": true
        },
        {
          "Name": "GazeOrigin",
          "Type": "Nullable<Vector3>",
          "IsGet": true
        },
        {
          "Name": "LastUpdateTimestamp",
          "Type": "PerceptionTimestamp",
          "IsGet": true
        }
      ]
    },
    {
      "Name": "Windows.Perception.People.HandMesh",
      "IsSealed": true,
      "Properties": [
        {
          "Name": "NeutralReferencePose",
          "Type": "HandPose",
          "IsGet": true
        },
        {
          "Name": "NeutralReferencePoseVersion",
          "Type": "UInt32",
          "IsGet": true
        },
        {
          "Name": "TriangleIndexCount",
          "Type": "UInt32",
          "IsGet": true
        },
        {
          "Name": "VertexCount",
          "Type": "UInt32",
          "IsGet": true
        }
      ],
      "Methods": [
        {
          "Name": "GetTriangleIndices",
          "ReturnType": "Void",
          "Parameters": [
            {
              "Name": "indices",
              "Type": "UInt32[]",
              "Out": true
            }
          ]
        },
        {
          "Name": "GetNeutralReferencePoseVertices",
          "ReturnType": "SpatialCoordinateSystem",
          "Parameters": [
            {
              "Name": "vertices",
              "Type": "HandVertexPositionAndNormal[]",
              "Out": true
            }
          ]
        },
        {
          "Name": "TryGetVerticesAtTimestamp",
          "ReturnType": "SpatialCoordinateSystem",
          "Parameters": [
            {
              "Name": "timestamp",
              "Type": "PerceptionTimestamp"
            },
            {
              "Name": "vertices",
              "Type": "HandVertexPositionAndNormal[]",
              "Out": true
            }
          ]
        }
      ]
    },
    {
      "Name": "Windows.Perception.People.HandPose",
      "IsSealed": true,
      "Methods": [
        {
          "Name": "get_SupportedHandJointIndices",
          "ReturnType": "IReadOnlyList<HandJointIndex>"
        },
        {
          "Name": "TryGetJoint",
          "ReturnType": "Boolean",
          "Parameters": [
            {
              "Name": "coordinateSystem",
              "Type": "SpatialCoordinateSystem"
            },
            {
              "Name": "requestedIndex",
              "Type": "HandJointIndex"
            },
            {
              "Name": "poseAccuracy",
              "Type": "JointPoseAccuracy&",
              "Out": true
            },
            {
              "Name": "position",
              "Type": "Vector3&",
              "Out": true
            }
          ]
        },
        {
          "Name": "TryGetJoint",
          "ReturnType": "Boolean",
          "Parameters": [
            {
              "Name": "coordinateSystem",
              "Type": "SpatialCoordinateSystem"
            },
            {
              "Name": "requestedIndex",
              "Type": "HandJointIndex"
            },
            {
              "Name": "poseAccuracy",
              "Type": "JointPoseAccuracy&",
              "Out": true
            },
            {
              "Name": "position",
              "Type": "Vector3&",
              "Out": true
            },
            {
              "Name": "radius",
              "Type": "Double&",
              "Out": true
            }
          ]
        },
        {
          "Name": "TryGetJoint",
          "ReturnType": "Boolean",
          "Parameters": [
            {
              "Name": "coordinateSystem",
              "Type": "SpatialCoordinateSystem"
            },
            {
              "Name": "requestedIndex",
              "Type": "HandJointIndex"
            },
            {
              "Name": "poseAccuracy",
              "Type": "JointPoseAccuracy&",
              "Out": true
            },
            {
              "Name": "position",
              "Type": "Vector3&",
              "Out": true
            },
            {
              "Name": "radius",
              "Type": "Double&",
              "Out": true
            },
            {
              "Name": "orientation",
              "Type": "Quaternion&",
              "Out": true
            }
          ]
        },
        {
          "Name": "TryGetJoints",
          "ReturnType": "Boolean",
          "Parameters": [
            {
              "Name": "coordinateSystem",
              "Type": "SpatialCoordinateSystem"
            },
            {
              "Name": "requestedIndices",
              "Type": "HandJointIndex[]"
            },
            {
              "Name": "poseAccuracies",
              "Type": "JointPoseAccuracy[]",
              "Out": true
            },
            {
              "Name": "positions",
              "Type": "Vector3[]",
              "Out": true
            }
          ]
        },
        {
          "Name": "TryGetJoints",
          "ReturnType": "Boolean",
          "Parameters": [
            {
              "Name": "coordinateSystem",
              "Type": "SpatialCoordinateSystem"
            },
            {
              "Name": "requestedIndices",
              "Type": "HandJointIndex[]"
            },
            {
              "Name": "poseAccuracies",
              "Type": "JointPoseAccuracy[]",
              "Out": true
            },
            {
              "Name": "positions",
              "Type": "Vector3[]",
              "Out": true
            },
            {
              "Name": "radii",
              "Type": "Double[]",
              "Out": true
            }
          ]
        },
        {
          "Name": "TryGetJoints",
          "ReturnType": "Boolean",
          "Parameters": [
            {
              "Name": "coordinateSystem",
              "Type": "SpatialCoordinateSystem"
            },
            {
              "Name": "requestedIndices",
              "Type": "HandJointIndex[]"
            },
            {
              "Name": "poseAccuracies",
              "Type": "JointPoseAccuracy[]",
              "Out": true
            },
            {
              "Name": "positions",
              "Type": "Vector3[]",
              "Out": true
            },
            {
              "Name": "radii",
              "Type": "Double[]",
              "Out": true
            },
            {
              "Name": "orientations",
              "Type": "Quaternion[]",
              "Out": true
            }
          ]
        },
        {
          "Name": "TryGetRelativeJoint",
          "ReturnType": "Boolean",
          "Parameters": [
            {
              "Name": "requestedIndex",
              "Type": "HandJointIndex"
            },
            {
              "Name": "referenceIndex",
              "Type": "HandJointIndex"
            },
            {
              "Name": "poseAccuracy",
              "Type": "JointPoseAccuracy&",
              "Out": true
            },
            {
              "Name": "position",
              "Type": "Vector3&",
              "Out": true
            }
          ]
        },
        {
          "Name": "TryGetRelativeJoint",
          "ReturnType": "Boolean",
          "Parameters": [
            {
              "Name": "requestedIndex",
              "Type": "HandJointIndex"
            },
            {
              "Name": "referenceIndex",
              "Type": "HandJointIndex"
            },
            {
              "Name": "poseAccuracy",
              "Type": "JointPoseAccuracy&",
              "Out": true
            },
            {
              "Name": "position",
              "Type": "Vector3&",
              "Out": true
            },
            {
              "Name": "radius",
              "Type": "Double&",
              "Out": true
            }
          ]
        },
        {
          "Name": "TryGetRelativeJoint",
          "ReturnType": "Boolean",
          "Parameters": [
            {
              "Name": "requestedIndex",
              "Type": "HandJointIndex"
            },
            {
              "Name": "referenceIndex",
              "Type": "HandJointIndex"
            },
            {
              "Name": "poseAccuracy",
              "Type": "JointPoseAccuracy&",
              "Out": true
            },
            {
              "Name": "position",
              "Type": "Vector3&",
              "Out": true
            },
            {
              "Name": "radius",
              "Type": "Double&",
              "Out": true
            },
            {
              "Name": "orientation",
              "Type": "Quaternion&",
              "Out": true
            }
          ]
        },
        {
          "Name": "TryGetRelativeJoints",
          "ReturnType": "Boolean",
          "Parameters": [
            {
              "Name": "requestedIndices",
              "Type": "HandJointIndex[]"
            },
            {
              "Name": "referenceIndices",
              "Type": "HandJointIndex[]"
            },
            {
              "Name": "poseAccuracies",
              "Type": "JointPoseAccuracy[]",
              "Out": true
            },
            {
              "Name": "positions",
              "Type": "Vector3[]",
              "Out": true
            }
          ]
        },
        {
          "Name": "TryGetRelativeJoints",
          "ReturnType": "Boolean",
          "Parameters": [
            {
              "Name": "requestedIndices",
              "Type": "HandJointIndex[]"
            },
            {
              "Name": "referenceIndices",
              "Type": "HandJointIndex[]"
            },
            {
              "Name": "poseAccuracies",
              "Type": "JointPoseAccuracy[]",
              "Out": true
            },
            {
              "Name": "positions",
              "Type": "Vector3[]",
              "Out": true
            },
            {
              "Name": "radii",
              "Type": "Double[]",
              "Out": true
            }
          ]
        },
        {
          "Name": "TryGetRelativeJoints",
          "ReturnType": "Boolean",
          "Parameters": [
            {
              "Name": "requestedIndices",
              "Type": "HandJointIndex[]"
            },
            {
              "Name": "referenceIndices",
              "Type": "HandJointIndex[]"
            },
            {
              "Name": "poseAccuracies",
              "Type": "JointPoseAccuracy[]",
              "Out": true
            },
            {
              "Name": "positions",
              "Type": "Vector3[]",
              "Out": true
            },
            {
              "Name": "radii",
              "Type": "Double[]",
              "Out": true
            },
            {
              "Name": "orientations",
              "Type": "Quaternion[]",
              "Out": true
            }
          ]
        }
      ]
    },
    {
      "Name": "Windows.Perception.People.HeadPose",
      "IsSealed": true,
      "Properties": [
        {
          "Name": "ForwardDirection",
          "Type": "Vector3",
          "IsGet": true
        },
        {
          "Name": "Position",
          "Type": "Vector3",
          "IsGet": true
        },
        {
          "Name": "UpDirection",
          "Type": "Vector3",
          "IsGet": true
        }
      ]
    },
    {
      "Name": "Windows.Perception.PerceptionTimestamp",
      "IsSealed": true,
      "Properties": [
        {
          "Name": "PredictionAmount",
          "Type": "TimeSpan",
          "IsGet": true
        },
        {
          "Name": "TargetTime",
          "Type": "DateTimeOffset",
          "IsGet": true
        },
        {
          "Name": "SystemRelativeTargetTime",
          "Type": "TimeSpan",
          "IsGet": true
        }
      ]
    },
    {
      "Name": "Windows.Perception.PerceptionTimestampHelper",
      "IsStatic": true,
      "Methods": [
        {
          "Name": "FromSystemRelativeTargetTime",
          "IsStatic": true,
          "ReturnType": "PerceptionTimestamp",
          "Parameters": [
            {
              "Name": "targetTime",
              "Type": "TimeSpan"
            }
          ]
        },
        {
          "Name": "FromHistoricalTargetTime",
          "IsStatic": true,
          "ReturnType": "PerceptionTimestamp",
          "Parameters": [
            {
              "Name": "targetTime",
              "Type": "DateTimeOffset"
            }
          ]
        }
      ]
    },
    {
      "Name": "Windows.Perception.Spatial.Preview.SpatialGraphInteropFrameOfReferencePreview",
      "IsSealed": true,
      "Properties": [
        {
          "Name": "CoordinateSystem",
          "Type": "SpatialCoordinateSystem",
          "IsGet": true
        },
        {
          "Name": "CoordinateSystemToNodeTransform",
          "Type": "Matrix4x4",
          "IsGet": true
        },
        {
          "Name": "NodeId",
          "Type": "Guid",
          "IsGet": true
        }
      ]
    },
    {
      "Name": "Windows.Perception.Spatial.Preview.SpatialGraphInteropPreview",
      "IsStatic": true,
      "Methods": [
        {
          "Name": "TryCreateFrameOfReference",
          "IsStatic": true,
          "ReturnType": "SpatialGraphInteropFrameOfReferencePreview",
          "Parameters": [
            {
              "Name": "coordinateSystem",
              "Type": "SpatialCoordinateSystem"
            }
          ]
        },
        {
          "Name": "TryCreateFrameOfReference",
          "IsStatic": true,
          "ReturnType": "SpatialGraphInteropFrameOfReferencePreview",
          "Parameters": [
            {
              "Name": "coordinateSystem",
              "Type": "SpatialCoordinateSystem"
            },
            {
              "Name": "relativePosition",
              "Type": "Vector3"
            }
          ]
        },
        {
          "Name": "TryCreateFrameOfReference",
          "IsStatic": true,
          "ReturnType": "SpatialGraphInteropFrameOfReferencePreview",
          "Parameters": [
            {
              "Name": "coordinateSystem",
              "Type": "SpatialCoordinateSystem"
            },
            {
              "Name": "relativePosition",
              "Type": "Vector3"
            },
            {
              "Name": "relativeOrientation",
              "Type": "Quaternion"
            }
          ]
        },
        {
          "Name": "CreateCoordinateSystemForNode",
          "IsStatic": true,
          "ReturnType": "SpatialCoordinateSystem",
          "Parameters": [
            {
              "Name": "nodeId",
              "Type": "Guid"
            }
          ]
        },
        {
          "Name": "CreateCoordinateSystemForNode",
          "IsStatic": true,
          "ReturnType": "SpatialCoordinateSystem",
          "Parameters": [
            {
              "Name": "nodeId",
              "Type": "Guid"
            },
            {
              "Name": "relativePosition",
              "Type": "Vector3"
            }
          ]
        },
        {
          "Name": "CreateCoordinateSystemForNode",
          "IsStatic": true,
          "ReturnType": "SpatialCoordinateSystem",
          "Parameters": [
            {
              "Name": "nodeId",
              "Type": "Guid"
            },
            {
              "Name": "relativePosition",
              "Type": "Vector3"
            },
            {
              "Name": "relativeOrientation",
              "Type": "Quaternion"
            }
          ]
        },
        {
          "Name": "CreateLocatorForNode",
          "IsStatic": true,
          "ReturnType": "SpatialLocator",
          "Parameters": [
            {
              "Name": "nodeId",
              "Type": "Guid"
            }
          ]
        }
      ]
    },
    {
      "Name": "Windows.Perception.Spatial.SpatialAnchor",
      "IsSealed": true,
      "Properties": [
        {
          "Name": "CoordinateSystem",
          "Type": "SpatialCoordinateSystem",
          "IsGet": true
        },
        {
          "Name": "RawCoordinateSystem",
          "Type": "SpatialCoordinateSystem",
          "IsGet": true
        },
        {
          "Name": "RemovedByUser",
          "Type": "Boolean",
          "IsGet": true
        }
      ],
      "Methods": [
        {
          "Name": "TryCreateRelativeTo",
          "IsStatic": true,
          "ReturnType": "SpatialAnchor",
          "Parameters": [
            {
              "Name": "coordinateSystem",
              "Type": "SpatialCoordinateSystem"
            }
          ]
        },
        {
          "Name": "TryCreateRelativeTo",
          "IsStatic": true,
          "ReturnType": "SpatialAnchor",
          "Parameters": [
            {
              "Name": "coordinateSystem",
              "Type": "SpatialCoordinateSystem"
            },
            {
              "Name": "position",
              "Type": "Vector3"
            }
          ]
        },
        {
          "Name": "TryCreateRelativeTo",
          "IsStatic": true,
          "ReturnType": "SpatialAnchor",
          "Parameters": [
            {
              "Name": "coordinateSystem",
              "Type": "SpatialCoordinateSystem"
            },
            {
              "Name": "position",
              "Type": "Vector3"
            },
            {
              "Name": "orientation",
              "Type": "Quaternion"
            }
          ]
        }
      ],
      "Events": [
        {
          "Name": "RawCoordinateSystemAdjusted",
          "Type": "TypedEventHandler<SpatialAnchor,SpatialAnchorRawCoordinateSystemAdjustedEventArgs>"
        }
      ]
    },
    {
      "Name": "Windows.Perception.Spatial.SpatialAnchorExportSufficiency",
      "IsSealed": true,
      "Properties": [
        {
          "Name": "IsMinimallySufficient",
          "Type": "Boolean",
          "IsGet": true
        },
        {
          "Name": "RecommendedSufficiencyLevel",
          "Type": "Double",
          "IsGet": true
        },
        {
          "Name": "SufficiencyLevel",
          "Type": "Double",
          "IsGet": true
        }
      ]
    },
    {
      "Name": "Windows.Perception.Spatial.SpatialAnchorExporter",
      "IsSealed": true,
      "Methods": [
        {
          "Name": "GetAnchorExportSufficiencyAsync",
          "ReturnType": "IAsyncOperation<SpatialAnchorExportSufficiency>",
          "Parameters": [
            {
              "Name": "anchor",
              "Type": "SpatialAnchor"
            },
            {
              "Name": "purpose",
              "Type": "SpatialAnchorExportPurpose"
            }
          ]
        },
        {
          "Name": "TryExportAnchorAsync",
          "ReturnType": "IAsyncOperation<Boolean>",
          "Parameters": [
            {
              "Name": "anchor",
              "Type": "SpatialAnchor"
            },
            {
              "Name": "purpose",
              "Type": "SpatialAnchorExportPurpose"
            },
            {
              "Name": "stream",
              "Type": "IOutputStream"
            }
          ]
        },
        {
          "Name": "GetDefault",
          "IsStatic": true,
          "ReturnType": "SpatialAnchorExporter"
        },
        {
          "Name": "RequestAccessAsync",
          "IsStatic": true,
          "ReturnType": "IAsyncOperation<SpatialPerceptionAccessStatus>"
        }
      ]
    },
    {
      "Name": "Windows.Perception.Spatial.SpatialAnchorManager",
      "IsStatic": true,
      "Methods": [
        {
          "Name": "RequestStoreAsync",
          "IsStatic": true,
          "ReturnType": "IAsyncOperation<SpatialAnchorStore>"
        }
      ]
    },
    {
      "Name": "Windows.Perception.Spatial.SpatialAnchorRawCoordinateSystemAdjustedEventArgs",
      "IsSealed": true,
      "Properties": [
        {
          "Name": "OldRawCoordinateSystemToNewRawCoordinateSystemTransform",
          "Type": "Matrix4x4",
          "IsGet": true
        }
      ]
    },
    {
      "Name": "Windows.Perception.Spatial.SpatialAnchorStore",
      "IsSealed": true,
      "Methods": [
        {
          "Name": "GetAllSavedAnchors",
          "ReturnType": "IReadOnlyDictionary<String,SpatialAnchor>"
        },
        {
          "Name": "TrySave",
          "ReturnType": "Boolean",
          "Parameters": [
            {
              "Name": "id",
              "Type": "String"
            },
            {
              "Name": "anchor",
              "Type": "SpatialAnchor"
            }
          ]
        },
        {
          "Name": "Remove",
          "ReturnType": "Void",
          "Parameters": [
            {
              "Name": "id",
              "Type": "String"
            }
          ]
        },
        {
          "Name": "Clear",
          "ReturnType": "Void"
        }
      ]
    },
    {
      "Name": "Windows.Perception.Spatial.SpatialAnchorTransferManager",
      "IsStatic": true,
      "Methods": [
        {
          "Name": "TryImportAnchorsAsync",
          "IsStatic": true,
          "ReturnType": "IAsyncOperation<IReadOnlyDictionary<String,SpatialAnchor>>",
          "Parameters": [
            {
              "Name": "stream",
              "Type": "IInputStream"
            }
          ]
        },
        {
          "Name": "TryExportAnchorsAsync",
          "IsStatic": true,
          "ReturnType": "IAsyncOperation<Boolean>",
          "Parameters": [
            {
              "Name": "anchors",
              "Type": "IEnumerable<KeyValuePair<String,SpatialAnchor>>"
            },
            {
              "Name": "stream",
              "Type": "IOutputStream"
            }
          ]
        },
        {
          "Name": "RequestAccessAsync",
          "IsStatic": true,
          "ReturnType": "IAsyncOperation<SpatialPerceptionAccessStatus>"
        }
      ]
    },
    {
      "Name": "Windows.Perception.Spatial.SpatialBoundingVolume",
      "IsSealed": true,
      "Methods": [
        {
          "Name": "FromBox",
          "IsStatic": true,
          "ReturnType": "SpatialBoundingVolume",
          "Parameters": [
            {
              "Name": "coordinateSystem",
              "Type": "SpatialCoordinateSystem"
            },
            {
              "Name": "box",
              "Type": "SpatialBoundingBox"
            }
          ]
        },
        {
          "Name": "FromOrientedBox",
          "IsStatic": true,
          "ReturnType": "SpatialBoundingVolume",
          "Parameters": [
            {
              "Name": "coordinateSystem",
              "Type": "SpatialCoordinateSystem"
            },
            {
              "Name": "box",
              "Type": "SpatialBoundingOrientedBox"
            }
          ]
        },
        {
          "Name": "FromSphere",
          "IsStatic": true,
          "ReturnType": "SpatialBoundingVolume",
          "Parameters": [
            {
              "Name": "coordinateSystem",
              "Type": "SpatialCoordinateSystem"
            },
            {
              "Name": "sphere",
              "Type": "SpatialBoundingSphere"
            }
          ]
        },
        {
          "Name": "FromFrustum",
          "IsStatic": true,
          "ReturnType": "SpatialBoundingVolume",
          "Parameters": [
            {
              "Name": "coordinateSystem",
              "Type": "SpatialCoordinateSystem"
            },
            {
              "Name": "frustum",
              "Type": "SpatialBoundingFrustum"
            }
          ]
        }
      ]
    },
    {
      "Name": "Windows.Perception.Spatial.SpatialCoordinateSystem",
      "IsSealed": true,
      "Methods": [
        {
          "Name": "TryGetTransformTo",
          "ReturnType": "Nullable<Matrix4x4>",
          "Parameters": [
            {
              "Name": "target",
              "Type": "SpatialCoordinateSystem"
            }
          ]
        }
      ]
    },
    {
      "Name": "Windows.Perception.Spatial.SpatialEntity",
      "IsSealed": true,
      "Constructors": [
        {
          "Parameters": [
            {
              "Name": "spatialAnchor",
              "Type": "SpatialAnchor"
            }
          ]
        },
        {
          "Parameters": [
            {
              "Name": "spatialAnchor",
              "Type": "SpatialAnchor"
            },
            {
              "Name": "propertySet",
              "Type": "ValueSet"
            }
          ]
        }
      ],
      "Properties": [
        {
          "Name": "Anchor",
          "Type": "SpatialAnchor",
          "IsGet": true
        },
        {
          "Name": "Id",
          "Type": "String",
          "IsGet": true
        },
        {
          "Name": "Properties",
          "Type": "ValueSet",
          "IsGet": true
        }
      ]
    },
    {
      "Name": "Windows.Perception.Spatial.SpatialEntityAddedEventArgs",
      "IsSealed": true,
      "Properties": [
        {
          "Name": "Entity",
          "Type": "SpatialEntity",
          "IsGet": true
        }
      ]
    },
    {
      "Name": "Windows.Perception.Spatial.SpatialEntityRemovedEventArgs",
      "IsSealed": true,
      "Properties": [
        {
          "Name": "Entity",
          "Type": "SpatialEntity",
          "IsGet": true
        }
      ]
    },
    {
      "Name": "Windows.Perception.Spatial.SpatialEntityStore",
      "IsSealed": true,
      "Properties": [
        {
          "Name": "IsSupported",
          "Type": "Boolean",
          "IsStatic": true,
          "IsGet": true
        }
      ],
      "Methods": [
        {
          "Name": "SaveAsync",
          "ReturnType": "IAsyncAction",
          "Parameters": [
            {
              "Name": "entity",
              "Type": "SpatialEntity"
            }
          ]
        },
        {
          "Name": "RemoveAsync",
          "ReturnType": "IAsyncAction",
          "Parameters": [
            {
              "Name": "entity",
              "Type": "SpatialEntity"
            }
          ]
        },
        {
          "Name": "CreateEntityWatcher",
          "ReturnType": "SpatialEntityWatcher"
        },
        {
          "Name": "TryGet",
          "IsStatic": true,
          "ReturnType": "SpatialEntityStore",
          "Parameters": [
            {
              "Name": "session",
              "Type": "RemoteSystemSession"
            }
          ]
        }
      ]
    },
    {
      "Name": "Windows.Perception.Spatial.SpatialEntityUpdatedEventArgs",
      "IsSealed": true,
      "Properties": [
        {
          "Name": "Entity",
          "Type": "SpatialEntity",
          "IsGet": true
        }
      ]
    },
    {
      "Name": "Windows.Perception.Spatial.SpatialEntityWatcher",
      "IsSealed": true,
      "Properties": [
        {
          "Name": "Status",
          "Type": "SpatialEntityWatcherStatus",
          "IsGet": true
        }
      ],
      "Methods": [
        {
          "Name": "Start",
          "ReturnType": "Void"
        },
        {
          "Name": "Stop",
          "ReturnType": "Void"
        }
      ],
      "Events": [
        {
          "Name": "Added",
          "Type": "TypedEventHandler<SpatialEntityWatcher,SpatialEntityAddedEventArgs>"
        },
        {
          "Name": "EnumerationCompleted",
          "Type": "TypedEventHandler<SpatialEntityWatcher,Object>"
        },
        {
          "Name": "Removed",
          "Type": "TypedEventHandler<SpatialEntityWatcher,SpatialEntityRemovedEventArgs>"
        },
        {
          "Name": "Updated",
          "Type": "TypedEventHandler<SpatialEntityWatcher,SpatialEntityUpdatedEventArgs>"
        }
      ]
    },
    {
      "Name": "Windows.Perception.Spatial.SpatialLocation",
      "IsSealed": true,
      "Properties": [
        {
          "Name": "AbsoluteAngularAcceleration",
          "Type": "Quaternion",
          "IsGet": true
        },
        {
          "Name": "AbsoluteAngularVelocity",
          "Type": "Quaternion",
          "IsGet": true
        },
        {
          "Name": "AbsoluteLinearAcceleration",
          "Type": "Vector3",
          "IsGet": true
        },
        {
          "Name": "AbsoluteLinearVelocity",
          "Type": "Vector3",
          "IsGet": true
        },
        {
          "Name": "Orientation",
          "Type": "Quaternion",
          "IsGet": true
        },
        {
          "Name": "Position",
          "Type": "Vector3",
          "IsGet": true
        },
        {
          "Name": "AbsoluteAngularAccelerationAxisAngle",
          "Type": "Vector3",
          "IsGet": true
        },
        {
          "Name": "AbsoluteAngularVelocityAxisAngle",
          "Type": "Vector3",
          "IsGet": true
        }
      ]
    },
    {
      "Name": "Windows.Perception.Spatial.SpatialLocator",
      "IsSealed": true,
      "Properties": [
        {
          "Name": "Locatability",
          "Type": "SpatialLocatability",
          "IsGet": true
        }
      ],
      "Methods": [
        {
          "Name": "TryLocateAtTimestamp",
          "ReturnType": "SpatialLocation",
          "Parameters": [
            {
              "Name": "timestamp",
              "Type": "PerceptionTimestamp"
            },
            {
              "Name": "coordinateSystem",
              "Type": "SpatialCoordinateSystem"
            }
          ]
        },
        {
          "Name": "CreateAttachedFrameOfReferenceAtCurrentHeading",
          "ReturnType": "SpatialLocatorAttachedFrameOfReference"
        },
        {
          "Name": "CreateAttachedFrameOfReferenceAtCurrentHeading",
          "ReturnType": "SpatialLocatorAttachedFrameOfReference",
          "Parameters": [
            {
              "Name": "relativePosition",
              "Type": "Vector3"
            }
          ]
        },
        {
          "Name": "CreateAttachedFrameOfReferenceAtCurrentHeading",
          "ReturnType": "SpatialLocatorAttachedFrameOfReference",
          "Parameters": [
            {
              "Name": "relativePosition",
              "Type": "Vector3"
            },
            {
              "Name": "relativeOrientation",
              "Type": "Quaternion"
            }
          ]
        },
        {
          "Name": "CreateAttachedFrameOfReferenceAtCurrentHeading",
          "ReturnType": "SpatialLocatorAttachedFrameOfReference",
          "Parameters": [
            {
              "Name": "relativePosition",
              "Type": "Vector3"
            },
            {
              "Name": "relativeOrientation",
              "Type": "Quaternion"
            },
            {
              "Name": "relativeHeadingInRadians",
              "Type": "Double"
            }
          ]
        },
        {
          "Name": "CreateStationaryFrameOfReferenceAtCurrentLocation",
          "ReturnType": "SpatialStationaryFrameOfReference"
        },
        {
          "Name": "CreateStationaryFrameOfReferenceAtCurrentLocation",
          "ReturnType": "SpatialStationaryFrameOfReference",
          "Parameters": [
            {
              "Name": "relativePosition",
              "Type": "Vector3"
            }
          ]
        },
        {
          "Name": "CreateStationaryFrameOfReferenceAtCurrentLocation",
          "ReturnType": "SpatialStationaryFrameOfReference",
          "Parameters": [
            {
              "Name": "relativePosition",
              "Type": "Vector3"
            },
            {
              "Name": "relativeOrientation",
              "Type": "Quaternion"
            }
          ]
        },
        {
          "Name": "CreateStationaryFrameOfReferenceAtCurrentLocation",
          "ReturnType": "SpatialStationaryFrameOfReference",
          "Parameters": [
            {
              "Name": "relativePosition",
              "Type": "Vector3"
            },
            {
              "Name": "relativeOrientation",
              "Type": "Quaternion"
            },
            {
              "Name": "relativeHeadingInRadians",
              "Type": "Double"
            }
          ]
        },
        {
          "Name": "GetDefault",
          "IsStatic": true,
          "ReturnType": "SpatialLocator"
        }
      ],
      "Events": [
        {
          "Name": "LocatabilityChanged",
          "Type": "TypedEventHandler<SpatialLocator,Object>"
        },
        {
          "Name": "PositionalTrackingDeactivating",
          "Type": "TypedEventHandler<SpatialLocator,SpatialLocatorPositionalTrackingDeactivatingEventArgs>"
        }
      ]
    },
    {
      "Name": "Windows.Perception.Spatial.SpatialLocatorAttachedFrameOfReference",
      "IsSealed": true,
      "Properties": [
        {
          "Name": "RelativePosition",
          "Type": "Vector3",
          "IsGet": true,
          "IsSet": true
        },
        {
          "Name": "RelativeOrientation",
          "Type": "Quaternion",
          "IsGet": true,
          "IsSet": true
        }
      ],
      "Methods": [
        {
          "Name": "AdjustHeading",
          "ReturnType": "Void",
          "Parameters": [
            {
              "Name": "headingOffsetInRadians",
              "Type": "Double"
            }
          ]
        },
        {
          "Name": "GetStationaryCoordinateSystemAtTimestamp",
          "ReturnType": "SpatialCoordinateSystem",
          "Parameters": [
            {
              "Name": "timestamp",
              "Type": "PerceptionTimestamp"
            }
          ]
        },
        {
          "Name": "TryGetRelativeHeadingAtTimestamp",
          "ReturnType": "Nullable<Double>",
          "Parameters": [
            {
              "Name": "timestamp",
              "Type": "PerceptionTimestamp"
            }
          ]
        }
      ]
    },
    {
      "Name": "Windows.Perception.Spatial.SpatialLocatorPositionalTrackingDeactivatingEventArgs",
      "IsSealed": true,
      "Properties": [
        {
          "Name": "Canceled",
          "Type": "Boolean",
          "IsGet": true,
          "IsSet": true
        }
      ]
    },
    {
      "Name": "Windows.Perception.Spatial.SpatialStageFrameOfReference",
      "IsSealed": true,
      "Properties": [
        {
          "Name": "CoordinateSystem",
          "Type": "SpatialCoordinateSystem",
          "IsGet": true
        },
        {
          "Name": "LookDirectionRange",
          "Type": "SpatialLookDirectionRange",
          "IsGet": true
        },
        {
          "Name": "MovementRange",
          "Type": "SpatialMovementRange",
          "IsGet": true
        },
        {
          "Name": "Current",
          "Type": "SpatialStageFrameOfReference",
          "IsStatic": true,
          "IsGet": true
        }
      ],
      "Methods": [
        {
          "Name": "GetCoordinateSystemAtCurrentLocation",
          "ReturnType": "SpatialCoordinateSystem",
          "Parameters": [
            {
              "Name": "locator",
              "Type": "SpatialLocator"
            }
          ]
        },
        {
          "Name": "TryGetMovementBounds",
          "ReturnType": "Vector3[]",
          "Parameters": [
            {
              "Name": "coordinateSystem",
              "Type": "SpatialCoordinateSystem"
            }
          ]
        },
        {
          "Name": "RequestNewStageAsync",
          "IsStatic": true,
          "ReturnType": "IAsyncOperation<SpatialStageFrameOfReference>"
        }
      ],
      "Events": [
        {
          "Name": "CurrentChanged",
          "Type": "EventHandler<Object>",
          "IsStatic": true
        }
      ]
    },
    {
      "Name": "Windows.Perception.Spatial.SpatialStationaryFrameOfReference",
      "IsSealed": true,
      "Properties": [
        {
          "Name": "CoordinateSystem",
          "Type": "SpatialCoordinateSystem",
          "IsGet": true
        }
      ]
    },
    {
      "Name": "Windows.Perception.Spatial.Surfaces.SpatialSurfaceInfo",
      "IsSealed": true,
      "Properties": [
        {
          "Name": "Id",
          "Type": "Guid",
          "IsGet": true
        },
        {
          "Name": "UpdateTime",
          "Type": "DateTimeOffset",
          "IsGet": true
        }
      ],
      "Methods": [
        {
          "Name": "TryGetBounds",
          "ReturnType": "Nullable<SpatialBoundingOrientedBox>",
          "Parameters": [
            {
              "Name": "coordinateSystem",
              "Type": "SpatialCoordinateSystem"
            }
          ]
        },
        {
          "Name": "TryComputeLatestMeshAsync",
          "ReturnType": "IAsyncOperation<SpatialSurfaceMesh>",
          "Parameters": [
            {
              "Name": "maxTrianglesPerCubicMeter",
              "Type": "Double"
            }
          ]
        },
        {
          "Name": "TryComputeLatestMeshAsync",
          "ReturnType": "IAsyncOperation<SpatialSurfaceMesh>",
          "Parameters": [
            {
              "Name": "maxTrianglesPerCubicMeter",
              "Type": "Double"
            },
            {
              "Name": "options",
              "Type": "SpatialSurfaceMeshOptions"
            }
          ]
        }
      ]
    },
    {
      "Name": "Windows.Perception.Spatial.Surfaces.SpatialSurfaceMesh",
      "IsSealed": true,
      "Properties": [
        {
          "Name": "CoordinateSystem",
          "Type": "SpatialCoordinateSystem",
          "IsGet": true
        },
        {
          "Name": "SurfaceInfo",
          "Type": "SpatialSurfaceInfo",
          "IsGet": true
        },
        {
          "Name": "TriangleIndices",
          "Type": "SpatialSurfaceMeshBuffer",
          "IsGet": true
        },
        {
          "Name": "VertexNormals",
          "Type": "SpatialSurfaceMeshBuffer",
          "IsGet": true
        },
        {
          "Name": "VertexPositionScale",
          "Type": "Vector3",
          "IsGet": true
        },
        {
          "Name": "VertexPositions",
          "Type": "SpatialSurfaceMeshBuffer",
          "IsGet": true
        }
      ]
    },
    {
      "Name": "Windows.Perception.Spatial.Surfaces.SpatialSurfaceMeshBuffer",
      "IsSealed": true,
      "Properties": [
        {
          "Name": "Data",
          "Type": "IBuffer",
          "IsGet": true
        },
        {
          "Name": "ElementCount",
          "Type": "UInt32",
          "IsGet": true
        },
        {
          "Name": "Format",
          "Type": "DirectXPixelFormat",
          "IsGet": true
        },
        {
          "Name": "Stride",
          "Type": "UInt32",
          "IsGet": true
        }
      ]
    },
    {
      "Name": "Windows.Perception.Spatial.Surfaces.SpatialSurfaceMeshOptions",
      "IsSealed": true,
      "Properties": [
        {
          "Name": "VertexPositionFormat",
          "Type": "DirectXPixelFormat",
          "IsGet": true,
          "IsSet": true
        },
        {
          "Name": "VertexNormalFormat",
          "Type": "DirectXPixelFormat",
          "IsGet": true,
          "IsSet": true
        },
        {
          "Name": "TriangleIndexFormat",
          "Type": "DirectXPixelFormat",
          "IsGet": true,
          "IsSet": true
        },
        {
          "Name": "IncludeVertexNormals",
          "Type": "Boolean",
          "IsGet": true,
          "IsSet": true
        },
        {
          "Name": "SupportedTriangleIndexFormats",
          "Type": "IReadOnlyList<DirectXPixelFormat>",
          "IsStatic": true,
          "IsGet": true
        },
        {
          "Name": "SupportedVertexNormalFormats",
          "Type": "IReadOnlyList<DirectXPixelFormat>",
          "IsStatic": true,
          "IsGet": true
        },
        {
          "Name": "SupportedVertexPositionFormats",
          "Type": "IReadOnlyList<DirectXPixelFormat>",
          "IsStatic": true,
          "IsGet": true
        }
      ]
    },
    {
      "Name": "Windows.Perception.Spatial.Surfaces.SpatialSurfaceObserver",
      "IsSealed": true,
      "Methods": [
        {
          "Name": "GetObservedSurfaces",
          "ReturnType": "IReadOnlyDictionary<Guid,SpatialSurfaceInfo>"
        },
        {
          "Name": "SetBoundingVolume",
          "ReturnType": "Void",
          "Parameters": [
            {
              "Name": "bounds",
              "Type": "SpatialBoundingVolume"
            }
          ]
        },
        {
          "Name": "SetBoundingVolumes",
          "ReturnType": "Void",
          "Parameters": [
            {
              "Name": "bounds",
              "Type": "IEnumerable<SpatialBoundingVolume>"
            }
          ]
        },
        {
          "Name": "IsSupported",
          "IsStatic": true,
          "ReturnType": "Boolean"
        },
        {
          "Name": "RequestAccessAsync",
          "IsStatic": true,
          "ReturnType": "IAsyncOperation<SpatialPerceptionAccessStatus>"
        }
      ],
      "Events": [
        {
          "Name": "ObservedSurfacesChanged",
          "Type": "TypedEventHandler<SpatialSurfaceObserver,Object>"
        }
      ]
    }
  ]
}