{
  "Name": "Windows.Perception, Version=255.255.255.255, Culture=neutral, PublicKeyToken=null, ContentType=WindowsRuntime",
  "Enums": [
    {
      "Name": "Windows.Perception.Spatial.SpatialPerceptionAccessStatus",
      "BaseType": "Int32",
      "Values": [
        {
          "Name": "Unspecified",
          "Value": "0"
        },
        {
          "Name": "Allowed",
          "Value": "1"
        },
        {
          "Name": "DeniedByUser",
          "Value": "2"
        },
        {
          "Name": "DeniedBySystem",
          "Value": "3"
        }
      ]
    },
    {
      "Name": "Windows.Perception.Spatial.SpatialLocatability",
      "BaseType": "Int32",
      "Values": [
        {
          "Name": "Unavailable",
          "Value": "0"
        },
        {
          "Name": "OrientationOnly",
          "Value": "1"
        },
        {
          "Name": "PositionalTrackingActivating",
          "Value": "2"
        },
        {
          "Name": "PositionalTrackingActive",
          "Value": "3"
        },
        {
          "Name": "PositionalTrackingInhibited",
          "Value": "4"
        }
      ]
    },
    {
      "Name": "Windows.Perception.Spatial.Preview.SpatialAnchorStorageContentChange",
      "BaseType": "Int32",
      "Values": [
        {
          "Name": "SpatialAnchorInserted",
          "Value": "0"
        },
        {
          "Name": "SpatialAnchorRemoved",
          "Value": "1"
        },
        {
          "Name": "SpatialAnchorChanged",
          "Value": "2"
        }
      ]
    },
    {
      "Name": "Windows.Perception.Spatial.Preview.Sharing.SpatialSharingSessionState",
      "BaseType": "Int32",
      "Values": [
        {
          "Name": "Disconnected",
          "Value": "0"
        },
        {
          "Name": "Authorizing",
          "Value": "1"
        },
        {
          "Name": "Connected",
          "Value": "2"
        },
        {
          "Name": "Error",
          "Value": "3"
        }
      ]
    }
  ],
  "Interfaces": [
    {
      "Name": "Windows.Perception.Spatial.Preview.IPlaySpaceFrameOfReferenceStatics",
      "Methods": [
        {
          "Name": "TryGetAtCurrentLocation",
          "ReturnType": "PlaySpaceFrameOfReference"
        }
      ]
    },
    {
      "Name": "Windows.Perception.Spatial.Preview.ISpatialAnchorStorage",
      "Methods": [
        {
          "Name": "GetAnchorIdsAndMetadataAsync",
          "ReturnType": "IAsyncOperation<IReadOnlyDictionary<Guid,SpatialAnchorMetadata>>"
        },
        {
          "Name": "GetAnchorsAsync",
          "ReturnType": "IAsyncOperation<IReadOnlyList<SpatialAnchor>>",
          "Parameters": [
            {
              "Name": "pAnchorIds",
              "Type": "IReadOnlyList<Guid>"
            }
          ]
        },
        {
          "Name": "GetAnchorAsync",
          "ReturnType": "IAsyncOperation<SpatialAnchor>",
          "Parameters": [
            {
              "Name": "anchorId",
              "Type": "Guid"
            }
          ]
        },
        {
          "Name": "InsertAnchorAsync",
          "ReturnType": "IAsyncAction",
          "Parameters": [
            {
              "Name": "pAnchor",
              "Type": "SpatialAnchor"
            },
            {
              "Name": "pAnchorMetadata",
              "Type": "SpatialAnchorMetadata"
            }
          ]
        },
        {
          "Name": "RemoveAnchorByIdAsync",
          "ReturnType": "IAsyncAction",
          "Parameters": [
            {
              "Name": "anchorId",
              "Type": "Guid"
            }
          ]
        },
        {
          "Name": "SetAnchorMetadataAsync",
          "ReturnType": "IAsyncAction",
          "Parameters": [
            {
              "Name": "anchorId",
              "Type": "Guid"
            },
            {
              "Name": "pMetadata",
              "Type": "SpatialAnchorMetadata"
            }
          ]
        },
        {
          "Name": "GetAnchorMetadataAsync",
          "ReturnType": "IAsyncOperation<SpatialAnchorMetadata>",
          "Parameters": [
            {
              "Name": "anchorId",
              "Type": "Guid"
            }
          ]
        }
      ],
      "Events": [
        {
          "Name": "ContentChanged",
          "Type": "TypedEventHandler<ISpatialAnchorStorage,SpatialAnchorStorageContentChangedEventArgs>"
        }
      ]
    },
    {
      "Name": "Windows.Perception.Spatial.Preview.Sharing.ISpatialSharingSessionHost",
      "Methods": [
        {
          "Name": "AddParticipant",
          "ReturnType": "Void",
          "Parameters": [
            {
              "Name": "pParticipant",
              "Type": "SpatialSharingSessionParticipant"
            }
          ]
        },
        {
          "Name": "RemoveParticipant",
          "ReturnType": "Void",
          "Parameters": [
            {
              "Name": "pParticipant",
              "Type": "SpatialSharingSessionParticipant"
            }
          ]
        }
      ],
      "Events": [
        {
          "Name": "ParticipantJoining",
          "Type": "TypedEventHandler<ISpatialSharingSessionHost,SessionParticipantEventArgs>"
        }
      ]
    },
    {
      "Name": "Windows.Perception.Spatial.Preview.Sharing.ISpatialSharingSessionManager",
      "Methods": [
        {
          "Name": "QueryDevicesAsync",
          "ReturnType": "IAsyncOperation<SpatialSharingQueryResult>"
        },
        {
          "Name": "CreateSessionAsHost",
          "ReturnType": "ISpatialSharingSession",
          "Parameters": [
            {
              "Name": "pDisplayName",
              "Type": "String"
            }
          ]
        },
        {
          "Name": "CreateSessionFromToken",
          "ReturnType": "ISpatialSharingSession",
          "Parameters": [
            {
              "Name": "pToken",
              "Type": "SpatialSharingSessionToken"
            }
          ]
        },
        {
          "Name": "GetCurrentSession",
          "ReturnType": "ISpatialSharingSession"
        }
      ],
      "Events": [
        {
          "Name": "CurrentSessionChanged",
          "Type": "TypedEventHandler<ISpatialSharingSessionManager,SessionChangedEventArgs>"
        },
        {
          "Name": "InviteReceived",
          "Type": "TypedEventHandler<ISpatialSharingSessionManager,SessionInviteReceivedEventArgs>"
        }
      ]
    },
    {
      "Name": "Windows.Perception.Spatial.Preview.Sharing.ISpatialSharingSession",
      "Properties": [
        {
          "Name": "Id",
          "Type": "Guid",
          "IsGet": true
        },
        {
          "Name": "IsHost",
          "Type": "Boolean",
          "IsGet": true
        },
        {
          "Name": "SessionName",
          "Type": "String",
          "IsGet": true
        },
        {
          "Name": "SharedSpatialAnchors",
          "Type": "ISpatialAnchorStorage",
          "IsGet": true
        },
        {
          "Name": "State",
          "Type": "SpatialSharingSessionState",
          "IsGet": true
        }
      ],
      "Methods": [
        {
          "Name": "ConnectAsync",
          "ReturnType": "IAsyncAction"
        },
        {
          "Name": "DisconnectAsync",
          "ReturnType": "IAsyncAction"
        },
        {
          "Name": "GetHostForSession",
          "ReturnType": "ISpatialSharingSessionHost"
        },
        {
          "Name": "GetAllParticipants",
          "ReturnType": "IReadOnlyList<SpatialSharingSessionParticipant>"
        },
        {
          "Name": "InviteDevice",
          "ReturnType": "Void",
          "Parameters": [
            {
              "Name": "pDevice",
              "Type": "SpatialSharingDevice"
            }
          ]
        },
        {
          "Name": "SendDataAsync",
          "ReturnType": "IAsyncOperation<Boolean>",
          "Parameters": [
            {
              "Name": "pBuffer",
              "Type": "IBuffer"
            }
          ]
        },
        {
          "Name": "SendDataToParticipantAsync",
          "ReturnType": "IAsyncOperation<Boolean>",
          "Parameters": [
            {
              "Name": "pTarget",
              "Type": "SpatialSharingSessionParticipant"
            },
            {
              "Name": "pBuffer",
              "Type": "IBuffer"
            }
          ]
        }
      ],
      "Events": [
        {
          "Name": "MessageReceived",
          "Type": "TypedEventHandler<ISpatialSharingSession,SessionMessageReceivedEventArgs>"
        },
        {
          "Name": "ParticipantJoined",
          "Type": "TypedEventHandler<ISpatialSharingSession,SessionParticipantEventArgs>"
        },
        {
          "Name": "ParticipantLeft",
          "Type": "TypedEventHandler<ISpatialSharingSession,SessionParticipantLeftEventArgs>"
        },
        {
          "Name": "SessionStateChanged",
          "Type": "TypedEventHandler<ISpatialSharingSession,SpatialSharingSessionState>"
        }
      ]
    }
  ],
  "Structs": [
    {
      "Name": "Windows.Perception.Spatial.SpatialBoundingFrustum",
      "Fields": [
        {
          "Name": "Near",
          "Type": "Plane"
        },
        {
          "Name": "Far",
          "Type": "Plane"
        },
        {
          "Name": "Right",
          "Type": "Plane"
        },
        {
          "Name": "Left",
          "Type": "Plane"
        },
        {
          "Name": "Top",
          "Type": "Plane"
        },
        {
          "Name": "Bottom",
          "Type": "Plane"
        }
      ]
    },
    {
      "Name": "Windows.Perception.Spatial.SpatialBoundingBox",
      "Fields": [
        {
          "Name": "Center",
          "Type": "Vector3"
        },
        {
          "Name": "Extents",
          "Type": "Vector3"
        }
      ]
    },
    {
      "Name": "Windows.Perception.Spatial.SpatialBoundingOrientedBox",
      "Fields": [
        {
          "Name": "Center",
          "Type": "Vector3"
        },
        {
          "Name": "Extents",
          "Type": "Vector3"
        },
        {
          "Name": "Orientation",
          "Type": "Quaternion"
        }
      ]
    },
    {
      "Name": "Windows.Perception.Spatial.SpatialBoundingSphere",
      "Fields": [
        {
          "Name": "Center",
          "Type": "Vector3"
        },
        {
          "Name": "Radius",
          "Type": "Single"
        }
      ]
    },
    {
      "Name": "Windows.Perception.Automation.Core.PerceptionAutomationCoreContract"
    }
  ],
  "Classes": [
    {
      "Name": "Windows.Perception.PerceptionTimestamp",
      "IsSealed": true,
      "Properties": [
        {
          "Name": "PredictionAmount",
          "Type": "TimeSpan",
          "IsGet": true
        },
        {
          "Name": "TargetTime",
          "Type": "DateTimeOffset",
          "IsGet": true
        }
      ]
    },
    {
      "Name": "Windows.Perception.Spatial.SpatialCoordinateSystem",
      "IsSealed": true,
      "Methods": [
        {
          "Name": "TryGetTransformTo",
          "ReturnType": "Nullable<Matrix4x4>",
          "Parameters": [
            {
              "Name": "target",
              "Type": "SpatialCoordinateSystem"
            }
          ]
        }
      ]
    },
    {
      "Name": "Windows.Perception.PerceptionTimestampHelper",
      "IsStatic": true,
      "Methods": [
        {
          "Name": "FromHistoricalTargetTime",
          "IsStatic": true,
          "ReturnType": "PerceptionTimestamp",
          "Parameters": [
            {
              "Name": "targetTime",
              "Type": "DateTimeOffset"
            }
          ]
        }
      ]
    },
    {
      "Name": "Windows.Perception.Spatial.SpatialAnchor",
      "IsSealed": true,
      "Properties": [
        {
          "Name": "CoordinateSystem",
          "Type": "SpatialCoordinateSystem",
          "IsGet": true
        },
        {
          "Name": "RawCoordinateSystem",
          "Type": "SpatialCoordinateSystem",
          "IsGet": true
        },
        {
          "Name": "RemovedByUser",
          "Type": "Boolean",
          "IsGet": true
        }
      ],
      "Methods": [
        {
          "Name": "TryCreateRelativeTo",
          "IsStatic": true,
          "ReturnType": "SpatialAnchor",
          "Parameters": [
            {
              "Name": "coordinateSystem",
              "Type": "SpatialCoordinateSystem"
            }
          ]
        },
        {
          "Name": "TryCreateRelativeTo",
          "IsStatic": true,
          "ReturnType": "SpatialAnchor",
          "Parameters": [
            {
              "Name": "coordinateSystem",
              "Type": "SpatialCoordinateSystem"
            },
            {
              "Name": "position",
              "Type": "Vector3"
            }
          ]
        },
        {
          "Name": "TryCreateRelativeTo",
          "IsStatic": true,
          "ReturnType": "SpatialAnchor",
          "Parameters": [
            {
              "Name": "coordinateSystem",
              "Type": "SpatialCoordinateSystem"
            },
            {
              "Name": "position",
              "Type": "Vector3"
            },
            {
              "Name": "orientation",
              "Type": "Quaternion"
            }
          ]
        }
      ],
      "Events": [
        {
          "Name": "RawCoordinateSystemAdjusted",
          "Type": "TypedEventHandler<SpatialAnchor,SpatialAnchorRawCoordinateSystemAdjustedEventArgs>"
        }
      ]
    },
    {
      "Name": "Windows.Perception.Spatial.SpatialAnchorRawCoordinateSystemAdjustedEventArgs",
      "IsSealed": true,
      "Properties": [
        {
          "Name": "OldRawCoordinateSystemToNewRawCoordinateSystemTransform",
          "Type": "Matrix4x4",
          "IsGet": true
        }
      ]
    },
    {
      "Name": "Windows.Perception.Spatial.SpatialAnchorStore",
      "IsSealed": true,
      "Methods": [
        {
          "Name": "GetAllSavedAnchors",
          "ReturnType": "IReadOnlyDictionary<String,SpatialAnchor>"
        },
        {
          "Name": "TrySave",
          "ReturnType": "Boolean",
          "Parameters": [
            {
              "Name": "id",
              "Type": "String"
            },
            {
              "Name": "anchor",
              "Type": "SpatialAnchor"
            }
          ]
        },
        {
          "Name": "Remove",
          "ReturnType": "Void",
          "Parameters": [
            {
              "Name": "id",
              "Type": "String"
            }
          ]
        },
        {
          "Name": "Clear",
          "ReturnType": "Void"
        }
      ]
    },
    {
      "Name": "Windows.Perception.Spatial.SpatialLocator",
      "IsSealed": true,
      "Properties": [
        {
          "Name": "Locatability",
          "Type": "SpatialLocatability",
          "IsGet": true
        }
      ],
      "Methods": [
        {
          "Name": "TryLocateAtTimestamp",
          "ReturnType": "SpatialLocation",
          "Parameters": [
            {
              "Name": "timestamp",
              "Type": "PerceptionTimestamp"
            },
            {
              "Name": "coordinateSystem",
              "Type": "SpatialCoordinateSystem"
            }
          ]
        },
        {
          "Name": "CreateAttachedFrameOfReferenceAtCurrentHeading",
          "ReturnType": "SpatialLocatorAttachedFrameOfReference"
        },
        {
          "Name": "CreateAttachedFrameOfReferenceAtCurrentHeading",
          "ReturnType": "SpatialLocatorAttachedFrameOfReference",
          "Parameters": [
            {
              "Name": "relativePosition",
              "Type": "Vector3"
            }
          ]
        },
        {
          "Name": "CreateAttachedFrameOfReferenceAtCurrentHeading",
          "ReturnType": "SpatialLocatorAttachedFrameOfReference",
          "Parameters": [
            {
              "Name": "relativePosition",
              "Type": "Vector3"
            },
            {
              "Name": "relativeOrientation",
              "Type": "Quaternion"
            }
          ]
        },
        {
          "Name": "CreateAttachedFrameOfReferenceAtCurrentHeading",
          "ReturnType": "SpatialLocatorAttachedFrameOfReference",
          "Parameters": [
            {
              "Name": "relativePosition",
              "Type": "Vector3"
            },
            {
              "Name": "relativeOrientation",
              "Type": "Quaternion"
            },
            {
              "Name": "relativeHeadingInRadians",
              "Type": "Double"
            }
          ]
        },
        {
          "Name": "CreateStationaryFrameOfReferenceAtCurrentLocation",
          "ReturnType": "SpatialStationaryFrameOfReference"
        },
        {
          "Name": "CreateStationaryFrameOfReferenceAtCurrentLocation",
          "ReturnType": "SpatialStationaryFrameOfReference",
          "Parameters": [
            {
              "Name": "relativePosition",
              "Type": "Vector3"
            }
          ]
        },
        {
          "Name": "CreateStationaryFrameOfReferenceAtCurrentLocation",
          "ReturnType": "SpatialStationaryFrameOfReference",
          "Parameters": [
            {
              "Name": "relativePosition",
              "Type": "Vector3"
            },
            {
              "Name": "relativeOrientation",
              "Type": "Quaternion"
            }
          ]
        },
        {
          "Name": "CreateStationaryFrameOfReferenceAtCurrentLocation",
          "ReturnType": "SpatialStationaryFrameOfReference",
          "Parameters": [
            {
              "Name": "relativePosition",
              "Type": "Vector3"
            },
            {
              "Name": "relativeOrientation",
              "Type": "Quaternion"
            },
            {
              "Name": "relativeHeadingInRadians",
              "Type": "Double"
            }
          ]
        },
        {
          "Name": "GetDefault",
          "IsStatic": true,
          "ReturnType": "SpatialLocator"
        }
      ],
      "Events": [
        {
          "Name": "LocatabilityChanged",
          "Type": "TypedEventHandler<SpatialLocator,Object>"
        },
        {
          "Name": "PositionalTrackingDeactivating",
          "Type": "TypedEventHandler<SpatialLocator,SpatialLocatorPositionalTrackingDeactivatingEventArgs>"
        }
      ]
    },
    {
      "Name": "Windows.Perception.Spatial.SpatialLocatorPositionalTrackingDeactivatingEventArgs",
      "IsSealed": true,
      "Properties": [
        {
          "Name": "Canceled",
          "Type": "Boolean",
          "IsGet": true,
          "IsSet": true
        }
      ]
    },
    {
      "Name": "Windows.Perception.Spatial.SpatialLocation",
      "IsSealed": true,
      "Properties": [
        {
          "Name": "AbsoluteAngularAcceleration",
          "Type": "Quaternion",
          "IsGet": true
        },
        {
          "Name": "AbsoluteAngularVelocity",
          "Type": "Quaternion",
          "IsGet": true
        },
        {
          "Name": "AbsoluteLinearAcceleration",
          "Type": "Vector3",
          "IsGet": true
        },
        {
          "Name": "AbsoluteLinearVelocity",
          "Type": "Vector3",
          "IsGet": true
        },
        {
          "Name": "Orientation",
          "Type": "Quaternion",
          "IsGet": true
        },
        {
          "Name": "Position",
          "Type": "Vector3",
          "IsGet": true
        }
      ]
    },
    {
      "Name": "Windows.Perception.Spatial.SpatialLocatorAttachedFrameOfReference",
      "IsSealed": true,
      "Properties": [
        {
          "Name": "RelativePosition",
          "Type": "Vector3",
          "IsGet": true,
          "IsSet": true
        },
        {
          "Name": "RelativeOrientation",
          "Type": "Quaternion",
          "IsGet": true,
          "IsSet": true
        }
      ],
      "Methods": [
        {
          "Name": "AdjustHeading",
          "ReturnType": "Void",
          "Parameters": [
            {
              "Name": "headingOffsetInRadians",
              "Type": "Double"
            }
          ]
        },
        {
          "Name": "GetStationaryCoordinateSystemAtTimestamp",
          "ReturnType": "SpatialCoordinateSystem",
          "Parameters": [
            {
              "Name": "timestamp",
              "Type": "PerceptionTimestamp"
            }
          ]
        },
        {
          "Name": "TryGetRelativeHeadingAtTimestamp",
          "ReturnType": "Nullable<Double>",
          "Parameters": [
            {
              "Name": "timestamp",
              "Type": "PerceptionTimestamp"
            }
          ]
        }
      ]
    },
    {
      "Name": "Windows.Perception.Spatial.SpatialStationaryFrameOfReference",
      "IsSealed": true,
      "Properties": [
        {
          "Name": "CoordinateSystem",
          "Type": "SpatialCoordinateSystem",
          "IsGet": true
        }
      ]
    },
    {
      "Name": "Windows.Perception.Spatial.SpatialAnchorManager",
      "IsStatic": true,
      "Methods": [
        {
          "Name": "RequestStoreAsync",
          "IsStatic": true,
          "ReturnType": "IAsyncOperation<SpatialAnchorStore>"
        }
      ]
    },
    {
      "Name": "Windows.Perception.Spatial.SpatialAnchorTransferManager",
      "IsStatic": true,
      "Methods": [
        {
          "Name": "TryImportAnchorsAsync",
          "IsStatic": true,
          "ReturnType": "IAsyncOperation<IReadOnlyDictionary<String,SpatialAnchor>>",
          "Parameters": [
            {
              "Name": "stream",
              "Type": "IInputStream"
            }
          ]
        },
        {
          "Name": "TryExportAnchorsAsync",
          "IsStatic": true,
          "ReturnType": "IAsyncOperation<Boolean>",
          "Parameters": [
            {
              "Name": "anchors",
              "Type": "IEnumerable<KeyValuePair<String,SpatialAnchor>>"
            },
            {
              "Name": "stream",
              "Type": "IOutputStream"
            }
          ]
        },
        {
          "Name": "RequestAccessAsync",
          "IsStatic": true,
          "ReturnType": "IAsyncOperation<SpatialPerceptionAccessStatus>"
        }
      ]
    },
    {
      "Name": "Windows.Perception.Spatial.SpatialBoundingVolume",
      "IsSealed": true,
      "Methods": [
        {
          "Name": "FromBox",
          "IsStatic": true,
          "ReturnType": "SpatialBoundingVolume",
          "Parameters": [
            {
              "Name": "coordinateSystem",
              "Type": "SpatialCoordinateSystem"
            },
            {
              "Name": "box",
              "Type": "SpatialBoundingBox"
            }
          ]
        },
        {
          "Name": "FromOrientedBox",
          "IsStatic": true,
          "ReturnType": "SpatialBoundingVolume",
          "Parameters": [
            {
              "Name": "coordinateSystem",
              "Type": "SpatialCoordinateSystem"
            },
            {
              "Name": "box",
              "Type": "SpatialBoundingOrientedBox"
            }
          ]
        },
        {
          "Name": "FromSphere",
          "IsStatic": true,
          "ReturnType": "SpatialBoundingVolume",
          "Parameters": [
            {
              "Name": "coordinateSystem",
              "Type": "SpatialCoordinateSystem"
            },
            {
              "Name": "sphere",
              "Type": "SpatialBoundingSphere"
            }
          ]
        },
        {
          "Name": "FromFrustum",
          "IsStatic": true,
          "ReturnType": "SpatialBoundingVolume",
          "Parameters": [
            {
              "Name": "coordinateSystem",
              "Type": "SpatialCoordinateSystem"
            },
            {
              "Name": "frustum",
              "Type": "SpatialBoundingFrustum"
            }
          ]
        }
      ]
    },
    {
      "Name": "Windows.Perception.Spatial.Surfaces.SpatialSurfaceInfo",
      "IsSealed": true,
      "Properties": [
        {
          "Name": "Id",
          "Type": "Guid",
          "IsGet": true
        },
        {
          "Name": "UpdateTime",
          "Type": "DateTimeOffset",
          "IsGet": true
        }
      ],
      "Methods": [
        {
          "Name": "TryGetBounds",
          "ReturnType": "Nullable<SpatialBoundingOrientedBox>",
          "Parameters": [
            {
              "Name": "coordinateSystem",
              "Type": "SpatialCoordinateSystem"
            }
          ]
        },
        {
          "Name": "TryComputeLatestMeshAsync",
          "ReturnType": "IAsyncOperation<SpatialSurfaceMesh>",
          "Parameters": [
            {
              "Name": "maxTrianglesPerCubicMeter",
              "Type": "Double"
            }
          ]
        },
        {
          "Name": "TryComputeLatestMeshAsync",
          "ReturnType": "IAsyncOperation<SpatialSurfaceMesh>",
          "Parameters": [
            {
              "Name": "maxTrianglesPerCubicMeter",
              "Type": "Double"
            },
            {
              "Name": "options",
              "Type": "SpatialSurfaceMeshOptions"
            }
          ]
        }
      ]
    },
    {
      "Name": "Windows.Perception.Spatial.Surfaces.SpatialSurfaceMeshBuffer",
      "IsSealed": true,
      "Properties": [
        {
          "Name": "Data",
          "Type": "IBuffer",
          "IsGet": true
        },
        {
          "Name": "ElementCount",
          "Type": "UInt32",
          "IsGet": true
        },
        {
          "Name": "Format",
          "Type": "DirectXPixelFormat",
          "IsGet": true
        },
        {
          "Name": "Stride",
          "Type": "UInt32",
          "IsGet": true
        }
      ]
    },
    {
      "Name": "Windows.Perception.Spatial.Surfaces.SpatialSurfaceMesh",
      "IsSealed": true,
      "Properties": [
        {
          "Name": "CoordinateSystem",
          "Type": "SpatialCoordinateSystem",
          "IsGet": true
        },
        {
          "Name": "SurfaceInfo",
          "Type": "SpatialSurfaceInfo",
          "IsGet": true
        },
        {
          "Name": "TriangleIndices",
          "Type": "SpatialSurfaceMeshBuffer",
          "IsGet": true
        },
        {
          "Name": "VertexNormals",
          "Type": "SpatialSurfaceMeshBuffer",
          "IsGet": true
        },
        {
          "Name": "VertexPositionScale",
          "Type": "Vector3",
          "IsGet": true
        },
        {
          "Name": "VertexPositions",
          "Type": "SpatialSurfaceMeshBuffer",
          "IsGet": true
        }
      ]
    },
    {
      "Name": "Windows.Perception.Spatial.Surfaces.SpatialSurfaceMeshOptions",
      "IsSealed": true,
      "Properties": [
        {
          "Name": "VertexPositionFormat",
          "Type": "DirectXPixelFormat",
          "IsGet": true,
          "IsSet": true
        },
        {
          "Name": "VertexNormalFormat",
          "Type": "DirectXPixelFormat",
          "IsGet": true,
          "IsSet": true
        },
        {
          "Name": "TriangleIndexFormat",
          "Type": "DirectXPixelFormat",
          "IsGet": true,
          "IsSet": true
        },
        {
          "Name": "IncludeVertexNormals",
          "Type": "Boolean",
          "IsGet": true,
          "IsSet": true
        },
        {
          "Name": "SupportedTriangleIndexFormats",
          "Type": "IReadOnlyList<DirectXPixelFormat>",
          "IsStatic": true,
          "IsGet": true
        },
        {
          "Name": "SupportedVertexNormalFormats",
          "Type": "IReadOnlyList<DirectXPixelFormat>",
          "IsStatic": true,
          "IsGet": true
        },
        {
          "Name": "SupportedVertexPositionFormats",
          "Type": "IReadOnlyList<DirectXPixelFormat>",
          "IsStatic": true,
          "IsGet": true
        }
      ]
    },
    {
      "Name": "Windows.Perception.Spatial.Surfaces.SpatialSurfaceObserver",
      "IsSealed": true,
      "Methods": [
        {
          "Name": "GetObservedSurfaces",
          "ReturnType": "IReadOnlyDictionary<Guid,SpatialSurfaceInfo>"
        },
        {
          "Name": "SetBoundingVolume",
          "ReturnType": "Void",
          "Parameters": [
            {
              "Name": "bounds",
              "Type": "SpatialBoundingVolume"
            }
          ]
        },
        {
          "Name": "SetBoundingVolumes",
          "ReturnType": "Void",
          "Parameters": [
            {
              "Name": "bounds",
              "Type": "IEnumerable<SpatialBoundingVolume>"
            }
          ]
        },
        {
          "Name": "RequestAccessAsync",
          "IsStatic": true,
          "ReturnType": "IAsyncOperation<SpatialPerceptionAccessStatus>"
        }
      ],
      "Events": [
        {
          "Name": "ObservedSurfacesChanged",
          "Type": "TypedEventHandler<SpatialSurfaceObserver,Object>"
        }
      ]
    },
    {
      "Name": "Windows.Perception.Spatial.Preview.PlaySpaceFrameOfReference",
      "IsSealed": true,
      "Properties": [
        {
          "Name": "Bounds",
          "Type": "Vector2[]",
          "IsGet": true
        },
        {
          "Name": "CoordinateSystem",
          "Type": "SpatialCoordinateSystem",
          "IsGet": true
        }
      ],
      "Methods": [
        {
          "Name": "TryGetAtCurrentLocation",
          "IsStatic": true,
          "ReturnType": "PlaySpaceFrameOfReference"
        }
      ]
    },
    {
      "Name": "Windows.Perception.Spatial.Preview.SpatialAnchorMetadata",
      "IsSealed": true,
      "Properties": [
        {
          "Name": "CustomProperties",
          "Type": "ValueSet",
          "IsGet": true
        },
        {
          "Name": "Id",
          "Type": "Guid",
          "IsGet": true
        }
      ]
    },
    {
      "Name": "Windows.Perception.Spatial.Preview.SpatialAnchorStorageContentChangedEventArgs",
      "IsSealed": true,
      "Properties": [
        {
          "Name": "Change",
          "Type": "SpatialAnchorStorageContentChange",
          "IsGet": true
        },
        {
          "Name": "SourceParticipantId",
          "Type": "Guid",
          "IsGet": true
        },
        {
          "Name": "SpatialAnchorId",
          "Type": "Guid",
          "IsGet": true
        }
      ]
    },
    {
      "Name": "Windows.Perception.Spatial.Preview.Sharing.SpatialSharingSessionToken",
      "IsSealed": true,
      "Properties": [
        {
          "Name": "HostAddress",
          "Type": "HostName",
          "IsGet": true
        },
        {
          "Name": "SessionId",
          "Type": "Guid",
          "IsGet": true
        },
        {
          "Name": "SessionName",
          "Type": "String",
          "IsGet": true
        }
      ]
    },
    {
      "Name": "Windows.Perception.Spatial.Preview.Sharing.SpatialSharingDevice",
      "IsSealed": true,
      "Properties": [
        {
          "Name": "Address",
          "Type": "HostName",
          "IsGet": true
        },
        {
          "Name": "DeviceName",
          "Type": "String",
          "IsGet": true
        },
        {
          "Name": "SessionToken",
          "Type": "SpatialSharingSessionToken",
          "IsGet": true
        }
      ]
    },
    {
      "Name": "Windows.Perception.Spatial.Preview.Sharing.SpatialSharingQueryResult",
      "IsSealed": true,
      "Properties": [
        {
          "Name": "DiscoveredDevices",
          "Type": "IReadOnlyList<SpatialSharingDevice>",
          "IsGet": true
        }
      ]
    },
    {
      "Name": "Windows.Perception.Spatial.Preview.Sharing.SpatialSharingSessionParticipant",
      "IsSealed": true,
      "Properties": [
        {
          "Name": "Address",
          "Type": "String",
          "IsGet": true
        },
        {
          "Name": "DisplayName",
          "Type": "String",
          "IsGet": true
        },
        {
          "Name": "ParticipantId",
          "Type": "Guid",
          "IsGet": true
        }
      ]
    },
    {
      "Name": "Windows.Perception.Spatial.Preview.Sharing.SessionParticipantEventArgs",
      "IsSealed": true,
      "Properties": [
        {
          "Name": "Participant",
          "Type": "SpatialSharingSessionParticipant",
          "IsGet": true
        }
      ]
    },
    {
      "Name": "Windows.Perception.Spatial.Preview.Sharing.SpatialSharingSessionHost",
      "IsSealed": true,
      "Interfaces": [
        "ISpatialSharingSessionHost"
      ],
      "Methods": [
        {
          "Name": "AddParticipant",
          "ReturnType": "Void",
          "Parameters": [
            {
              "Name": "pParticipant",
              "Type": "SpatialSharingSessionParticipant"
            }
          ]
        },
        {
          "Name": "RemoveParticipant",
          "ReturnType": "Void",
          "Parameters": [
            {
              "Name": "pParticipant",
              "Type": "SpatialSharingSessionParticipant"
            }
          ]
        }
      ],
      "Events": [
        {
          "Name": "ParticipantJoining",
          "Type": "TypedEventHandler<ISpatialSharingSessionHost,SessionParticipantEventArgs>"
        }
      ]
    },
    {
      "Name": "Windows.Perception.Spatial.Preview.Sharing.SpatialSharingSessionInvite",
      "IsSealed": true,
      "Properties": [
        {
          "Name": "DateCreated",
          "Type": "DateTimeOffset",
          "IsGet": true
        },
        {
          "Name": "Sender",
          "Type": "String",
          "IsGet": true
        },
        {
          "Name": "SessionToken",
          "Type": "SpatialSharingSessionToken",
          "IsGet": true
        }
      ]
    },
    {
      "Name": "Windows.Perception.Spatial.Preview.Sharing.SessionParticipantLeftEventArgs",
      "IsSealed": true,
      "Properties": [
        {
          "Name": "ParticipantId",
          "Type": "Guid",
          "IsGet": true
        }
      ]
    },
    {
      "Name": "Windows.Perception.Spatial.Preview.Sharing.SessionMessageReceivedEventArgs",
      "IsSealed": true,
      "Properties": [
        {
          "Name": "Data",
          "Type": "IBuffer",
          "IsGet": true
        },
        {
          "Name": "SourceParticipantId",
          "Type": "Guid",
          "IsGet": true
        }
      ]
    },
    {
      "Name": "Windows.Perception.Spatial.Preview.Sharing.SessionChangedEventArgs",
      "IsSealed": true,
      "Properties": [
        {
          "Name": "Session",
          "Type": "SpatialSharingSession",
          "IsGet": true
        }
      ]
    },
    {
      "Name": "Windows.Perception.Spatial.Preview.Sharing.SessionInviteReceivedEventArgs",
      "IsSealed": true,
      "Properties": [
        {
          "Name": "Invite",
          "Type": "SpatialSharingSessionInvite",
          "IsGet": true
        }
      ]
    },
    {
      "Name": "Windows.Perception.Spatial.Preview.Sharing.SpatialSharingSessionManager",
      "IsSealed": true,
      "Interfaces": [
        "ISpatialSharingSessionManager"
      ],
      "Methods": [
        {
          "Name": "QueryDevicesAsync",
          "ReturnType": "IAsyncOperation<SpatialSharingQueryResult>"
        },
        {
          "Name": "CreateSessionAsHost",
          "ReturnType": "ISpatialSharingSession",
          "Parameters": [
            {
              "Name": "pDisplayName",
              "Type": "String"
            }
          ]
        },
        {
          "Name": "CreateSessionFromToken",
          "ReturnType": "ISpatialSharingSession",
          "Parameters": [
            {
              "Name": "pToken",
              "Type": "SpatialSharingSessionToken"
            }
          ]
        },
        {
          "Name": "GetCurrentSession",
          "ReturnType": "ISpatialSharingSession"
        },
        {
          "Name": "GetDefault",
          "IsStatic": true,
          "ReturnType": "ISpatialSharingSessionManager"
        }
      ],
      "Events": [
        {
          "Name": "CurrentSessionChanged",
          "Type": "TypedEventHandler<ISpatialSharingSessionManager,SessionChangedEventArgs>"
        },
        {
          "Name": "InviteReceived",
          "Type": "TypedEventHandler<ISpatialSharingSessionManager,SessionInviteReceivedEventArgs>"
        }
      ]
    },
    {
      "Name": "Windows.Perception.Spatial.Preview.Sharing.SpatialSharingSession",
      "IsSealed": true,
      "Interfaces": [
        "ISpatialSharingSession",
        "ISpatialAnchorStorage"
      ],
      "Properties": [
        {
          "Name": "Id",
          "Type": "Guid",
          "IsGet": true
        },
        {
          "Name": "IsHost",
          "Type": "Boolean",
          "IsGet": true
        },
        {
          "Name": "SessionName",
          "Type": "String",
          "IsGet": true
        },
        {
          "Name": "SharedSpatialAnchors",
          "Type": "ISpatialAnchorStorage",
          "IsGet": true
        },
        {
          "Name": "State",
          "Type": "SpatialSharingSessionState",
          "IsGet": true
        }
      ],
      "Methods": [
        {
          "Name": "ConnectAsync",
          "ReturnType": "IAsyncAction"
        },
        {
          "Name": "DisconnectAsync",
          "ReturnType": "IAsyncAction"
        },
        {
          "Name": "GetHostForSession",
          "ReturnType": "ISpatialSharingSessionHost"
        },
        {
          "Name": "GetAllParticipants",
          "ReturnType": "IReadOnlyList<SpatialSharingSessionParticipant>"
        },
        {
          "Name": "InviteDevice",
          "ReturnType": "Void",
          "Parameters": [
            {
              "Name": "pDevice",
              "Type": "SpatialSharingDevice"
            }
          ]
        },
        {
          "Name": "SendDataAsync",
          "ReturnType": "IAsyncOperation<Boolean>",
          "Parameters": [
            {
              "Name": "pBuffer",
              "Type": "IBuffer"
            }
          ]
        },
        {
          "Name": "SendDataToParticipantAsync",
          "ReturnType": "IAsyncOperation<Boolean>",
          "Parameters": [
            {
              "Name": "pTarget",
              "Type": "SpatialSharingSessionParticipant"
            },
            {
              "Name": "pBuffer",
              "Type": "IBuffer"
            }
          ]
        },
        {
          "Name": "GetAnchorIdsAndMetadataAsync",
          "ReturnType": "IAsyncOperation<IReadOnlyDictionary<Guid,SpatialAnchorMetadata>>"
        },
        {
          "Name": "GetAnchorsAsync",
          "ReturnType": "IAsyncOperation<IReadOnlyList<SpatialAnchor>>",
          "Parameters": [
            {
              "Name": "pAnchorIds",
              "Type": "IReadOnlyList<Guid>"
            }
          ]
        },
        {
          "Name": "GetAnchorAsync",
          "ReturnType": "IAsyncOperation<SpatialAnchor>",
          "Parameters": [
            {
              "Name": "anchorId",
              "Type": "Guid"
            }
          ]
        },
        {
          "Name": "InsertAnchorAsync",
          "ReturnType": "IAsyncAction",
          "Parameters": [
            {
              "Name": "pAnchor",
              "Type": "SpatialAnchor"
            },
            {
              "Name": "pAnchorMetadata",
              "Type": "SpatialAnchorMetadata"
            }
          ]
        },
        {
          "Name": "RemoveAnchorByIdAsync",
          "ReturnType": "IAsyncAction",
          "Parameters": [
            {
              "Name": "anchorId",
              "Type": "Guid"
            }
          ]
        },
        {
          "Name": "SetAnchorMetadataAsync",
          "ReturnType": "IAsyncAction",
          "Parameters": [
            {
              "Name": "anchorId",
              "Type": "Guid"
            },
            {
              "Name": "pMetadata",
              "Type": "SpatialAnchorMetadata"
            }
          ]
        },
        {
          "Name": "GetAnchorMetadataAsync",
          "ReturnType": "IAsyncOperation<SpatialAnchorMetadata>",
          "Parameters": [
            {
              "Name": "anchorId",
              "Type": "Guid"
            }
          ]
        }
      ],
      "Events": [
        {
          "Name": "MessageReceived",
          "Type": "TypedEventHandler<ISpatialSharingSession,SessionMessageReceivedEventArgs>"
        },
        {
          "Name": "ParticipantJoined",
          "Type": "TypedEventHandler<ISpatialSharingSession,SessionParticipantEventArgs>"
        },
        {
          "Name": "ParticipantLeft",
          "Type": "TypedEventHandler<ISpatialSharingSession,SessionParticipantLeftEventArgs>"
        },
        {
          "Name": "SessionStateChanged",
          "Type": "TypedEventHandler<ISpatialSharingSession,SpatialSharingSessionState>"
        },
        {
          "Name": "ContentChanged",
          "Type": "TypedEventHandler<ISpatialAnchorStorage,SpatialAnchorStorageContentChangedEventArgs>"
        }
      ]
    },
    {
      "Name": "Windows.Perception.Spatial.Preview.SpatialElement",
      "IsSealed": true,
      "Constructors": [
        {
          "Parameters": [
            {
              "Name": "spatialAnchor",
              "Type": "SpatialAnchor"
            }
          ]
        },
        {
          "Parameters": [
            {
              "Name": "spatialAnchor",
              "Type": "SpatialAnchor"
            },
            {
              "Name": "propertySet",
              "Type": "ValueSet"
            }
          ]
        }
      ],
      "Properties": [
        {
          "Name": "Id",
          "Type": "String",
          "IsGet": true
        },
        {
          "Name": "Properties",
          "Type": "ValueSet",
          "IsGet": true
        }
      ],
      "Methods": [
        {
          "Name": "GetSpatialAnchorAsync",
          "ReturnType": "IAsyncOperation<SpatialAnchor>"
        }
      ]
    },
    {
      "Name": "Windows.Perception.Spatial.Preview.SpatialElementChangedEventArgs",
      "IsSealed": true,
      "Properties": [
        {
          "Name": "CollectionChange",
          "Type": "CollectionChange",
          "IsGet": true
        },
        {
          "Name": "SpatialElement",
          "Type": "SpatialElement",
          "IsGet": true
        }
      ]
    },
    {
      "Name": "Windows.Perception.Spatial.Preview.SpatialElementStore",
      "IsSealed": true,
      "Properties": [
        {
          "Name": "SpatialElements",
          "Type": "IReadOnlyList<SpatialElement>",
          "IsGet": true
        }
      ],
      "Methods": [
        {
          "Name": "SaveAsync",
          "ReturnType": "IAsyncAction",
          "Parameters": [
            {
              "Name": "spatialElement",
              "Type": "SpatialElement"
            }
          ]
        },
        {
          "Name": "RemoveAsync",
          "ReturnType": "IAsyncAction",
          "Parameters": [
            {
              "Name": "spatialElement",
              "Type": "SpatialElement"
            }
          ]
        },
        {
          "Name": "Create",
          "IsStatic": true,
          "ReturnType": "SpatialElementStore",
          "Parameters": [
            {
              "Name": "remoteSession",
              "Type": "RemoteSession"
            }
          ]
        }
      ],
      "Events": [
        {
          "Name": "SpatialElementsChanged",
          "Type": "TypedEventHandler<SpatialElementStore,SpatialElementChangedEventArgs>"
        }
      ]
    },
    {
      "Name": "Windows.Perception.People.HeadPose",
      "IsSealed": true,
      "Properties": [
        {
          "Name": "ForwardDirection",
          "Type": "Vector3",
          "IsGet": true
        },
        {
          "Name": "Position",
          "Type": "Vector3",
          "IsGet": true
        },
        {
          "Name": "UpDirection",
          "Type": "Vector3",
          "IsGet": true
        }
      ]
    },
    {
      "Name": "Windows.Perception.Automation.Core.CorePerceptionAutomation",
      "IsStatic": true,
      "Methods": [
        {
          "Name": "SetActivationFactoryProvider",
          "IsStatic": true,
          "ReturnType": "Void",
          "Parameters": [
            {
              "Name": "provider",
              "Type": "IGetActivationFactory"
            }
          ]
        }
      ]
    }
  ]
}