{
  "Name": "Windows.AI, Version=255.255.255.255, Culture=neutral, PublicKeyToken=null, ContentType=WindowsRuntime",
  "Enums": [
    {
      "Name": "Windows.AI.MachineLearning.Preview.FeatureElementKindPreview",
      "BaseType": "Int32",
      "Values": [
        {
          "Name": "Undefined",
          "Value": "0"
        },
        {
          "Name": "Float",
          "Value": "1"
        },
        {
          "Name": "UInt8",
          "Value": "2"
        },
        {
          "Name": "Int8",
          "Value": "3"
        },
        {
          "Name": "UInt16",
          "Value": "4"
        },
        {
          "Name": "Int16",
          "Value": "5"
        },
        {
          "Name": "Int32",
          "Value": "6"
        },
        {
          "Name": "Int64",
          "Value": "7"
        },
        {
          "Name": "String",
          "Value": "8"
        },
        {
          "Name": "Boolean",
          "Value": "9"
        },
        {
          "Name": "Float16",
          "Value": "10"
        },
        {
          "Name": "Double",
          "Value": "11"
        },
        {
          "Name": "UInt32",
          "Value": "12"
        },
        {
          "Name": "UInt64",
          "Value": "13"
        },
        {
          "Name": "Complex64",
          "Value": "14"
        },
        {
          "Name": "Complex128",
          "Value": "15"
        }
      ]
    },
    {
      "Name": "Windows.AI.MachineLearning.Preview.LearningModelDeviceKindPreview",
      "BaseType": "Int32",
      "Values": [
        {
          "Name": "LearningDeviceAny",
          "Value": "0"
        },
        {
          "Name": "LearningDeviceCpu",
          "Value": "1"
        },
        {
          "Name": "LearningDeviceGpu",
          "Value": "2"
        },
        {
          "Name": "LearningDeviceNpu",
          "Value": "3"
        },
        {
          "Name": "LearningDeviceDsp",
          "Value": "4"
        },
        {
          "Name": "LearningDeviceFpga",
          "Value": "5"
        }
      ]
    },
    {
      "Name": "Windows.AI.MachineLearning.Preview.LearningModelFeatureKindPreview",
      "BaseType": "Int32",
      "Values": [
        {
          "Name": "Undefined",
          "Value": "0"
        },
        {
          "Name": "Tensor",
          "Value": "1"
        },
        {
          "Name": "Sequence",
          "Value": "2"
        },
        {
          "Name": "Map",
          "Value": "3"
        },
        {
          "Name": "Image",
          "Value": "4"
        }
      ]
    }
  ],
  "Interfaces": [
    {
      "Name": "Windows.AI.MachineLearning.Preview.ILearningModelVariableDescriptorPreview",
      "Properties": [
        {
          "Name": "Description",
          "Type": "String",
          "IsGet": true
        },
        {
          "Name": "IsRequired",
          "Type": "Boolean",
          "IsGet": true
        },
        {
          "Name": "ModelFeatureKind",
          "Type": "LearningModelFeatureKindPreview",
          "IsGet": true
        },
        {
          "Name": "Name",
          "Type": "String",
          "IsGet": true
        }
      ]
    }
  ],
  "Structs": [
    {
      "Name": "Windows.AI.MachineLearning.Preview.MachineLearningPreviewContract"
    }
  ],
  "Classes": [
    {
      "Name": "Windows.AI.MachineLearning.Preview.ImageVariableDescriptorPreview",
      "IsSealed": true,
      "Interfaces": [
        "ILearningModelVariableDescriptorPreview"
      ],
      "Properties": [
        {
          "Name": "BitmapPixelFormat",
          "Type": "BitmapPixelFormat",
          "IsGet": true
        },
        {
          "Name": "Height",
          "Type": "UInt32",
          "IsGet": true
        },
        {
          "Name": "Width",
          "Type": "UInt32",
          "IsGet": true
        },
        {
          "Name": "Description",
          "Type": "String",
          "IsGet": true
        },
        {
          "Name": "IsRequired",
          "Type": "Boolean",
          "IsGet": true
        },
        {
          "Name": "ModelFeatureKind",
          "Type": "LearningModelFeatureKindPreview",
          "IsGet": true
        },
        {
          "Name": "Name",
          "Type": "String",
          "IsGet": true
        }
      ]
    },
    {
      "Name": "Windows.AI.MachineLearning.Preview.InferencingOptionsPreview",
      "IsSealed": true,
      "Properties": [
        {
          "Name": "ReclaimMemoryAfterEvaluation",
          "Type": "Boolean",
          "IsGet": true,
          "IsSet": true
        },
        {
          "Name": "PreferredDeviceKind",
          "Type": "LearningModelDeviceKindPreview",
          "IsGet": true,
          "IsSet": true
        },
        {
          "Name": "MinimizeMemoryAllocation",
          "Type": "Boolean",
          "IsGet": true,
          "IsSet": true
        },
        {
          "Name": "MaxBatchSize",
          "Type": "Int32",
          "IsGet": true,
          "IsSet": true
        },
        {
          "Name": "IsTracingEnabled",
          "Type": "Boolean",
          "IsGet": true,
          "IsSet": true
        }
      ]
    },
    {
      "Name": "Windows.AI.MachineLearning.Preview.LearningModelBindingPreview",
      "IsSealed": true,
      "Interfaces": [
        "IReadOnlyDictionary<String,Object>",
        "IReadOnlyCollection<KeyValuePair<String,Object>>",
        "IEnumerable<KeyValuePair<String,Object>>",
        "IEnumerable"
      ],
      "Constructors": [
        {
          "Parameters": [
            {
              "Name": "model",
              "Type": "LearningModelPreview"
            }
          ]
        }
      ],
      "Properties": [
        {
          "Name": "Size",
          "Type": "UInt32",
          "IsGet": true
        }
      ],
      "Methods": [
        {
          "Name": "Bind",
          "ReturnType": "Void",
          "Parameters": [
            {
              "Name": "name",
              "Type": "String"
            },
            {
              "Name": "value",
              "Type": "Object"
            }
          ]
        },
        {
          "Name": "Bind",
          "ReturnType": "Void",
          "Parameters": [
            {
              "Name": "name",
              "Type": "String"
            },
            {
              "Name": "value",
              "Type": "Object"
            },
            {
              "Name": "metadata",
              "Type": "IPropertySet"
            }
          ]
        },
        {
          "Name": "Clear",
          "ReturnType": "Void"
        }
      ]
    },
    {
      "Name": "Windows.AI.MachineLearning.Preview.LearningModelDescriptionPreview",
      "IsSealed": true,
      "Properties": [
        {
          "Name": "Author",
          "Type": "String",
          "IsGet": true
        },
        {
          "Name": "Description",
          "Type": "String",
          "IsGet": true
        },
        {
          "Name": "Domain",
          "Type": "String",
          "IsGet": true
        },
        {
          "Name": "InputFeatures",
          "Type": "IEnumerable<ILearningModelVariableDescriptorPreview>",
          "IsGet": true
        },
        {
          "Name": "Metadata",
          "Type": "IReadOnlyDictionary<String,String>",
          "IsGet": true
        },
        {
          "Name": "Name",
          "Type": "String",
          "IsGet": true
        },
        {
          "Name": "OutputFeatures",
          "Type": "IEnumerable<ILearningModelVariableDescriptorPreview>",
          "IsGet": true
        },
        {
          "Name": "Version",
          "Type": "Int64",
          "IsGet": true
        }
      ]
    },
    {
      "Name": "Windows.AI.MachineLearning.Preview.LearningModelEvaluationResultPreview",
      "IsSealed": true,
      "Properties": [
        {
          "Name": "CorrelationId",
          "Type": "String",
          "IsGet": true
        },
        {
          "Name": "Outputs",
          "Type": "IReadOnlyDictionary<String,Object>",
          "IsGet": true
        }
      ]
    },
    {
      "Name": "Windows.AI.MachineLearning.Preview.LearningModelPreview",
      "IsSealed": true,
      "Properties": [
        {
          "Name": "InferencingOptions",
          "Type": "InferencingOptionsPreview",
          "IsGet": true,
          "IsSet": true
        },
        {
          "Name": "Description",
          "Type": "LearningModelDescriptionPreview",
          "IsGet": true
        }
      ],
      "Methods": [
        {
          "Name": "EvaluateAsync",
          "ReturnType": "IAsyncOperation<LearningModelEvaluationResultPreview>",
          "Parameters": [
            {
              "Name": "binding",
              "Type": "LearningModelBindingPreview"
            },
            {
              "Name": "correlationId",
              "Type": "String"
            }
          ]
        },
        {
          "Name": "EvaluateFeaturesAsync",
          "ReturnType": "IAsyncOperation<LearningModelEvaluationResultPreview>",
          "Parameters": [
            {
              "Name": "features",
              "Type": "IDictionary<String,Object>"
            },
            {
              "Name": "correlationId",
              "Type": "String"
            }
          ]
        },
        {
          "Name": "LoadModelFromStorageFileAsync",
          "IsStatic": true,
          "ReturnType": "IAsyncOperation<LearningModelPreview>",
          "Parameters": [
            {
              "Name": "modelFile",
              "Type": "IStorageFile"
            }
          ]
        },
        {
          "Name": "LoadModelFromStreamAsync",
          "IsStatic": true,
          "ReturnType": "IAsyncOperation<LearningModelPreview>",
          "Parameters": [
            {
              "Name": "modelStream",
              "Type": "IRandomAccessStreamReference"
            }
          ]
        }
      ]
    },
    {
      "Name": "Windows.AI.MachineLearning.Preview.LearningModelVariableDescriptorPreview",
      "IsSealed": true,
      "Interfaces": [
        "ILearningModelVariableDescriptorPreview"
      ],
      "Properties": [
        {
          "Name": "Description",
          "Type": "String",
          "IsGet": true
        },
        {
          "Name": "IsRequired",
          "Type": "Boolean",
          "IsGet": true
        },
        {
          "Name": "ModelFeatureKind",
          "Type": "LearningModelFeatureKindPreview",
          "IsGet": true
        },
        {
          "Name": "Name",
          "Type": "String",
          "IsGet": true
        }
      ]
    },
    {
      "Name": "Windows.AI.MachineLearning.Preview.MapVariableDescriptorPreview",
      "IsSealed": true,
      "Interfaces": [
        "ILearningModelVariableDescriptorPreview"
      ],
      "Properties": [
        {
          "Name": "Description",
          "Type": "String",
          "IsGet": true
        },
        {
          "Name": "IsRequired",
          "Type": "Boolean",
          "IsGet": true
        },
        {
          "Name": "ModelFeatureKind",
          "Type": "LearningModelFeatureKindPreview",
          "IsGet": true
        },
        {
          "Name": "Name",
          "Type": "String",
          "IsGet": true
        },
        {
          "Name": "Fields",
          "Type": "ILearningModelVariableDescriptorPreview",
          "IsGet": true
        },
        {
          "Name": "KeyKind",
          "Type": "FeatureElementKindPreview",
          "IsGet": true
        },
        {
          "Name": "ValidIntegerKeys",
          "Type": "IEnumerable<Int64>",
          "IsGet": true
        },
        {
          "Name": "ValidStringKeys",
          "Type": "IEnumerable<String>",
          "IsGet": true
        }
      ]
    },
    {
      "Name": "Windows.AI.MachineLearning.Preview.SequenceVariableDescriptorPreview",
      "IsSealed": true,
      "Interfaces": [
        "ILearningModelVariableDescriptorPreview"
      ],
      "Properties": [
        {
          "Name": "Description",
          "Type": "String",
          "IsGet": true
        },
        {
          "Name": "IsRequired",
          "Type": "Boolean",
          "IsGet": true
        },
        {
          "Name": "ModelFeatureKind",
          "Type": "LearningModelFeatureKindPreview",
          "IsGet": true
        },
        {
          "Name": "Name",
          "Type": "String",
          "IsGet": true
        },
        {
          "Name": "ElementType",
          "Type": "ILearningModelVariableDescriptorPreview",
          "IsGet": true
        }
      ]
    },
    {
      "Name": "Windows.AI.MachineLearning.Preview.TensorVariableDescriptorPreview",
      "IsSealed": true,
      "Interfaces": [
        "ILearningModelVariableDescriptorPreview"
      ],
      "Properties": [
        {
          "Name": "Description",
          "Type": "String",
          "IsGet": true
        },
        {
          "Name": "IsRequired",
          "Type": "Boolean",
          "IsGet": true
        },
        {
          "Name": "ModelFeatureKind",
          "Type": "LearningModelFeatureKindPreview",
          "IsGet": true
        },
        {
          "Name": "Name",
          "Type": "String",
          "IsGet": true
        },
        {
          "Name": "DataType",
          "Type": "FeatureElementKindPreview",
          "IsGet": true
        },
        {
          "Name": "Shape",
          "Type": "IEnumerable<Int64>",
          "IsGet": true
        }
      ]
    }
  ]
}