{
  "Name": "Windows.Perception, Version=255.255.255.255, Culture=neutral, PublicKeyToken=null, ContentType=WindowsRuntime",
  "Enums": [
    {
      "Name": "Windows.Perception.Spatial.SpatialPerceptionAccessStatus",
      "BaseType": "Int32",
      "Values": [
        {
          "Name": "Unspecified",
          "Value": "0"
        },
        {
          "Name": "Allowed",
          "Value": "1"
        },
        {
          "Name": "DeniedByUser",
          "Value": "2"
        },
        {
          "Name": "DeniedBySystem",
          "Value": "3"
        }
      ]
    },
    {
      "Name": "Windows.Perception.Spatial.SpatialLocatability",
      "BaseType": "Int32",
      "Values": [
        {
          "Name": "Unavailable",
          "Value": "0"
        },
        {
          "Name": "OrientationOnly",
          "Value": "1"
        },
        {
          "Name": "PositionalTrackingActivating",
          "Value": "2"
        },
        {
          "Name": "PositionalTrackingActive",
          "Value": "3"
        },
        {
          "Name": "PositionalTrackingInhibited",
          "Value": "4"
        }
      ]
    }
  ],
  "Structs": [
    {
      "Name": "Windows.Perception.Spatial.SpatialBoundingFrustum",
      "Fields": [
        {
          "Name": "Near",
          "Type": "Plane"
        },
        {
          "Name": "Far",
          "Type": "Plane"
        },
        {
          "Name": "Right",
          "Type": "Plane"
        },
        {
          "Name": "Left",
          "Type": "Plane"
        },
        {
          "Name": "Top",
          "Type": "Plane"
        },
        {
          "Name": "Bottom",
          "Type": "Plane"
        }
      ]
    },
    {
      "Name": "Windows.Perception.Spatial.SpatialBoundingBox",
      "Fields": [
        {
          "Name": "Center",
          "Type": "Vector3"
        },
        {
          "Name": "Extents",
          "Type": "Vector3"
        }
      ]
    },
    {
      "Name": "Windows.Perception.Spatial.SpatialBoundingOrientedBox",
      "Fields": [
        {
          "Name": "Center",
          "Type": "Vector3"
        },
        {
          "Name": "Extents",
          "Type": "Vector3"
        },
        {
          "Name": "Orientation",
          "Type": "Quaternion"
        }
      ]
    },
    {
      "Name": "Windows.Perception.Spatial.SpatialBoundingSphere",
      "Fields": [
        {
          "Name": "Center",
          "Type": "Vector3"
        },
        {
          "Name": "Radius",
          "Type": "Single"
        }
      ]
    },
    {
      "Name": "Windows.Perception.Automation.Core.PerceptionAutomationCoreContract"
    }
  ],
  "Classes": [
    {
      "Name": "Windows.Perception.PerceptionTimestamp",
      "IsSealed": true,
      "Properties": [
        {
          "Name": "PredictionAmount",
          "Type": "TimeSpan",
          "IsGet": true
        },
        {
          "Name": "TargetTime",
          "Type": "DateTimeOffset",
          "IsGet": true
        }
      ]
    },
    {
      "Name": "Windows.Perception.Spatial.SpatialCoordinateSystem",
      "IsSealed": true,
      "Methods": [
        {
          "Name": "TryGetTransformTo",
          "ReturnType": "Nullable<Matrix4x4>",
          "Parameters": [
            {
              "Name": "target",
              "Type": "SpatialCoordinateSystem"
            }
          ]
        }
      ]
    },
    {
      "Name": "Windows.Perception.PerceptionTimestampHelper",
      "IsStatic": true,
      "Methods": [
        {
          "Name": "FromHistoricalTargetTime",
          "IsStatic": true,
          "ReturnType": "PerceptionTimestamp",
          "Parameters": [
            {
              "Name": "targetTime",
              "Type": "DateTimeOffset"
            }
          ]
        }
      ]
    },
    {
      "Name": "Windows.Perception.Spatial.SpatialAnchor",
      "IsSealed": true,
      "Properties": [
        {
          "Name": "CoordinateSystem",
          "Type": "SpatialCoordinateSystem",
          "IsGet": true
        },
        {
          "Name": "RawCoordinateSystem",
          "Type": "SpatialCoordinateSystem",
          "IsGet": true
        },
        {
          "Name": "RemovedByUser",
          "Type": "Boolean",
          "IsGet": true
        }
      ],
      "Methods": [
        {
          "Name": "TryCreateRelativeTo",
          "IsStatic": true,
          "ReturnType": "SpatialAnchor",
          "Parameters": [
            {
              "Name": "coordinateSystem",
              "Type": "SpatialCoordinateSystem"
            }
          ]
        },
        {
          "Name": "TryCreateRelativeTo",
          "IsStatic": true,
          "ReturnType": "SpatialAnchor",
          "Parameters": [
            {
              "Name": "coordinateSystem",
              "Type": "SpatialCoordinateSystem"
            },
            {
              "Name": "position",
              "Type": "Vector3"
            }
          ]
        },
        {
          "Name": "TryCreateRelativeTo",
          "IsStatic": true,
          "ReturnType": "SpatialAnchor",
          "Parameters": [
            {
              "Name": "coordinateSystem",
              "Type": "SpatialCoordinateSystem"
            },
            {
              "Name": "position",
              "Type": "Vector3"
            },
            {
              "Name": "orientation",
              "Type": "Quaternion"
            }
          ]
        }
      ],
      "Events": [
        {
          "Name": "RawCoordinateSystemAdjusted",
          "Type": "TypedEventHandler<SpatialAnchor,SpatialAnchorRawCoordinateSystemAdjustedEventArgs>"
        }
      ]
    },
    {
      "Name": "Windows.Perception.Spatial.SpatialAnchorRawCoordinateSystemAdjustedEventArgs",
      "IsSealed": true,
      "Properties": [
        {
          "Name": "OldRawCoordinateSystemToNewRawCoordinateSystemTransform",
          "Type": "Matrix4x4",
          "IsGet": true
        }
      ]
    },
    {
      "Name": "Windows.Perception.Spatial.SpatialAnchorStore",
      "IsSealed": true,
      "Methods": [
        {
          "Name": "GetAllSavedAnchors",
          "ReturnType": "IReadOnlyDictionary<String,SpatialAnchor>"
        },
        {
          "Name": "TrySave",
          "ReturnType": "Boolean",
          "Parameters": [
            {
              "Name": "id",
              "Type": "String"
            },
            {
              "Name": "anchor",
              "Type": "SpatialAnchor"
            }
          ]
        },
        {
          "Name": "Remove",
          "ReturnType": "Void",
          "Parameters": [
            {
              "Name": "id",
              "Type": "String"
            }
          ]
        },
        {
          "Name": "Clear",
          "ReturnType": "Void"
        }
      ]
    },
    {
      "Name": "Windows.Perception.Spatial.SpatialLocator",
      "IsSealed": true,
      "Properties": [
        {
          "Name": "Locatability",
          "Type": "SpatialLocatability",
          "IsGet": true
        }
      ],
      "Methods": [
        {
          "Name": "TryLocateAtTimestamp",
          "ReturnType": "SpatialLocation",
          "Parameters": [
            {
              "Name": "timestamp",
              "Type": "PerceptionTimestamp"
            },
            {
              "Name": "coordinateSystem",
              "Type": "SpatialCoordinateSystem"
            }
          ]
        },
        {
          "Name": "CreateAttachedFrameOfReferenceAtCurrentHeading",
          "ReturnType": "SpatialLocatorAttachedFrameOfReference"
        },
        {
          "Name": "CreateAttachedFrameOfReferenceAtCurrentHeading",
          "ReturnType": "SpatialLocatorAttachedFrameOfReference",
          "Parameters": [
            {
              "Name": "relativePosition",
              "Type": "Vector3"
            }
          ]
        },
        {
          "Name": "CreateAttachedFrameOfReferenceAtCurrentHeading",
          "ReturnType": "SpatialLocatorAttachedFrameOfReference",
          "Parameters": [
            {
              "Name": "relativePosition",
              "Type": "Vector3"
            },
            {
              "Name": "relativeOrientation",
              "Type": "Quaternion"
            }
          ]
        },
        {
          "Name": "CreateAttachedFrameOfReferenceAtCurrentHeading",
          "ReturnType": "SpatialLocatorAttachedFrameOfReference",
          "Parameters": [
            {
              "Name": "relativePosition",
              "Type": "Vector3"
            },
            {
              "Name": "relativeOrientation",
              "Type": "Quaternion"
            },
            {
              "Name": "relativeHeadingInRadians",
              "Type": "Double"
            }
          ]
        },
        {
          "Name": "CreateStationaryFrameOfReferenceAtCurrentLocation",
          "ReturnType": "SpatialStationaryFrameOfReference"
        },
        {
          "Name": "CreateStationaryFrameOfReferenceAtCurrentLocation",
          "ReturnType": "SpatialStationaryFrameOfReference",
          "Parameters": [
            {
              "Name": "relativePosition",
              "Type": "Vector3"
            }
          ]
        },
        {
          "Name": "CreateStationaryFrameOfReferenceAtCurrentLocation",
          "ReturnType": "SpatialStationaryFrameOfReference",
          "Parameters": [
            {
              "Name": "relativePosition",
              "Type": "Vector3"
            },
            {
              "Name": "relativeOrientation",
              "Type": "Quaternion"
            }
          ]
        },
        {
          "Name": "CreateStationaryFrameOfReferenceAtCurrentLocation",
          "ReturnType": "SpatialStationaryFrameOfReference",
          "Parameters": [
            {
              "Name": "relativePosition",
              "Type": "Vector3"
            },
            {
              "Name": "relativeOrientation",
              "Type": "Quaternion"
            },
            {
              "Name": "relativeHeadingInRadians",
              "Type": "Double"
            }
          ]
        },
        {
          "Name": "GetDefault",
          "IsStatic": true,
          "ReturnType": "SpatialLocator"
        }
      ],
      "Events": [
        {
          "Name": "LocatabilityChanged",
          "Type": "TypedEventHandler<SpatialLocator,Object>"
        },
        {
          "Name": "PositionalTrackingDeactivating",
          "Type": "TypedEventHandler<SpatialLocator,SpatialLocatorPositionalTrackingDeactivatingEventArgs>"
        }
      ]
    },
    {
      "Name": "Windows.Perception.Spatial.SpatialLocatorPositionalTrackingDeactivatingEventArgs",
      "IsSealed": true,
      "Properties": [
        {
          "Name": "Canceled",
          "Type": "Boolean",
          "IsGet": true,
          "IsSet": true
        }
      ]
    },
    {
      "Name": "Windows.Perception.Spatial.SpatialLocation",
      "IsSealed": true,
      "Properties": [
        {
          "Name": "AbsoluteAngularAcceleration",
          "Type": "Quaternion",
          "IsGet": true
        },
        {
          "Name": "AbsoluteAngularVelocity",
          "Type": "Quaternion",
          "IsGet": true
        },
        {
          "Name": "AbsoluteLinearAcceleration",
          "Type": "Vector3",
          "IsGet": true
        },
        {
          "Name": "AbsoluteLinearVelocity",
          "Type": "Vector3",
          "IsGet": true
        },
        {
          "Name": "Orientation",
          "Type": "Quaternion",
          "IsGet": true
        },
        {
          "Name": "Position",
          "Type": "Vector3",
          "IsGet": true
        }
      ]
    },
    {
      "Name": "Windows.Perception.Spatial.SpatialLocatorAttachedFrameOfReference",
      "IsSealed": true,
      "Properties": [
        {
          "Name": "RelativePosition",
          "Type": "Vector3",
          "IsGet": true,
          "IsSet": true
        },
        {
          "Name": "RelativeOrientation",
          "Type": "Quaternion",
          "IsGet": true,
          "IsSet": true
        }
      ],
      "Methods": [
        {
          "Name": "AdjustHeading",
          "ReturnType": "Void",
          "Parameters": [
            {
              "Name": "headingOffsetInRadians",
              "Type": "Double"
            }
          ]
        },
        {
          "Name": "GetStationaryCoordinateSystemAtTimestamp",
          "ReturnType": "SpatialCoordinateSystem",
          "Parameters": [
            {
              "Name": "timestamp",
              "Type": "PerceptionTimestamp"
            }
          ]
        },
        {
          "Name": "TryGetRelativeHeadingAtTimestamp",
          "ReturnType": "Nullable<Double>",
          "Parameters": [
            {
              "Name": "timestamp",
              "Type": "PerceptionTimestamp"
            }
          ]
        }
      ]
    },
    {
      "Name": "Windows.Perception.Spatial.SpatialStationaryFrameOfReference",
      "IsSealed": true,
      "Properties": [
        {
          "Name": "CoordinateSystem",
          "Type": "SpatialCoordinateSystem",
          "IsGet": true
        }
      ]
    },
    {
      "Name": "Windows.Perception.Spatial.SpatialAnchorManager",
      "IsStatic": true,
      "Methods": [
        {
          "Name": "RequestStoreAsync",
          "IsStatic": true,
          "ReturnType": "IAsyncOperation<SpatialAnchorStore>"
        }
      ]
    },
    {
      "Name": "Windows.Perception.Spatial.SpatialAnchorTransferManager",
      "IsStatic": true,
      "Methods": [
        {
          "Name": "TryImportAnchorsAsync",
          "IsStatic": true,
          "ReturnType": "IAsyncOperation<IReadOnlyDictionary<String,SpatialAnchor>>",
          "Parameters": [
            {
              "Name": "stream",
              "Type": "IInputStream"
            }
          ]
        },
        {
          "Name": "TryExportAnchorsAsync",
          "IsStatic": true,
          "ReturnType": "IAsyncOperation<Boolean>",
          "Parameters": [
            {
              "Name": "anchors",
              "Type": "IEnumerable<KeyValuePair<String,SpatialAnchor>>"
            },
            {
              "Name": "stream",
              "Type": "IOutputStream"
            }
          ]
        },
        {
          "Name": "RequestAccessAsync",
          "IsStatic": true,
          "ReturnType": "IAsyncOperation<SpatialPerceptionAccessStatus>"
        }
      ]
    },
    {
      "Name": "Windows.Perception.Spatial.SpatialBoundingVolume",
      "IsSealed": true,
      "Methods": [
        {
          "Name": "FromBox",
          "IsStatic": true,
          "ReturnType": "SpatialBoundingVolume",
          "Parameters": [
            {
              "Name": "coordinateSystem",
              "Type": "SpatialCoordinateSystem"
            },
            {
              "Name": "box",
              "Type": "SpatialBoundingBox"
            }
          ]
        },
        {
          "Name": "FromOrientedBox",
          "IsStatic": true,
          "ReturnType": "SpatialBoundingVolume",
          "Parameters": [
            {
              "Name": "coordinateSystem",
              "Type": "SpatialCoordinateSystem"
            },
            {
              "Name": "box",
              "Type": "SpatialBoundingOrientedBox"
            }
          ]
        },
        {
          "Name": "FromSphere",
          "IsStatic": true,
          "ReturnType": "SpatialBoundingVolume",
          "Parameters": [
            {
              "Name": "coordinateSystem",
              "Type": "SpatialCoordinateSystem"
            },
            {
              "Name": "sphere",
              "Type": "SpatialBoundingSphere"
            }
          ]
        },
        {
          "Name": "FromFrustum",
          "IsStatic": true,
          "ReturnType": "SpatialBoundingVolume",
          "Parameters": [
            {
              "Name": "coordinateSystem",
              "Type": "SpatialCoordinateSystem"
            },
            {
              "Name": "frustum",
              "Type": "SpatialBoundingFrustum"
            }
          ]
        }
      ]
    },
    {
      "Name": "Windows.Perception.People.HeadPose",
      "IsSealed": true,
      "Properties": [
        {
          "Name": "ForwardDirection",
          "Type": "Vector3",
          "IsGet": true
        },
        {
          "Name": "Position",
          "Type": "Vector3",
          "IsGet": true
        },
        {
          "Name": "UpDirection",
          "Type": "Vector3",
          "IsGet": true
        }
      ]
    },
    {
      "Name": "Windows.Perception.Spatial.Surfaces.SpatialSurfaceInfo",
      "IsSealed": true,
      "Properties": [
        {
          "Name": "Id",
          "Type": "Guid",
          "IsGet": true
        },
        {
          "Name": "UpdateTime",
          "Type": "DateTimeOffset",
          "IsGet": true
        }
      ],
      "Methods": [
        {
          "Name": "TryGetBounds",
          "ReturnType": "Nullable<SpatialBoundingOrientedBox>",
          "Parameters": [
            {
              "Name": "coordinateSystem",
              "Type": "SpatialCoordinateSystem"
            }
          ]
        },
        {
          "Name": "TryComputeLatestMeshAsync",
          "ReturnType": "IAsyncOperation<SpatialSurfaceMesh>",
          "Parameters": [
            {
              "Name": "maxTrianglesPerCubicMeter",
              "Type": "Double"
            }
          ]
        },
        {
          "Name": "TryComputeLatestMeshAsync",
          "ReturnType": "IAsyncOperation<SpatialSurfaceMesh>",
          "Parameters": [
            {
              "Name": "maxTrianglesPerCubicMeter",
              "Type": "Double"
            },
            {
              "Name": "options",
              "Type": "SpatialSurfaceMeshOptions"
            }
          ]
        }
      ]
    },
    {
      "Name": "Windows.Perception.Spatial.Surfaces.SpatialSurfaceMeshBuffer",
      "IsSealed": true,
      "Properties": [
        {
          "Name": "Data",
          "Type": "IBuffer",
          "IsGet": true
        },
        {
          "Name": "ElementCount",
          "Type": "UInt32",
          "IsGet": true
        },
        {
          "Name": "Format",
          "Type": "DirectXPixelFormat",
          "IsGet": true
        },
        {
          "Name": "Stride",
          "Type": "UInt32",
          "IsGet": true
        }
      ]
    },
    {
      "Name": "Windows.Perception.Spatial.Surfaces.SpatialSurfaceMesh",
      "IsSealed": true,
      "Properties": [
        {
          "Name": "CoordinateSystem",
          "Type": "SpatialCoordinateSystem",
          "IsGet": true
        },
        {
          "Name": "SurfaceInfo",
          "Type": "SpatialSurfaceInfo",
          "IsGet": true
        },
        {
          "Name": "TriangleIndices",
          "Type": "SpatialSurfaceMeshBuffer",
          "IsGet": true
        },
        {
          "Name": "VertexNormals",
          "Type": "SpatialSurfaceMeshBuffer",
          "IsGet": true
        },
        {
          "Name": "VertexPositionScale",
          "Type": "Vector3",
          "IsGet": true
        },
        {
          "Name": "VertexPositions",
          "Type": "SpatialSurfaceMeshBuffer",
          "IsGet": true
        }
      ]
    },
    {
      "Name": "Windows.Perception.Spatial.Surfaces.SpatialSurfaceMeshOptions",
      "IsSealed": true,
      "Properties": [
        {
          "Name": "VertexPositionFormat",
          "Type": "DirectXPixelFormat",
          "IsGet": true,
          "IsSet": true
        },
        {
          "Name": "VertexNormalFormat",
          "Type": "DirectXPixelFormat",
          "IsGet": true,
          "IsSet": true
        },
        {
          "Name": "TriangleIndexFormat",
          "Type": "DirectXPixelFormat",
          "IsGet": true,
          "IsSet": true
        },
        {
          "Name": "IncludeVertexNormals",
          "Type": "Boolean",
          "IsGet": true,
          "IsSet": true
        },
        {
          "Name": "SupportedTriangleIndexFormats",
          "Type": "IReadOnlyList<DirectXPixelFormat>",
          "IsStatic": true,
          "IsGet": true
        },
        {
          "Name": "SupportedVertexNormalFormats",
          "Type": "IReadOnlyList<DirectXPixelFormat>",
          "IsStatic": true,
          "IsGet": true
        },
        {
          "Name": "SupportedVertexPositionFormats",
          "Type": "IReadOnlyList<DirectXPixelFormat>",
          "IsStatic": true,
          "IsGet": true
        }
      ]
    },
    {
      "Name": "Windows.Perception.Spatial.Surfaces.SpatialSurfaceObserver",
      "IsSealed": true,
      "Methods": [
        {
          "Name": "GetObservedSurfaces",
          "ReturnType": "IReadOnlyDictionary<Guid,SpatialSurfaceInfo>"
        },
        {
          "Name": "SetBoundingVolume",
          "ReturnType": "Void",
          "Parameters": [
            {
              "Name": "bounds",
              "Type": "SpatialBoundingVolume"
            }
          ]
        },
        {
          "Name": "SetBoundingVolumes",
          "ReturnType": "Void",
          "Parameters": [
            {
              "Name": "bounds",
              "Type": "IEnumerable<SpatialBoundingVolume>"
            }
          ]
        },
        {
          "Name": "RequestAccessAsync",
          "IsStatic": true,
          "ReturnType": "IAsyncOperation<SpatialPerceptionAccessStatus>"
        }
      ],
      "Events": [
        {
          "Name": "ObservedSurfacesChanged",
          "Type": "TypedEventHandler<SpatialSurfaceObserver,Object>"
        }
      ]
    },
    {
      "Name": "Windows.Perception.Automation.Core.CorePerceptionAutomation",
      "IsStatic": true,
      "Methods": [
        {
          "Name": "SetActivationFactoryProvider",
          "IsStatic": true,
          "ReturnType": "Void",
          "Parameters": [
            {
              "Name": "provider",
              "Type": "IGetActivationFactory"
            }
          ]
        }
      ]
    }
  ]
}