{
  "Name": "Windows.System, Version=255.255.255.255, Culture=neutral, PublicKeyToken=null, ContentType=WindowsRuntime",
  "Classes": [
    {
      "IsSealed": true,
      "Interfaces": [],
      "Constructors": [],
      "Properties": [
        {
          "Type": "UInt64",
          "IsGet": true,
          "Name": "PeakPrivateCommitUsage"
        },
        {
          "Type": "UInt64",
          "IsGet": true,
          "Name": "PrivateCommitUsage"
        },
        {
          "Type": "UInt64",
          "IsGet": true,
          "Name": "TotalCommitLimit"
        },
        {
          "Type": "UInt64",
          "IsGet": true,
          "Name": "TotalCommitUsage"
        }
      ],
      "Fields": [],
      "Methods": [],
      "Events": [],
      "Name": "Windows.System.AppMemoryReport"
    },
    {
      "IsSealed": true,
      "Interfaces": [],
      "Constructors": [],
      "Properties": [
        {
          "Type": "UInt64",
          "IsGet": true,
          "Name": "NewLimit"
        },
        {
          "Type": "UInt64",
          "IsGet": true,
          "Name": "OldLimit"
        }
      ],
      "Fields": [],
      "Methods": [],
      "Events": [],
      "Name": "Windows.System.AppMemoryUsageLimitChangingEventArgs"
    },
    {
      "IsSealed": true,
      "Interfaces": [],
      "Constructors": [],
      "Properties": [],
      "Fields": [],
      "Methods": [
        {
          "ReturnType": "ProcessCpuUsageReport",
          "Name": "GetReport"
        }
      ],
      "Events": [],
      "Name": "Windows.System.Diagnostics.ProcessCpuUsage"
    },
    {
      "IsSealed": true,
      "Interfaces": [],
      "Constructors": [],
      "Properties": [
        {
          "Type": "TimeSpan",
          "IsGet": true,
          "Name": "KernelTime"
        },
        {
          "Type": "TimeSpan",
          "IsGet": true,
          "Name": "UserTime"
        }
      ],
      "Fields": [],
      "Methods": [],
      "Events": [],
      "Name": "Windows.System.Diagnostics.ProcessCpuUsageReport"
    },
    {
      "IsSealed": true,
      "Interfaces": [],
      "Constructors": [],
      "Properties": [
        {
          "Type": "ProcessCpuUsage",
          "IsGet": true,
          "Name": "CpuUsage"
        },
        {
          "Type": "ProcessDiskUsage",
          "IsGet": true,
          "Name": "DiskUsage"
        },
        {
          "Type": "String",
          "IsGet": true,
          "Name": "ExecutableFileName"
        },
        {
          "Type": "ProcessMemoryUsage",
          "IsGet": true,
          "Name": "MemoryUsage"
        },
        {
          "Type": "ProcessDiagnosticInfo",
          "IsGet": true,
          "Name": "Parent"
        },
        {
          "Type": "UInt32",
          "IsGet": true,
          "Name": "ProcessId"
        },
        {
          "Type": "DateTimeOffset",
          "IsGet": true,
          "Name": "ProcessStartTime"
        }
      ],
      "Fields": [],
      "Methods": [
        {
          "IsStatic": true,
          "ReturnType": "ProcessDiagnosticInfo",
          "Name": "GetForCurrentProcess"
        },
        {
          "IsStatic": true,
          "ReturnType": "IReadOnlyList<ProcessDiagnosticInfo>",
          "Name": "GetForProcesses"
        }
      ],
      "Events": [],
      "Name": "Windows.System.Diagnostics.ProcessDiagnosticInfo"
    },
    {
      "IsSealed": true,
      "Interfaces": [],
      "Constructors": [],
      "Properties": [],
      "Fields": [],
      "Methods": [
        {
          "ReturnType": "ProcessDiskUsageReport",
          "Name": "GetReport"
        }
      ],
      "Events": [],
      "Name": "Windows.System.Diagnostics.ProcessDiskUsage"
    },
    {
      "IsSealed": true,
      "Interfaces": [],
      "Constructors": [],
      "Properties": [
        {
          "Type": "Int64",
          "IsGet": true,
          "Name": "BytesReadCount"
        },
        {
          "Type": "Int64",
          "IsGet": true,
          "Name": "BytesWrittenCount"
        },
        {
          "Type": "Int64",
          "IsGet": true,
          "Name": "OtherBytesCount"
        },
        {
          "Type": "Int64",
          "IsGet": true,
          "Name": "OtherOperationCount"
        },
        {
          "Type": "Int64",
          "IsGet": true,
          "Name": "ReadOperationCount"
        },
        {
          "Type": "Int64",
          "IsGet": true,
          "Name": "WriteOperationCount"
        }
      ],
      "Fields": [],
      "Methods": [],
      "Events": [],
      "Name": "Windows.System.Diagnostics.ProcessDiskUsageReport"
    },
    {
      "IsSealed": true,
      "Interfaces": [],
      "Constructors": [],
      "Properties": [],
      "Fields": [],
      "Methods": [
        {
          "ReturnType": "ProcessMemoryUsageReport",
          "Name": "GetReport"
        }
      ],
      "Events": [],
      "Name": "Windows.System.Diagnostics.ProcessMemoryUsage"
    },
    {
      "IsSealed": true,
      "Interfaces": [],
      "Constructors": [],
      "Properties": [
        {
          "Type": "UInt64",
          "IsGet": true,
          "Name": "NonPagedPoolSizeInBytes"
        },
        {
          "Type": "UInt64",
          "IsGet": true,
          "Name": "PagedPoolSizeInBytes"
        },
        {
          "Type": "UInt32",
          "IsGet": true,
          "Name": "PageFaultCount"
        },
        {
          "Type": "UInt64",
          "IsGet": true,
          "Name": "PageFileSizeInBytes"
        },
        {
          "Type": "UInt64",
          "IsGet": true,
          "Name": "PeakNonPagedPoolSizeInBytes"
        },
        {
          "Type": "UInt64",
          "IsGet": true,
          "Name": "PeakPagedPoolSizeInBytes"
        },
        {
          "Type": "UInt64",
          "IsGet": true,
          "Name": "PeakPageFileSizeInBytes"
        },
        {
          "Type": "UInt64",
          "IsGet": true,
          "Name": "PeakVirtualMemorySizeInBytes"
        },
        {
          "Type": "UInt64",
          "IsGet": true,
          "Name": "PeakWorkingSetSizeInBytes"
        },
        {
          "Type": "UInt64",
          "IsGet": true,
          "Name": "PrivatePageCount"
        },
        {
          "Type": "UInt64",
          "IsGet": true,
          "Name": "VirtualMemorySizeInBytes"
        },
        {
          "Type": "UInt64",
          "IsGet": true,
          "Name": "WorkingSetSizeInBytes"
        }
      ],
      "Fields": [],
      "Methods": [],
      "Events": [],
      "Name": "Windows.System.Diagnostics.ProcessMemoryUsageReport"
    },
    {
      "IsSealed": true,
      "Interfaces": [],
      "Constructors": [],
      "Properties": [],
      "Fields": [],
      "Methods": [
        {
          "ReturnType": "Void",
          "Name": "RequestActive"
        },
        {
          "ReturnType": "Void",
          "Name": "RequestRelease"
        }
      ],
      "Events": [],
      "Name": "Windows.System.Display.DisplayRequest"
    },
    {
      "IsStatic": true,
      "Interfaces": [],
      "Constructors": [],
      "Properties": [
        {
          "Type": "UInt32",
          "IsStatic": true,
          "IsGet": true,
          "Name": "ExcessiveUsageLevel"
        },
        {
          "Type": "UInt32",
          "IsStatic": true,
          "IsGet": true,
          "Name": "LowUsageLevel"
        },
        {
          "Type": "UInt32",
          "IsStatic": true,
          "IsGet": true,
          "Name": "MaxAcceptableUsageLevel"
        },
        {
          "Type": "UInt32",
          "IsStatic": true,
          "IsGet": true,
          "Name": "NearMaxAcceptableUsageLevel"
        },
        {
          "Type": "UInt32",
          "IsStatic": true,
          "IsGet": true,
          "Name": "NearTerminationUsageLevel"
        },
        {
          "Type": "UInt32",
          "IsStatic": true,
          "IsGet": true,
          "Name": "RecentEnergyUsage"
        },
        {
          "Type": "UInt32",
          "IsStatic": true,
          "IsGet": true,
          "Name": "RecentEnergyUsageLevel"
        },
        {
          "Type": "UInt32",
          "IsStatic": true,
          "IsGet": true,
          "Name": "TerminationUsageLevel"
        }
      ],
      "Fields": [],
      "Methods": [],
      "Events": [
        {
          "Type": "EventHandler<Object>",
          "IsStatic": true,
          "Name": "RecentEnergyUsageIncreased"
        },
        {
          "Type": "EventHandler<Object>",
          "IsStatic": true,
          "Name": "RecentEnergyUsageReturnedToLow"
        }
      ],
      "Name": "Windows.System.Energy.BackgroundEnergyManager"
    },
    {
      "IsStatic": true,
      "Interfaces": [],
      "Constructors": [],
      "Properties": [
        {
          "Type": "Double",
          "IsStatic": true,
          "IsGet": true,
          "Name": "DeviceSpecificConversionFactor"
        }
      ],
      "Fields": [],
      "Methods": [
        {
          "IsStatic": true,
          "ReturnType": "UInt64",
          "Name": "ComputeTotalEnergyUsage"
        },
        {
          "IsStatic": true,
          "ReturnType": "Void",
          "Name": "ResetTotalEnergyUsage"
        }
      ],
      "Events": [],
      "Name": "Windows.System.Energy.Diagnostics.BackgroundEnergyDiagnostics"
    },
    {
      "IsStatic": true,
      "Interfaces": [],
      "Constructors": [],
      "Properties": [
        {
          "Type": "Double",
          "IsStatic": true,
          "IsGet": true,
          "Name": "DeviceSpecificConversionFactor"
        }
      ],
      "Fields": [],
      "Methods": [
        {
          "IsStatic": true,
          "ReturnType": "UInt64",
          "Name": "ComputeTotalEnergyUsage"
        },
        {
          "IsStatic": true,
          "ReturnType": "Void",
          "Name": "ResetTotalEnergyUsage"
        }
      ],
      "Events": [],
      "Name": "Windows.System.Energy.Diagnostics.ForegroundEnergyDiagnostics"
    },
    {
      "IsStatic": true,
      "Interfaces": [],
      "Constructors": [],
      "Properties": [
        {
          "Type": "UInt32",
          "IsStatic": true,
          "IsGet": true,
          "Name": "ExcessiveUsageLevel"
        },
        {
          "Type": "UInt32",
          "IsStatic": true,
          "IsGet": true,
          "Name": "LowUsageLevel"
        },
        {
          "Type": "UInt32",
          "IsStatic": true,
          "IsGet": true,
          "Name": "MaxAcceptableUsageLevel"
        },
        {
          "Type": "UInt32",
          "IsStatic": true,
          "IsGet": true,
          "Name": "NearMaxAcceptableUsageLevel"
        },
        {
          "Type": "UInt32",
          "IsStatic": true,
          "IsGet": true,
          "Name": "RecentEnergyUsage"
        },
        {
          "Type": "UInt32",
          "IsStatic": true,
          "IsGet": true,
          "Name": "RecentEnergyUsageLevel"
        }
      ],
      "Fields": [],
      "Methods": [],
      "Events": [
        {
          "Type": "EventHandler<Object>",
          "IsStatic": true,
          "Name": "RecentEnergyUsageIncreased"
        },
        {
          "Type": "EventHandler<Object>",
          "IsStatic": true,
          "Name": "RecentEnergyUsageReturnedToLow"
        }
      ],
      "Name": "Windows.System.Energy.ForegroundEnergyManager"
    },
    {
      "IsSealed": true,
      "Interfaces": [
        "ILauncherViewOptions"
      ],
      "Constructors": [],
      "Properties": [
        {
          "Type": "ViewSizePreference",
          "IsGet": true,
          "IsSet": true,
          "Name": "DesiredRemainingView"
        },
        {
          "Type": "IList<IStorageItem>",
          "IsGet": true,
          "Name": "ItemsToSelect"
        }
      ],
      "Fields": [],
      "Methods": [],
      "Events": [],
      "Name": "Windows.System.FolderLauncherOptions"
    },
    {
      "IsStatic": true,
      "Interfaces": [],
      "Constructors": [],
      "Properties": [
        {
          "Type": "String",
          "IsStatic": true,
          "IsGet": true,
          "Name": "AccountName"
        },
        {
          "Type": "String",
          "IsStatic": true,
          "IsGet": true,
          "Name": "DisplayName"
        },
        {
          "Type": "String",
          "IsStatic": true,
          "IsGet": true,
          "Name": "DomainName"
        },
        {
          "Type": "String",
          "IsStatic": true,
          "IsGet": true,
          "Name": "FirstName"
        },
        {
          "Type": "String",
          "IsStatic": true,
          "IsGet": true,
          "Name": "GuestHost"
        },
        {
          "Type": "String",
          "IsStatic": true,
          "IsGet": true,
          "Name": "LastName"
        },
        {
          "Type": "String",
          "IsStatic": true,
          "IsGet": true,
          "Name": "PrincipalName"
        },
        {
          "Type": "String",
          "IsStatic": true,
          "IsGet": true,
          "Name": "ProviderName"
        },
        {
          "Type": "String",
          "IsStatic": true,
          "IsGet": true,
          "Name": "SessionInitiationProtocolUri"
        }
      ],
      "Fields": [],
      "Methods": [],
      "Events": [],
      "Name": "Windows.System.KnownUserProperties"
    },
    {
      "IsStatic": true,
      "Interfaces": [],
      "Constructors": [],
      "Properties": [],
      "Fields": [],
      "Methods": [
        {
          "IsStatic": true,
          "ReturnType": "IAsyncOperation<Boolean>",
          "Parameters": [
            {
              "Name": "file",
              "Type": "IStorageFile"
            }
          ],
          "Name": "LaunchFileAsync"
        },
        {
          "IsStatic": true,
          "ReturnType": "IAsyncOperation<Boolean>",
          "Parameters": [
            {
              "Name": "file",
              "Type": "IStorageFile"
            },
            {
              "Name": "options",
              "Type": "LauncherOptions"
            }
          ],
          "Name": "LaunchFileAsync"
        },
        {
          "IsStatic": true,
          "ReturnType": "IAsyncOperation<Boolean>",
          "Parameters": [
            {
              "Name": "folder",
              "Type": "IStorageFolder"
            }
          ],
          "Name": "LaunchFolderAsync"
        },
        {
          "IsStatic": true,
          "ReturnType": "IAsyncOperation<Boolean>",
          "Parameters": [
            {
              "Name": "folder",
              "Type": "IStorageFolder"
            },
            {
              "Name": "options",
              "Type": "FolderLauncherOptions"
            }
          ],
          "Name": "LaunchFolderAsync"
        },
        {
          "IsStatic": true,
          "ReturnType": "IAsyncOperation<Boolean>",
          "Parameters": [
            {
              "Name": "uri",
              "Type": "Uri"
            },
            {
              "Name": "options",
              "Type": "LauncherOptions"
            },
            {
              "Name": "inputData",
              "Type": "ValueSet"
            }
          ],
          "Name": "LaunchUriAsync"
        },
        {
          "IsStatic": true,
          "ReturnType": "IAsyncOperation<Boolean>",
          "Parameters": [
            {
              "Name": "uri",
              "Type": "Uri"
            }
          ],
          "Name": "LaunchUriAsync"
        },
        {
          "IsStatic": true,
          "ReturnType": "IAsyncOperation<Boolean>",
          "Parameters": [
            {
              "Name": "uri",
              "Type": "Uri"
            },
            {
              "Name": "options",
              "Type": "LauncherOptions"
            }
          ],
          "Name": "LaunchUriAsync"
        },
        {
          "IsStatic": true,
          "ReturnType": "IAsyncOperation<Boolean>",
          "Parameters": [
            {
              "Name": "uri",
              "Type": "Uri"
            },
            {
              "Name": "options",
              "Type": "LauncherOptions"
            },
            {
              "Name": "continuationData",
              "Type": "ValueSet"
            }
          ],
          "Name": "LaunchUriForResultsAndContinueAsync"
        },
        {
          "IsStatic": true,
          "ReturnType": "IAsyncOperation<Boolean>",
          "Parameters": [
            {
              "Name": "uri",
              "Type": "Uri"
            },
            {
              "Name": "options",
              "Type": "LauncherOptions"
            },
            {
              "Name": "continuationData",
              "Type": "ValueSet"
            },
            {
              "Name": "inputData",
              "Type": "ValueSet"
            }
          ],
          "Name": "LaunchUriForResultsAndContinueAsync"
        },
        {
          "IsStatic": true,
          "ReturnType": "IAsyncOperation<LaunchUriResult>",
          "Parameters": [
            {
              "Name": "uri",
              "Type": "Uri"
            },
            {
              "Name": "options",
              "Type": "LauncherOptions"
            }
          ],
          "Name": "LaunchUriForResultsAsync"
        },
        {
          "IsStatic": true,
          "ReturnType": "IAsyncOperation<LaunchUriResult>",
          "Parameters": [
            {
              "Name": "uri",
              "Type": "Uri"
            },
            {
              "Name": "options",
              "Type": "LauncherOptions"
            },
            {
              "Name": "inputData",
              "Type": "ValueSet"
            }
          ],
          "Name": "LaunchUriForResultsAsync"
        },
        {
          "IsStatic": true,
          "ReturnType": "IAsyncOperation<QueryUriSupportStatus>",
          "Parameters": [
            {
              "Name": "uri",
              "Type": "Uri"
            },
            {
              "Name": "launchUriType",
              "Type": "LaunchUriType"
            }
          ],
          "Name": "QueryUriSupportAsync"
        },
        {
          "IsStatic": true,
          "ReturnType": "IAsyncOperation<QueryUriSupportStatus>",
          "Parameters": [
            {
              "Name": "uri",
              "Type": "Uri"
            },
            {
              "Name": "launchUriType",
              "Type": "LaunchUriType"
            },
            {
              "Name": "packageFamilyName",
              "Type": "String"
            }
          ],
          "Name": "QueryUriSupportAsync"
        }
      ],
      "Events": [],
      "Name": "Windows.System.Launcher"
    },
    {
      "IsSealed": true,
      "Interfaces": [
        "ILauncherViewOptions"
      ],
      "Constructors": [],
      "Properties": [
        {
          "Type": "String",
          "IsGet": true,
          "IsSet": true,
          "Name": "ContentType"
        },
        {
          "Type": "ViewSizePreference",
          "IsGet": true,
          "IsSet": true,
          "Name": "DesiredRemainingView"
        },
        {
          "Type": "Boolean",
          "IsGet": true,
          "IsSet": true,
          "Name": "DisplayApplicationPicker"
        },
        {
          "Type": "Uri",
          "IsGet": true,
          "IsSet": true,
          "Name": "FallbackUri"
        },
        {
          "Type": "String",
          "IsGet": true,
          "IsSet": true,
          "Name": "PreferredApplicationDisplayName"
        },
        {
          "Type": "String",
          "IsGet": true,
          "IsSet": true,
          "Name": "PreferredApplicationPackageFamilyName"
        },
        {
          "Type": "String",
          "IsGet": true,
          "IsSet": true,
          "Name": "TargetApplicationPackageFamilyName"
        },
        {
          "Type": "Boolean",
          "IsGet": true,
          "IsSet": true,
          "Name": "TreatAsUntrusted"
        },
        {
          "Type": "LauncherUIOptions",
          "IsGet": true,
          "Name": "UI"
        }
      ],
      "Fields": [],
      "Methods": [],
      "Events": [],
      "Name": "Windows.System.LauncherOptions"
    },
    {
      "IsSealed": true,
      "Interfaces": [],
      "Constructors": [],
      "Properties": [
        {
          "Type": "Nullable<Point>",
          "IsGet": true,
          "IsSet": true,
          "Name": "InvocationPoint"
        },
        {
          "Type": "Placement",
          "IsGet": true,
          "IsSet": true,
          "Name": "PreferredPlacement"
        },
        {
          "Type": "Nullable<Rect>",
          "IsGet": true,
          "IsSet": true,
          "Name": "SelectionRect"
        }
      ],
      "Fields": [],
      "Methods": [],
      "Events": [],
      "Name": "Windows.System.LauncherUIOptions"
    },
    {
      "IsSealed": true,
      "Interfaces": [],
      "Constructors": [],
      "Properties": [
        {
          "Type": "ValueSet",
          "IsGet": true,
          "Name": "Result"
        },
        {
          "Type": "LaunchUriStatus",
          "IsGet": true,
          "Name": "Status"
        }
      ],
      "Fields": [],
      "Methods": [],
      "Events": [],
      "Name": "Windows.System.LaunchUriResult"
    },
    {
      "IsStatic": true,
      "Interfaces": [],
      "Constructors": [],
      "Properties": [
        {
          "Type": "UInt64",
          "IsStatic": true,
          "IsGet": true,
          "Name": "AppMemoryUsage"
        },
        {
          "Type": "AppMemoryUsageLevel",
          "IsStatic": true,
          "IsGet": true,
          "Name": "AppMemoryUsageLevel"
        },
        {
          "Type": "UInt64",
          "IsStatic": true,
          "IsGet": true,
          "Name": "AppMemoryUsageLimit"
        }
      ],
      "Fields": [],
      "Methods": [
        {
          "IsStatic": true,
          "ReturnType": "AppMemoryReport",
          "Name": "GetAppMemoryReport"
        },
        {
          "IsStatic": true,
          "ReturnType": "ProcessMemoryReport",
          "Name": "GetProcessMemoryReport"
        },
        {
          "IsStatic": true,
          "ReturnType": "Boolean",
          "Parameters": [
            {
              "Name": "value",
              "Type": "UInt64"
            }
          ],
          "Name": "SetAppMemoryUsageLimit"
        }
      ],
      "Events": [
        {
          "Type": "EventHandler<Object>",
          "IsStatic": true,
          "Name": "AppMemoryUsageDecreased"
        },
        {
          "Type": "EventHandler<Object>",
          "IsStatic": true,
          "Name": "AppMemoryUsageIncreased"
        },
        {
          "Type": "EventHandler<AppMemoryUsageLimitChangingEventArgs>",
          "IsStatic": true,
          "Name": "AppMemoryUsageLimitChanging"
        }
      ],
      "Name": "Windows.System.MemoryManager"
    },
    {
      "IsStatic": true,
      "Interfaces": [],
      "Constructors": [],
      "Properties": [
        {
          "Type": "BatteryStatus",
          "IsStatic": true,
          "IsGet": true,
          "Name": "BatteryStatus"
        },
        {
          "Type": "PowerSavingStatus",
          "IsStatic": true,
          "IsGet": true,
          "Name": "PowerSavingStatus"
        },
        {
          "Type": "PowerSupplyStatus",
          "IsStatic": true,
          "IsGet": true,
          "Name": "PowerSupplyStatus"
        },
        {
          "Type": "Int32",
          "IsStatic": true,
          "IsGet": true,
          "Name": "RemainingChargePercent"
        }
      ],
      "Fields": [],
      "Methods": [],
      "Events": [
        {
          "Type": "EventHandler<Object>",
          "IsStatic": true,
          "Name": "BatteryStatusChanged"
        },
        {
          "Type": "EventHandler<Object>",
          "IsStatic": true,
          "Name": "PowerSavingStatusChanged"
        },
        {
          "Type": "EventHandler<Object>",
          "IsStatic": true,
          "Name": "PowerSupplyStatusChanged"
        },
        {
          "Type": "EventHandler<Object>",
          "IsStatic": true,
          "Name": "RemainingChargePercentChanged"
        }
      ],
      "Name": "Windows.System.PowerManager"
    },
    {
      "IsSealed": true,
      "Interfaces": [],
      "Constructors": [],
      "Properties": [
        {
          "Type": "UInt64",
          "IsGet": true,
          "Name": "PrivateWorkingSetUsage"
        },
        {
          "Type": "UInt64",
          "IsGet": true,
          "Name": "TotalWorkingSetUsage"
        }
      ],
      "Fields": [],
      "Methods": [],
      "Events": [],
      "Name": "Windows.System.ProcessMemoryReport"
    },
    {
      "IsStatic": true,
      "Interfaces": [],
      "Constructors": [],
      "Properties": [
        {
          "Type": "String",
          "IsStatic": true,
          "IsGet": true,
          "Name": "DeviceClass"
        },
        {
          "Type": "AnalyticsVersionInfo",
          "IsStatic": true,
          "IsGet": true,
          "Name": "VersionInfo"
        }
      ],
      "Fields": [],
      "Methods": [],
      "Events": [],
      "Name": "Windows.System.Profile.AnalyticsInfo"
    },
    {
      "IsSealed": true,
      "Interfaces": [],
      "Constructors": [],
      "Properties": [
        {
          "Type": "String",
          "IsGet": true,
          "Name": "Platform"
        },
        {
          "Type": "String",
          "IsGet": true,
          "Name": "PlatformVersion"
        }
      ],
      "Fields": [],
      "Methods": [],
      "Events": [],
      "Name": "Windows.System.Profile.AnalyticsVersionInfo"
    },
    {
      "IsStatic": true,
      "Interfaces": [],
      "Constructors": [],
      "Properties": [],
      "Fields": [],
      "Methods": [
        {
          "IsStatic": true,
          "ReturnType": "HardwareToken",
          "Parameters": [
            {
              "Name": "nonce",
              "Type": "IBuffer"
            }
          ],
          "Name": "GetPackageSpecificToken"
        }
      ],
      "Events": [],
      "Name": "Windows.System.Profile.HardwareIdentification"
    },
    {
      "IsSealed": true,
      "Interfaces": [],
      "Constructors": [],
      "Properties": [
        {
          "Type": "IBuffer",
          "IsGet": true,
          "Name": "Certificate"
        },
        {
          "Type": "IBuffer",
          "IsGet": true,
          "Name": "Id"
        },
        {
          "Type": "IBuffer",
          "IsGet": true,
          "Name": "Signature"
        }
      ],
      "Fields": [],
      "Methods": [],
      "Events": [],
      "Name": "Windows.System.Profile.HardwareToken"
    },
    {
      "IsStatic": true,
      "Interfaces": [],
      "Constructors": [],
      "Properties": [
        {
          "Type": "String",
          "IsStatic": true,
          "IsGet": true,
          "Name": "BatteryLifeDescription"
        },
        {
          "Type": "String",
          "IsStatic": true,
          "IsGet": true,
          "Name": "DisplayDescription"
        },
        {
          "Type": "String",
          "IsStatic": true,
          "IsGet": true,
          "Name": "DisplayModelName"
        },
        {
          "Type": "String",
          "IsStatic": true,
          "IsGet": true,
          "Name": "FormFactor"
        },
        {
          "Type": "String",
          "IsStatic": true,
          "IsGet": true,
          "Name": "FrontCameraDescription"
        },
        {
          "Type": "String",
          "IsStatic": true,
          "IsGet": true,
          "Name": "GraphicsDescription"
        },
        {
          "Type": "String",
          "IsStatic": true,
          "IsGet": true,
          "Name": "HasNfc"
        },
        {
          "Type": "String",
          "IsStatic": true,
          "IsGet": true,
          "Name": "HasOpticalDrive"
        },
        {
          "Type": "String",
          "IsStatic": true,
          "IsGet": true,
          "Name": "HasSdSlot"
        },
        {
          "Type": "String",
          "IsStatic": true,
          "IsGet": true,
          "Name": "IsFeatured"
        },
        {
          "Type": "String",
          "IsStatic": true,
          "IsGet": true,
          "Name": "IsOfficeInstalled"
        },
        {
          "Type": "String",
          "IsStatic": true,
          "IsGet": true,
          "Name": "ManufacturerName"
        },
        {
          "Type": "String",
          "IsStatic": true,
          "IsGet": true,
          "Name": "Memory"
        },
        {
          "Type": "String",
          "IsStatic": true,
          "IsGet": true,
          "Name": "ModelName"
        },
        {
          "Type": "String",
          "IsStatic": true,
          "IsGet": true,
          "Name": "Price"
        },
        {
          "Type": "String",
          "IsStatic": true,
          "IsGet": true,
          "Name": "ProcessorDescription"
        },
        {
          "Type": "String",
          "IsStatic": true,
          "IsGet": true,
          "Name": "RearCameraDescription"
        },
        {
          "Type": "String",
          "IsStatic": true,
          "IsGet": true,
          "Name": "RetailAccessCode"
        },
        {
          "Type": "String",
          "IsStatic": true,
          "IsGet": true,
          "Name": "ScreenSize"
        },
        {
          "Type": "String",
          "IsStatic": true,
          "IsGet": true,
          "Name": "StorageDescription"
        },
        {
          "Type": "String",
          "IsStatic": true,
          "IsGet": true,
          "Name": "Weight"
        },
        {
          "Type": "String",
          "IsStatic": true,
          "IsGet": true,
          "Name": "WindowsEdition"
        }
      ],
      "Fields": [],
      "Methods": [],
      "Events": [],
      "Name": "Windows.System.Profile.KnownRetailInfoProperties"
    },
    {
      "IsStatic": true,
      "Interfaces": [],
      "Constructors": [],
      "Properties": [
        {
          "Type": "Boolean",
          "IsStatic": true,
          "IsGet": true,
          "Name": "IsDemoModeEnabled"
        },
        {
          "Type": "IReadOnlyDictionary<String,Object>",
          "IsStatic": true,
          "IsGet": true,
          "Name": "Properties"
        }
      ],
      "Fields": [],
      "Methods": [],
      "Events": [],
      "Name": "Windows.System.Profile.RetailInfo"
    },
    {
      "IsStatic": true,
      "Interfaces": [],
      "Constructors": [],
      "Properties": [
        {
          "Type": "String",
          "IsStatic": true,
          "IsGet": true,
          "Name": "SerialNumber"
        }
      ],
      "Fields": [],
      "Methods": [],
      "Events": [],
      "Name": "Windows.System.Profile.SystemManufacturers.SmbiosInformation"
    },
    {
      "IsSealed": true,
      "Interfaces": [],
      "Constructors": [],
      "Properties": [],
      "Fields": [],
      "Methods": [
        {
          "ReturnType": "Void",
          "Parameters": [
            {
              "Name": "data",
              "Type": "ValueSet"
            }
          ],
          "Name": "ReportCompleted"
        }
      ],
      "Events": [],
      "Name": "Windows.System.ProtocolForResultsOperation"
    },
    {
      "IsStatic": true,
      "Interfaces": [],
      "Constructors": [],
      "Properties": [
        {
          "Type": "Boolean",
          "IsStatic": true,
          "IsGet": true,
          "Name": "IsRemote"
        }
      ],
      "Fields": [],
      "Methods": [],
      "Events": [],
      "Name": "Windows.System.RemoteDesktop.InteractiveSession"
    },
    {
      "IsSealed": true,
      "Interfaces": [],
      "Constructors": [
        {
          "Parameters": [
            {
              "Name": "handler",
              "Type": "WorkItemHandler"
            }
          ]
        },
        {
          "Parameters": [
            {
              "Name": "handler",
              "Type": "WorkItemHandler"
            },
            {
              "Name": "priority",
              "Type": "WorkItemPriority"
            }
          ]
        },
        {
          "Parameters": [
            {
              "Name": "handler",
              "Type": "WorkItemHandler"
            },
            {
              "Name": "priority",
              "Type": "WorkItemPriority"
            },
            {
              "Name": "options",
              "Type": "WorkItemOptions"
            }
          ]
        }
      ],
      "Properties": [],
      "Fields": [],
      "Methods": [
        {
          "ReturnType": "IAsyncAction",
          "Name": "RunAsync"
        }
      ],
      "Events": [],
      "Name": "Windows.System.Threading.Core.PreallocatedWorkItem"
    },
    {
      "IsSealed": true,
      "Interfaces": [],
      "Constructors": [],
      "Properties": [],
      "Fields": [],
      "Methods": [
        {
          "IsStatic": true,
          "ReturnType": "SignalNotifier",
          "Parameters": [
            {
              "Name": "name",
              "Type": "String"
            },
            {
              "Name": "handler",
              "Type": "SignalHandler"
            }
          ],
          "Name": "AttachToEvent"
        },
        {
          "IsStatic": true,
          "ReturnType": "SignalNotifier",
          "Parameters": [
            {
              "Name": "name",
              "Type": "String"
            },
            {
              "Name": "handler",
              "Type": "SignalHandler"
            },
            {
              "Name": "timeout",
              "Type": "TimeSpan"
            }
          ],
          "Name": "AttachToEvent"
        },
        {
          "IsStatic": true,
          "ReturnType": "SignalNotifier",
          "Parameters": [
            {
              "Name": "name",
              "Type": "String"
            },
            {
              "Name": "handler",
              "Type": "SignalHandler"
            }
          ],
          "Name": "AttachToSemaphore"
        },
        {
          "IsStatic": true,
          "ReturnType": "SignalNotifier",
          "Parameters": [
            {
              "Name": "name",
              "Type": "String"
            },
            {
              "Name": "handler",
              "Type": "SignalHandler"
            },
            {
              "Name": "timeout",
              "Type": "TimeSpan"
            }
          ],
          "Name": "AttachToSemaphore"
        },
        {
          "ReturnType": "Void",
          "Name": "Enable"
        },
        {
          "ReturnType": "Void",
          "Name": "Terminate"
        }
      ],
      "Events": [],
      "Name": "Windows.System.Threading.Core.SignalNotifier"
    },
    {
      "IsStatic": true,
      "Interfaces": [],
      "Constructors": [],
      "Properties": [],
      "Fields": [],
      "Methods": [
        {
          "IsStatic": true,
          "ReturnType": "IAsyncAction",
          "Parameters": [
            {
              "Name": "handler",
              "Type": "WorkItemHandler"
            }
          ],
          "Name": "RunAsync"
        },
        {
          "IsStatic": true,
          "ReturnType": "IAsyncAction",
          "Parameters": [
            {
              "Name": "handler",
              "Type": "WorkItemHandler"
            },
            {
              "Name": "priority",
              "Type": "WorkItemPriority"
            }
          ],
          "Name": "RunAsync"
        },
        {
          "IsStatic": true,
          "ReturnType": "IAsyncAction",
          "Parameters": [
            {
              "Name": "handler",
              "Type": "WorkItemHandler"
            },
            {
              "Name": "priority",
              "Type": "WorkItemPriority"
            },
            {
              "Name": "options",
              "Type": "WorkItemOptions"
            }
          ],
          "Name": "RunAsync"
        }
      ],
      "Events": [],
      "Name": "Windows.System.Threading.ThreadPool"
    },
    {
      "IsSealed": true,
      "Interfaces": [],
      "Constructors": [],
      "Properties": [
        {
          "Type": "TimeSpan",
          "IsGet": true,
          "Name": "Delay"
        },
        {
          "Type": "TimeSpan",
          "IsGet": true,
          "Name": "Period"
        }
      ],
      "Fields": [],
      "Methods": [
        {
          "ReturnType": "Void",
          "Name": "Cancel"
        },
        {
          "IsStatic": true,
          "ReturnType": "ThreadPoolTimer",
          "Parameters": [
            {
              "Name": "handler",
              "Type": "TimerElapsedHandler"
            },
            {
              "Name": "period",
              "Type": "TimeSpan"
            }
          ],
          "Name": "CreatePeriodicTimer"
        },
        {
          "IsStatic": true,
          "ReturnType": "ThreadPoolTimer",
          "Parameters": [
            {
              "Name": "handler",
              "Type": "TimerElapsedHandler"
            },
            {
              "Name": "period",
              "Type": "TimeSpan"
            },
            {
              "Name": "destroyed",
              "Type": "TimerDestroyedHandler"
            }
          ],
          "Name": "CreatePeriodicTimer"
        },
        {
          "IsStatic": true,
          "ReturnType": "ThreadPoolTimer",
          "Parameters": [
            {
              "Name": "handler",
              "Type": "TimerElapsedHandler"
            },
            {
              "Name": "delay",
              "Type": "TimeSpan"
            }
          ],
          "Name": "CreateTimer"
        },
        {
          "IsStatic": true,
          "ReturnType": "ThreadPoolTimer",
          "Parameters": [
            {
              "Name": "handler",
              "Type": "TimerElapsedHandler"
            },
            {
              "Name": "delay",
              "Type": "TimeSpan"
            },
            {
              "Name": "destroyed",
              "Type": "TimerDestroyedHandler"
            }
          ],
          "Name": "CreateTimer"
        }
      ],
      "Events": [],
      "Name": "Windows.System.Threading.ThreadPoolTimer"
    },
    {
      "IsSealed": true,
      "Interfaces": [],
      "Constructors": [],
      "Properties": [
        {
          "Type": "UserAuthenticationStatus",
          "IsGet": true,
          "Name": "AuthenticationStatus"
        },
        {
          "Type": "String",
          "IsGet": true,
          "Name": "DisplayName"
        },
        {
          "Type": "String",
          "IsGet": true,
          "Name": "NonRoamableId"
        },
        {
          "Type": "IPropertySet",
          "IsGet": true,
          "Name": "Properties"
        },
        {
          "Type": "UserType",
          "IsGet": true,
          "Name": "Type"
        }
      ],
      "Fields": [],
      "Methods": [
        {
          "IsStatic": true,
          "ReturnType": "UserWatcher",
          "Name": "CreateWatcher"
        },
        {
          "IsStatic": true,
          "ReturnType": "IAsyncOperation<IReadOnlyList<User>>",
          "Name": "FindAllAsync"
        },
        {
          "IsStatic": true,
          "ReturnType": "IAsyncOperation<IReadOnlyList<User>>",
          "Parameters": [
            {
              "Name": "type",
              "Type": "UserType"
            }
          ],
          "Name": "FindAllAsync"
        },
        {
          "IsStatic": true,
          "ReturnType": "IAsyncOperation<IReadOnlyList<User>>",
          "Parameters": [
            {
              "Name": "type",
              "Type": "UserType"
            },
            {
              "Name": "status",
              "Type": "UserAuthenticationStatus"
            }
          ],
          "Name": "FindAllAsync"
        },
        {
          "IsStatic": true,
          "ReturnType": "User",
          "Parameters": [
            {
              "Name": "nonRoamableId",
              "Type": "String"
            }
          ],
          "Name": "GetFromId"
        },
        {
          "ReturnType": "IRandomAccessStreamReference",
          "Parameters": [
            {
              "Name": "desiredSize",
              "Type": "UserPictureSize"
            }
          ],
          "Name": "GetPicture"
        }
      ],
      "Events": [],
      "Name": "Windows.System.User"
    },
    {
      "IsSealed": true,
      "Interfaces": [],
      "Constructors": [],
      "Properties": [],
      "Fields": [],
      "Methods": [
        {
          "ReturnType": "Void",
          "Name": "Complete"
        }
      ],
      "Events": [],
      "Name": "Windows.System.UserAuthenticationStatusChangeDeferral"
    },
    {
      "IsSealed": true,
      "Interfaces": [],
      "Constructors": [],
      "Properties": [
        {
          "Type": "UserAuthenticationStatus",
          "IsGet": true,
          "Name": "CurrentStatus"
        },
        {
          "Type": "UserAuthenticationStatus",
          "IsGet": true,
          "Name": "NewStatus"
        },
        {
          "Type": "User",
          "IsGet": true,
          "Name": "User"
        }
      ],
      "Fields": [],
      "Methods": [
        {
          "ReturnType": "UserAuthenticationStatusChangeDeferral",
          "Name": "GetDeferral"
        }
      ],
      "Events": [],
      "Name": "Windows.System.UserAuthenticationStatusChangingEventArgs"
    },
    {
      "IsSealed": true,
      "Interfaces": [],
      "Constructors": [],
      "Properties": [
        {
          "Type": "User",
          "IsGet": true,
          "Name": "User"
        }
      ],
      "Fields": [],
      "Methods": [],
      "Events": [],
      "Name": "Windows.System.UserChangedEventArgs"
    },
    {
      "IsStatic": true,
      "Interfaces": [],
      "Constructors": [],
      "Properties": [
        {
          "Type": "String",
          "IsStatic": true,
          "IsGet": true,
          "Name": "AdvertisingId"
        }
      ],
      "Fields": [],
      "Methods": [],
      "Events": [],
      "Name": "Windows.System.UserProfile.AdvertisingManager"
    },
    {
      "IsStatic": true,
      "Interfaces": [],
      "Constructors": [],
      "Properties": [
        {
          "Type": "IReadOnlyList<String>",
          "IsStatic": true,
          "IsGet": true,
          "Name": "Calendars"
        },
        {
          "Type": "IReadOnlyList<String>",
          "IsStatic": true,
          "IsGet": true,
          "Name": "Clocks"
        },
        {
          "Type": "IReadOnlyList<String>",
          "IsStatic": true,
          "IsGet": true,
          "Name": "Currencies"
        },
        {
          "Type": "String",
          "IsStatic": true,
          "IsGet": true,
          "Name": "HomeGeographicRegion"
        },
        {
          "Type": "IReadOnlyList<String>",
          "IsStatic": true,
          "IsGet": true,
          "Name": "Languages"
        },
        {
          "Type": "DayOfWeek",
          "IsStatic": true,
          "IsGet": true,
          "Name": "WeekStartsOn"
        }
      ],
      "Fields": [],
      "Methods": [],
      "Events": [],
      "Name": "Windows.System.UserProfile.GlobalizationPreferences"
    },
    {
      "IsStatic": true,
      "Interfaces": [],
      "Constructors": [],
      "Properties": [
        {
          "Type": "Uri",
          "IsStatic": true,
          "IsGet": true,
          "Name": "OriginalImageFile"
        }
      ],
      "Fields": [],
      "Methods": [
        {
          "IsStatic": true,
          "ReturnType": "IRandomAccessStream",
          "Name": "GetImageStream"
        },
        {
          "IsStatic": true,
          "ReturnType": "IAsyncOperation<SetImageFeedResult>",
          "Parameters": [
            {
              "Name": "syndicationFeedUri",
              "Type": "Uri"
            }
          ],
          "Name": "RequestSetImageFeedAsync"
        },
        {
          "IsStatic": true,
          "ReturnType": "IAsyncAction",
          "Parameters": [
            {
              "Name": "value",
              "Type": "IStorageFile"
            }
          ],
          "Name": "SetImageFileAsync"
        },
        {
          "IsStatic": true,
          "ReturnType": "IAsyncAction",
          "Parameters": [
            {
              "Name": "value",
              "Type": "IRandomAccessStream"
            }
          ],
          "Name": "SetImageStreamAsync"
        },
        {
          "IsStatic": true,
          "ReturnType": "Boolean",
          "Name": "TryRemoveImageFeed"
        }
      ],
      "Events": [],
      "Name": "Windows.System.UserProfile.LockScreen"
    },
    {
      "IsStatic": true,
      "Interfaces": [],
      "Constructors": [],
      "Properties": [
        {
          "Type": "Boolean",
          "IsStatic": true,
          "IsGet": true,
          "Name": "AccountPictureChangeEnabled"
        },
        {
          "Type": "Boolean",
          "IsStatic": true,
          "IsGet": true,
          "Name": "NameAccessAllowed"
        }
      ],
      "Fields": [],
      "Methods": [
        {
          "IsStatic": true,
          "ReturnType": "IStorageFile",
          "Parameters": [
            {
              "Name": "kind",
              "Type": "AccountPictureKind"
            }
          ],
          "Name": "GetAccountPicture"
        },
        {
          "IsStatic": true,
          "ReturnType": "IAsyncOperation<String>",
          "Name": "GetDisplayNameAsync"
        },
        {
          "IsStatic": true,
          "ReturnType": "IAsyncOperation<String>",
          "Name": "GetDomainNameAsync"
        },
        {
          "IsStatic": true,
          "ReturnType": "IAsyncOperation<String>",
          "Name": "GetFirstNameAsync"
        },
        {
          "IsStatic": true,
          "ReturnType": "IAsyncOperation<String>",
          "Name": "GetLastNameAsync"
        },
        {
          "IsStatic": true,
          "ReturnType": "IAsyncOperation<String>",
          "Name": "GetPrincipalNameAsync"
        },
        {
          "IsStatic": true,
          "ReturnType": "IAsyncOperation<Uri>",
          "Name": "GetSessionInitiationProtocolUriAsync"
        },
        {
          "IsStatic": true,
          "ReturnType": "IAsyncOperation<SetAccountPictureResult>",
          "Parameters": [
            {
              "Name": "image",
              "Type": "IStorageFile"
            }
          ],
          "Name": "SetAccountPictureAsync"
        },
        {
          "IsStatic": true,
          "ReturnType": "IAsyncOperation<SetAccountPictureResult>",
          "Parameters": [
            {
              "Name": "image",
              "Type": "IRandomAccessStream"
            }
          ],
          "Name": "SetAccountPictureFromStreamAsync"
        },
        {
          "IsStatic": true,
          "ReturnType": "IAsyncOperation<SetAccountPictureResult>",
          "Parameters": [
            {
              "Name": "smallImage",
              "Type": "IStorageFile"
            },
            {
              "Name": "largeImage",
              "Type": "IStorageFile"
            },
            {
              "Name": "video",
              "Type": "IStorageFile"
            }
          ],
          "Name": "SetAccountPicturesAsync"
        },
        {
          "IsStatic": true,
          "ReturnType": "IAsyncOperation<SetAccountPictureResult>",
          "Parameters": [
            {
              "Name": "smallImage",
              "Type": "IRandomAccessStream"
            },
            {
              "Name": "largeImage",
              "Type": "IRandomAccessStream"
            },
            {
              "Name": "video",
              "Type": "IRandomAccessStream"
            }
          ],
          "Name": "SetAccountPicturesFromStreamsAsync"
        }
      ],
      "Events": [
        {
          "Type": "EventHandler<Object>",
          "IsStatic": true,
          "Name": "AccountPictureChanged"
        }
      ],
      "Name": "Windows.System.UserProfile.UserInformation"
    },
    {
      "IsSealed": true,
      "Interfaces": [],
      "Constructors": [],
      "Properties": [
        {
          "Type": "UserWatcherStatus",
          "IsGet": true,
          "Name": "Status"
        }
      ],
      "Fields": [],
      "Methods": [
        {
          "ReturnType": "Void",
          "Name": "Start"
        },
        {
          "ReturnType": "Void",
          "Name": "Stop"
        }
      ],
      "Events": [
        {
          "Type": "TypedEventHandler<UserWatcher,UserChangedEventArgs>",
          "Name": "Added"
        },
        {
          "Type": "TypedEventHandler<UserWatcher,UserChangedEventArgs>",
          "Name": "AuthenticationStatusChanged"
        },
        {
          "Type": "TypedEventHandler<UserWatcher,UserAuthenticationStatusChangingEventArgs>",
          "Name": "AuthenticationStatusChanging"
        },
        {
          "Type": "TypedEventHandler<UserWatcher,Object>",
          "Name": "EnumerationCompleted"
        },
        {
          "Type": "TypedEventHandler<UserWatcher,UserChangedEventArgs>",
          "Name": "Removed"
        },
        {
          "Type": "TypedEventHandler<UserWatcher,Object>",
          "Name": "Stopped"
        },
        {
          "Type": "TypedEventHandler<UserWatcher,UserChangedEventArgs>",
          "Name": "Updated"
        }
      ],
      "Name": "Windows.System.UserWatcher"
    }
  ],
  "Structs": [
    {
      "Interfaces": [],
      "Constructors": [],
      "Properties": [],
      "Fields": [],
      "Methods": [],
      "Events": [],
      "Name": "Windows.System.UserProfile.UserProfileContract"
    }
  ],
  "Interfaces": [
    {
      "Interfaces": [],
      "Properties": [
        {
          "Type": "ViewSizePreference",
          "IsGet": true,
          "IsSet": true,
          "Name": "DesiredRemainingView"
        }
      ],
      "Methods": [],
      "Events": [],
      "Name": "Windows.System.ILauncherViewOptions"
    },
    {
      "Interfaces": [],
      "Properties": [],
      "Methods": [
        {
          "ReturnType": "UInt32",
          "Name": "GetOperationCompletedEventHandle"
        },
        {
          "ReturnType": "IBuffer",
          "Name": "GetOperationResultBuffer"
        }
      ],
      "Events": [],
      "Name": "Windows.System.IProtocolForResultsOperationSourcePriv"
    },
    {
      "Interfaces": [],
      "Properties": [],
      "Methods": [
        {
          "ReturnType": "Void",
          "Parameters": [
            {
              "Name": "data",
              "Type": "IBuffer"
            }
          ],
          "Name": "ReportCompletedPriv"
        }
      ],
      "Events": [],
      "Name": "Windows.System.IProtocolForResultsOperationTargetPriv"
    },
    {
      "Interfaces": [],
      "Properties": [],
      "Methods": [
        {
          "ReturnType": "ValueSet",
          "Name": "BlockAndGetResults"
        }
      ],
      "Events": [],
      "Name": "Windows.System.IProtocolOperationWaitForResultsPriv"
    },
    {
      "Interfaces": [],
      "Properties": [
        {
          "Type": "IBuffer",
          "IsGet": true,
          "Name": "Buffer"
        },
        {
          "Type": "ValueSet",
          "IsGet": true,
          "Name": "ValueSet"
        }
      ],
      "Methods": [],
      "Events": [],
      "Name": "Windows.System.IValueSetProvider"
    }
  ],
  "Enums": [
    {
      "BaseType": "Int32",
      "Values": [
        {
          "Value": "0",
          "Name": "Low"
        },
        {
          "Value": "1",
          "Name": "Medium"
        },
        {
          "Value": "2",
          "Name": "High"
        }
      ],
      "Name": "Windows.System.AppMemoryUsageLevel"
    },
    {
      "BaseType": "Int32",
      "Values": [
        {
          "Value": "0",
          "Name": "NotPresent"
        },
        {
          "Value": "1",
          "Name": "Discharging"
        },
        {
          "Value": "2",
          "Name": "Idle"
        },
        {
          "Value": "3",
          "Name": "Charging"
        }
      ],
      "Name": "Windows.System.BatteryStatus"
    },
    {
      "BaseType": "Int32",
      "Values": [
        {
          "Value": "0",
          "Name": "Success"
        },
        {
          "Value": "1",
          "Name": "AppUnavailable"
        },
        {
          "Value": "2",
          "Name": "ProtocolUnavailable"
        },
        {
          "Value": "3",
          "Name": "Unknown"
        }
      ],
      "Name": "Windows.System.LaunchUriStatus"
    },
    {
      "BaseType": "Int32",
      "Values": [
        {
          "Value": "0",
          "Name": "LaunchUri"
        },
        {
          "Value": "1",
          "Name": "LaunchUriForResults"
        }
      ],
      "Name": "Windows.System.LaunchUriType"
    },
    {
      "BaseType": "Int32",
      "Values": [
        {
          "Value": "0",
          "Name": "Disabled"
        },
        {
          "Value": "1",
          "Name": "Off"
        },
        {
          "Value": "2",
          "Name": "On"
        }
      ],
      "Name": "Windows.System.PowerSavingStatus"
    },
    {
      "BaseType": "Int32",
      "Values": [
        {
          "Value": "0",
          "Name": "NotPresent"
        },
        {
          "Value": "1",
          "Name": "Inadequate"
        },
        {
          "Value": "2",
          "Name": "Adequate"
        }
      ],
      "Name": "Windows.System.PowerSupplyStatus"
    },
    {
      "BaseType": "Int32",
      "Values": [
        {
          "Value": "0",
          "Name": "X86"
        },
        {
          "Value": "5",
          "Name": "Arm"
        },
        {
          "Value": "9",
          "Name": "X64"
        },
        {
          "Value": "11",
          "Name": "Neutral"
        },
        {
          "Value": "65535",
          "Name": "Unknown"
        }
      ],
      "Name": "Windows.System.ProcessorArchitecture"
    },
    {
      "BaseType": "Int32",
      "Values": [
        {
          "Value": "0",
          "Name": "Success"
        },
        {
          "Value": "1",
          "Name": "AppNotInstalled"
        },
        {
          "Value": "2",
          "Name": "AppUnavailable"
        },
        {
          "Value": "3",
          "Name": "ProtocolUnavailable"
        },
        {
          "Value": "4",
          "Name": "Unknown"
        }
      ],
      "Name": "Windows.System.QueryUriSupportStatus"
    },
    {
      "IsFlags": true,
      "BaseType": "UInt32",
      "Values": [
        {
          "Value": "0",
          "Name": "None"
        },
        {
          "Value": "1",
          "Name": "TimeSliced"
        }
      ],
      "Name": "Windows.System.Threading.WorkItemOptions"
    },
    {
      "BaseType": "Int32",
      "Values": [
        {
          "Value": "-1",
          "Name": "Low"
        },
        {
          "Value": "0",
          "Name": "Normal"
        },
        {
          "Value": "1",
          "Name": "High"
        }
      ],
      "Name": "Windows.System.Threading.WorkItemPriority"
    },
    {
      "BaseType": "Int32",
      "Values": [
        {
          "Value": "0",
          "Name": "Unauthenticated"
        },
        {
          "Value": "1",
          "Name": "LocallyAuthenticated"
        },
        {
          "Value": "2",
          "Name": "RemotelyAuthenticated"
        }
      ],
      "Name": "Windows.System.UserAuthenticationStatus"
    },
    {
      "BaseType": "Int32",
      "Values": [
        {
          "Value": "0",
          "Name": "Size64x64"
        },
        {
          "Value": "1",
          "Name": "Size208x208"
        },
        {
          "Value": "2",
          "Name": "Size424x424"
        },
        {
          "Value": "3",
          "Name": "Size1080x1080"
        }
      ],
      "Name": "Windows.System.UserPictureSize"
    },
    {
      "BaseType": "Int32",
      "Values": [
        {
          "Value": "0",
          "Name": "SmallImage"
        },
        {
          "Value": "1",
          "Name": "LargeImage"
        },
        {
          "Value": "2",
          "Name": "Video"
        }
      ],
      "Name": "Windows.System.UserProfile.AccountPictureKind"
    },
    {
      "BaseType": "Int32",
      "Values": [
        {
          "Value": "0",
          "Name": "Success"
        },
        {
          "Value": "1",
          "Name": "ChangeDisabled"
        },
        {
          "Value": "2",
          "Name": "LargeOrDynamicError"
        },
        {
          "Value": "3",
          "Name": "VideoFrameSizeError"
        },
        {
          "Value": "4",
          "Name": "FileSizeError"
        },
        {
          "Value": "5",
          "Name": "Failure"
        }
      ],
      "Name": "Windows.System.UserProfile.SetAccountPictureResult"
    },
    {
      "BaseType": "Int32",
      "Values": [
        {
          "Value": "0",
          "Name": "Success"
        },
        {
          "Value": "1",
          "Name": "ChangeDisabled"
        },
        {
          "Value": "2",
          "Name": "UserCanceled"
        }
      ],
      "Name": "Windows.System.UserProfile.SetImageFeedResult"
    },
    {
      "BaseType": "Int32",
      "Values": [
        {
          "Value": "0",
          "Name": "LocalUser"
        },
        {
          "Value": "1",
          "Name": "RemoteUser"
        },
        {
          "Value": "2",
          "Name": "LocalGuest"
        },
        {
          "Value": "3",
          "Name": "RemoteGuest"
        }
      ],
      "Name": "Windows.System.UserType"
    },
    {
      "BaseType": "Int32",
      "Values": [
        {
          "Value": "0",
          "Name": "Created"
        },
        {
          "Value": "1",
          "Name": "Started"
        },
        {
          "Value": "2",
          "Name": "EnumerationCompleted"
        },
        {
          "Value": "3",
          "Name": "Stopping"
        },
        {
          "Value": "4",
          "Name": "Stopped"
        },
        {
          "Value": "5",
          "Name": "Aborted"
        }
      ],
      "Name": "Windows.System.UserWatcherStatus"
    },
    {
      "BaseType": "Int32",
      "Values": [
        {
          "Value": "0",
          "Name": "None"
        },
        {
          "Value": "1",
          "Name": "LeftButton"
        },
        {
          "Value": "2",
          "Name": "RightButton"
        },
        {
          "Value": "3",
          "Name": "Cancel"
        },
        {
          "Value": "4",
          "Name": "MiddleButton"
        },
        {
          "Value": "5",
          "Name": "XButton1"
        },
        {
          "Value": "6",
          "Name": "XButton2"
        },
        {
          "Value": "8",
          "Name": "Back"
        },
        {
          "Value": "9",
          "Name": "Tab"
        },
        {
          "Value": "12",
          "Name": "Clear"
        },
        {
          "Value": "13",
          "Name": "Enter"
        },
        {
          "Value": "16",
          "Name": "Shift"
        },
        {
          "Value": "17",
          "Name": "Control"
        },
        {
          "Value": "18",
          "Name": "Menu"
        },
        {
          "Value": "19",
          "Name": "Pause"
        },
        {
          "Value": "20",
          "Name": "CapitalLock"
        },
        {
          "Value": "21",
          "Name": "Kana"
        },
        {
          "Value": "21",
          "Name": "Hangul"
        },
        {
          "Value": "23",
          "Name": "Junja"
        },
        {
          "Value": "24",
          "Name": "Final"
        },
        {
          "Value": "25",
          "Name": "Hanja"
        },
        {
          "Value": "25",
          "Name": "Kanji"
        },
        {
          "Value": "27",
          "Name": "Escape"
        },
        {
          "Value": "28",
          "Name": "Convert"
        },
        {
          "Value": "29",
          "Name": "NonConvert"
        },
        {
          "Value": "30",
          "Name": "Accept"
        },
        {
          "Value": "31",
          "Name": "ModeChange"
        },
        {
          "Value": "32",
          "Name": "Space"
        },
        {
          "Value": "33",
          "Name": "PageUp"
        },
        {
          "Value": "34",
          "Name": "PageDown"
        },
        {
          "Value": "35",
          "Name": "End"
        },
        {
          "Value": "36",
          "Name": "Home"
        },
        {
          "Value": "37",
          "Name": "Left"
        },
        {
          "Value": "38",
          "Name": "Up"
        },
        {
          "Value": "39",
          "Name": "Right"
        },
        {
          "Value": "40",
          "Name": "Down"
        },
        {
          "Value": "41",
          "Name": "Select"
        },
        {
          "Value": "42",
          "Name": "Print"
        },
        {
          "Value": "43",
          "Name": "Execute"
        },
        {
          "Value": "44",
          "Name": "Snapshot"
        },
        {
          "Value": "45",
          "Name": "Insert"
        },
        {
          "Value": "46",
          "Name": "Delete"
        },
        {
          "Value": "47",
          "Name": "Help"
        },
        {
          "Value": "48",
          "Name": "Number0"
        },
        {
          "Value": "49",
          "Name": "Number1"
        },
        {
          "Value": "50",
          "Name": "Number2"
        },
        {
          "Value": "51",
          "Name": "Number3"
        },
        {
          "Value": "52",
          "Name": "Number4"
        },
        {
          "Value": "53",
          "Name": "Number5"
        },
        {
          "Value": "54",
          "Name": "Number6"
        },
        {
          "Value": "55",
          "Name": "Number7"
        },
        {
          "Value": "56",
          "Name": "Number8"
        },
        {
          "Value": "57",
          "Name": "Number9"
        },
        {
          "Value": "65",
          "Name": "A"
        },
        {
          "Value": "66",
          "Name": "B"
        },
        {
          "Value": "67",
          "Name": "C"
        },
        {
          "Value": "68",
          "Name": "D"
        },
        {
          "Value": "69",
          "Name": "E"
        },
        {
          "Value": "70",
          "Name": "F"
        },
        {
          "Value": "71",
          "Name": "G"
        },
        {
          "Value": "72",
          "Name": "H"
        },
        {
          "Value": "73",
          "Name": "I"
        },
        {
          "Value": "74",
          "Name": "J"
        },
        {
          "Value": "75",
          "Name": "K"
        },
        {
          "Value": "76",
          "Name": "L"
        },
        {
          "Value": "77",
          "Name": "M"
        },
        {
          "Value": "78",
          "Name": "N"
        },
        {
          "Value": "79",
          "Name": "O"
        },
        {
          "Value": "80",
          "Name": "P"
        },
        {
          "Value": "81",
          "Name": "Q"
        },
        {
          "Value": "82",
          "Name": "R"
        },
        {
          "Value": "83",
          "Name": "S"
        },
        {
          "Value": "84",
          "Name": "T"
        },
        {
          "Value": "85",
          "Name": "U"
        },
        {
          "Value": "86",
          "Name": "V"
        },
        {
          "Value": "87",
          "Name": "W"
        },
        {
          "Value": "88",
          "Name": "X"
        },
        {
          "Value": "89",
          "Name": "Y"
        },
        {
          "Value": "90",
          "Name": "Z"
        },
        {
          "Value": "91",
          "Name": "LeftWindows"
        },
        {
          "Value": "92",
          "Name": "RightWindows"
        },
        {
          "Value": "93",
          "Name": "Application"
        },
        {
          "Value": "95",
          "Name": "Sleep"
        },
        {
          "Value": "96",
          "Name": "NumberPad0"
        },
        {
          "Value": "97",
          "Name": "NumberPad1"
        },
        {
          "Value": "98",
          "Name": "NumberPad2"
        },
        {
          "Value": "99",
          "Name": "NumberPad3"
        },
        {
          "Value": "100",
          "Name": "NumberPad4"
        },
        {
          "Value": "101",
          "Name": "NumberPad5"
        },
        {
          "Value": "102",
          "Name": "NumberPad6"
        },
        {
          "Value": "103",
          "Name": "NumberPad7"
        },
        {
          "Value": "104",
          "Name": "NumberPad8"
        },
        {
          "Value": "105",
          "Name": "NumberPad9"
        },
        {
          "Value": "106",
          "Name": "Multiply"
        },
        {
          "Value": "107",
          "Name": "Add"
        },
        {
          "Value": "108",
          "Name": "Separator"
        },
        {
          "Value": "109",
          "Name": "Subtract"
        },
        {
          "Value": "110",
          "Name": "Decimal"
        },
        {
          "Value": "111",
          "Name": "Divide"
        },
        {
          "Value": "112",
          "Name": "F1"
        },
        {
          "Value": "113",
          "Name": "F2"
        },
        {
          "Value": "114",
          "Name": "F3"
        },
        {
          "Value": "115",
          "Name": "F4"
        },
        {
          "Value": "116",
          "Name": "F5"
        },
        {
          "Value": "117",
          "Name": "F6"
        },
        {
          "Value": "118",
          "Name": "F7"
        },
        {
          "Value": "119",
          "Name": "F8"
        },
        {
          "Value": "120",
          "Name": "F9"
        },
        {
          "Value": "121",
          "Name": "F10"
        },
        {
          "Value": "122",
          "Name": "F11"
        },
        {
          "Value": "123",
          "Name": "F12"
        },
        {
          "Value": "124",
          "Name": "F13"
        },
        {
          "Value": "125",
          "Name": "F14"
        },
        {
          "Value": "126",
          "Name": "F15"
        },
        {
          "Value": "127",
          "Name": "F16"
        },
        {
          "Value": "128",
          "Name": "F17"
        },
        {
          "Value": "129",
          "Name": "F18"
        },
        {
          "Value": "130",
          "Name": "F19"
        },
        {
          "Value": "131",
          "Name": "F20"
        },
        {
          "Value": "132",
          "Name": "F21"
        },
        {
          "Value": "133",
          "Name": "F22"
        },
        {
          "Value": "134",
          "Name": "F23"
        },
        {
          "Value": "135",
          "Name": "F24"
        },
        {
          "Value": "136",
          "Name": "NavigationView"
        },
        {
          "Value": "137",
          "Name": "NavigationMenu"
        },
        {
          "Value": "138",
          "Name": "NavigationUp"
        },
        {
          "Value": "139",
          "Name": "NavigationDown"
        },
        {
          "Value": "140",
          "Name": "NavigationLeft"
        },
        {
          "Value": "141",
          "Name": "NavigationRight"
        },
        {
          "Value": "142",
          "Name": "NavigationAccept"
        },
        {
          "Value": "143",
          "Name": "NavigationCancel"
        },
        {
          "Value": "144",
          "Name": "NumberKeyLock"
        },
        {
          "Value": "145",
          "Name": "Scroll"
        },
        {
          "Value": "160",
          "Name": "LeftShift"
        },
        {
          "Value": "161",
          "Name": "RightShift"
        },
        {
          "Value": "162",
          "Name": "LeftControl"
        },
        {
          "Value": "163",
          "Name": "RightControl"
        },
        {
          "Value": "164",
          "Name": "LeftMenu"
        },
        {
          "Value": "165",
          "Name": "RightMenu"
        },
        {
          "Value": "166",
          "Name": "GoBack"
        },
        {
          "Value": "167",
          "Name": "GoForward"
        },
        {
          "Value": "168",
          "Name": "Refresh"
        },
        {
          "Value": "169",
          "Name": "Stop"
        },
        {
          "Value": "170",
          "Name": "Search"
        },
        {
          "Value": "171",
          "Name": "Favorites"
        },
        {
          "Value": "172",
          "Name": "GoHome"
        },
        {
          "Value": "195",
          "Name": "GamepadA"
        },
        {
          "Value": "196",
          "Name": "GamepadB"
        },
        {
          "Value": "197",
          "Name": "GamepadX"
        },
        {
          "Value": "198",
          "Name": "GamepadY"
        },
        {
          "Value": "199",
          "Name": "GamepadRightShoulder"
        },
        {
          "Value": "200",
          "Name": "GamepadLeftShoulder"
        },
        {
          "Value": "201",
          "Name": "GamepadLeftTrigger"
        },
        {
          "Value": "202",
          "Name": "GamepadRightTrigger"
        },
        {
          "Value": "203",
          "Name": "GamepadDPadUp"
        },
        {
          "Value": "204",
          "Name": "GamepadDPadDown"
        },
        {
          "Value": "205",
          "Name": "GamepadDPadLeft"
        },
        {
          "Value": "206",
          "Name": "GamepadDPadRight"
        },
        {
          "Value": "207",
          "Name": "GamepadMenu"
        },
        {
          "Value": "208",
          "Name": "GamepadView"
        },
        {
          "Value": "209",
          "Name": "GamepadLeftThumbstickButton"
        },
        {
          "Value": "210",
          "Name": "GamepadRightThumbstickButton"
        },
        {
          "Value": "211",
          "Name": "GamepadLeftThumbstickUp"
        },
        {
          "Value": "212",
          "Name": "GamepadLeftThumbstickDown"
        },
        {
          "Value": "213",
          "Name": "GamepadLeftThumbstickRight"
        },
        {
          "Value": "214",
          "Name": "GamepadLeftThumbstickLeft"
        },
        {
          "Value": "215",
          "Name": "GamepadRightThumbstickUp"
        },
        {
          "Value": "216",
          "Name": "GamepadRightThumbstickDown"
        },
        {
          "Value": "217",
          "Name": "GamepadRightThumbstickRight"
        },
        {
          "Value": "218",
          "Name": "GamepadRightThumbstickLeft"
        }
      ],
      "Name": "Windows.System.VirtualKey"
    },
    {
      "IsFlags": true,
      "BaseType": "UInt32",
      "Values": [
        {
          "Value": "0",
          "Name": "None"
        },
        {
          "Value": "1",
          "Name": "Control"
        },
        {
          "Value": "2",
          "Name": "Menu"
        },
        {
          "Value": "4",
          "Name": "Shift"
        },
        {
          "Value": "8",
          "Name": "Windows"
        }
      ],
      "Name": "Windows.System.VirtualKeyModifiers"
    }
  ],
  "Delegates": [
    {
      "ReturnType": "Void",
      "Parameters": [
        {
          "Name": "timer",
          "Type": "ThreadPoolTimer"
        }
      ],
      "Name": "Windows.System.Threading.TimerElapsedHandler"
    },
    {
      "ReturnType": "Void",
      "Parameters": [
        {
          "Name": "timer",
          "Type": "ThreadPoolTimer"
        }
      ],
      "Name": "Windows.System.Threading.TimerDestroyedHandler"
    },
    {
      "ReturnType": "Void",
      "Parameters": [
        {
          "Name": "operation",
          "Type": "IAsyncAction"
        }
      ],
      "Name": "Windows.System.Threading.WorkItemHandler"
    },
    {
      "ReturnType": "Void",
      "Parameters": [
        {
          "Name": "signalNotifier",
          "Type": "SignalNotifier"
        },
        {
          "Name": "timedOut",
          "Type": "Boolean"
        }
      ],
      "Name": "Windows.System.Threading.Core.SignalHandler"
    }
  ]
}