{
  "Name": "Windows.Management, Version=255.255.255.255, Culture=neutral, PublicKeyToken=null, ContentType=WindowsRuntime",
  "Classes": [
    {
      "IsSealed": true,
      "Interfaces": [],
      "Constructors": [],
      "Properties": [],
      "Fields": [],
      "Methods": [
        {
          "IsStatic": true,
          "ReturnType": "ApplicationData",
          "Parameters": [
            {
              "Name": "packageFamilyName",
              "Type": "String"
            }
          ],
          "Name": "CreateForPackageFamily"
        }
      ],
      "Events": [],
      "Name": "Windows.Management.Core.ApplicationDataManager"
    },
    {
      "IsSealed": true,
      "Interfaces": [],
      "Constructors": [],
      "Properties": [
        {
          "Type": "Guid",
          "IsGet": true,
          "Name": "ActivityId"
        },
        {
          "Type": "String",
          "IsGet": true,
          "Name": "ErrorText"
        },
        {
          "Type": "Exception",
          "IsGet": true,
          "Name": "ExtendedErrorCode"
        }
      ],
      "Fields": [],
      "Methods": [],
      "Events": [],
      "Name": "Windows.Management.Deployment.DeploymentResult"
    },
    {
      "IsSealed": true,
      "Interfaces": [],
      "Constructors": [],
      "Properties": [],
      "Fields": [],
      "Methods": [
        {
          "ReturnType": "IAsyncOperationWithProgress<DeploymentResult,DeploymentProgress>",
          "Parameters": [
            {
              "Name": "packageUri",
              "Type": "Uri"
            },
            {
              "Name": "dependencyPackageUris",
              "Type": "IEnumerable<Uri>"
            },
            {
              "Name": "deploymentOptions",
              "Type": "DeploymentOptions"
            }
          ],
          "Name": "AddPackageAsync"
        },
        {
          "ReturnType": "IAsyncOperationWithProgress<DeploymentResult,DeploymentProgress>",
          "Parameters": [
            {
              "Name": "packageUri",
              "Type": "Uri"
            },
            {
              "Name": "dependencyPackageUris",
              "Type": "IEnumerable<Uri>"
            },
            {
              "Name": "deploymentOptions",
              "Type": "DeploymentOptions"
            },
            {
              "Name": "targetVolume",
              "Type": "PackageVolume"
            }
          ],
          "Name": "AddPackageAsync"
        },
        {
          "ReturnType": "IAsyncOperation<PackageVolume>",
          "Parameters": [
            {
              "Name": "packageStorePath",
              "Type": "String"
            }
          ],
          "Name": "AddPackageVolumeAsync"
        },
        {
          "ReturnType": "IAsyncOperationWithProgress<DeploymentResult,DeploymentProgress>",
          "Parameters": [
            {
              "Name": "packageName",
              "Type": "String"
            },
            {
              "Name": "userSecurityId",
              "Type": "String"
            }
          ],
          "Name": "CleanupPackageForUserAsync"
        },
        {
          "ReturnType": "Void",
          "Parameters": [
            {
              "Name": "packageFullName",
              "Type": "String"
            },
            {
              "Name": "status",
              "Type": "PackageStatus"
            }
          ],
          "Name": "ClearPackageStatus"
        },
        {
          "ReturnType": "Package",
          "Parameters": [
            {
              "Name": "packageFullName",
              "Type": "String"
            }
          ],
          "Name": "FindPackage"
        },
        {
          "ReturnType": "Package",
          "Parameters": [
            {
              "Name": "userSecurityId",
              "Type": "String"
            },
            {
              "Name": "packageFullName",
              "Type": "String"
            }
          ],
          "Name": "FindPackageForUser"
        },
        {
          "ReturnType": "IEnumerable<Package>",
          "Name": "FindPackages"
        },
        {
          "ReturnType": "IEnumerable<Package>",
          "Parameters": [
            {
              "Name": "packageName",
              "Type": "String"
            },
            {
              "Name": "packagePublisher",
              "Type": "String"
            }
          ],
          "Name": "FindPackages"
        },
        {
          "ReturnType": "IEnumerable<Package>",
          "Parameters": [
            {
              "Name": "packageFamilyName",
              "Type": "String"
            }
          ],
          "Name": "FindPackages"
        },
        {
          "ReturnType": "IEnumerable<Package>",
          "Parameters": [
            {
              "Name": "userSecurityId",
              "Type": "String"
            }
          ],
          "Name": "FindPackagesForUser"
        },
        {
          "ReturnType": "IEnumerable<Package>",
          "Parameters": [
            {
              "Name": "userSecurityId",
              "Type": "String"
            },
            {
              "Name": "packageName",
              "Type": "String"
            },
            {
              "Name": "packagePublisher",
              "Type": "String"
            }
          ],
          "Name": "FindPackagesForUser"
        },
        {
          "ReturnType": "IEnumerable<Package>",
          "Parameters": [
            {
              "Name": "userSecurityId",
              "Type": "String"
            },
            {
              "Name": "packageFamilyName",
              "Type": "String"
            }
          ],
          "Name": "FindPackagesForUser"
        },
        {
          "ReturnType": "IEnumerable<Package>",
          "Parameters": [
            {
              "Name": "userSecurityId",
              "Type": "String"
            },
            {
              "Name": "packageTypes",
              "Type": "PackageTypes"
            }
          ],
          "Name": "FindPackagesForUserWithPackageTypes"
        },
        {
          "ReturnType": "IEnumerable<Package>",
          "Parameters": [
            {
              "Name": "userSecurityId",
              "Type": "String"
            },
            {
              "Name": "packageName",
              "Type": "String"
            },
            {
              "Name": "packagePublisher",
              "Type": "String"
            },
            {
              "Name": "packageTypes",
              "Type": "PackageTypes"
            }
          ],
          "Name": "FindPackagesForUserWithPackageTypes"
        },
        {
          "ReturnType": "IEnumerable<Package>",
          "Parameters": [
            {
              "Name": "userSecurityId",
              "Type": "String"
            },
            {
              "Name": "packageFamilyName",
              "Type": "String"
            },
            {
              "Name": "packageTypes",
              "Type": "PackageTypes"
            }
          ],
          "Name": "FindPackagesForUserWithPackageTypes"
        },
        {
          "ReturnType": "IEnumerable<Package>",
          "Parameters": [
            {
              "Name": "packageTypes",
              "Type": "PackageTypes"
            }
          ],
          "Name": "FindPackagesWithPackageTypes"
        },
        {
          "ReturnType": "IEnumerable<Package>",
          "Parameters": [
            {
              "Name": "packageName",
              "Type": "String"
            },
            {
              "Name": "packagePublisher",
              "Type": "String"
            },
            {
              "Name": "packageTypes",
              "Type": "PackageTypes"
            }
          ],
          "Name": "FindPackagesWithPackageTypes"
        },
        {
          "ReturnType": "IEnumerable<Package>",
          "Parameters": [
            {
              "Name": "packageFamilyName",
              "Type": "String"
            },
            {
              "Name": "packageTypes",
              "Type": "PackageTypes"
            }
          ],
          "Name": "FindPackagesWithPackageTypes"
        },
        {
          "ReturnType": "PackageVolume",
          "Parameters": [
            {
              "Name": "volumeName",
              "Type": "String"
            }
          ],
          "Name": "FindPackageVolume"
        },
        {
          "ReturnType": "IEnumerable<PackageVolume>",
          "Name": "FindPackageVolumes"
        },
        {
          "ReturnType": "IEnumerable<PackageUserInformation>",
          "Parameters": [
            {
              "Name": "packageFullName",
              "Type": "String"
            }
          ],
          "Name": "FindUsers"
        },
        {
          "ReturnType": "PackageVolume",
          "Name": "GetDefaultPackageVolume"
        },
        {
          "ReturnType": "IAsyncOperationWithProgress<DeploymentResult,DeploymentProgress>",
          "Parameters": [
            {
              "Name": "packageFullName",
              "Type": "String"
            },
            {
              "Name": "deploymentOptions",
              "Type": "DeploymentOptions"
            },
            {
              "Name": "targetVolume",
              "Type": "PackageVolume"
            }
          ],
          "Name": "MovePackageToVolumeAsync"
        },
        {
          "ReturnType": "IAsyncOperationWithProgress<DeploymentResult,DeploymentProgress>",
          "Parameters": [
            {
              "Name": "manifestUri",
              "Type": "Uri"
            },
            {
              "Name": "dependencyPackageUris",
              "Type": "IEnumerable<Uri>"
            },
            {
              "Name": "deploymentOptions",
              "Type": "DeploymentOptions"
            }
          ],
          "Name": "RegisterPackageAsync"
        },
        {
          "ReturnType": "IAsyncOperationWithProgress<DeploymentResult,DeploymentProgress>",
          "Parameters": [
            {
              "Name": "manifestUri",
              "Type": "Uri"
            },
            {
              "Name": "dependencyPackageUris",
              "Type": "IEnumerable<Uri>"
            },
            {
              "Name": "deploymentOptions",
              "Type": "DeploymentOptions"
            },
            {
              "Name": "appDataVolume",
              "Type": "PackageVolume"
            }
          ],
          "Name": "RegisterPackageAsync"
        },
        {
          "ReturnType": "IAsyncOperationWithProgress<DeploymentResult,DeploymentProgress>",
          "Parameters": [
            {
              "Name": "mainPackageFullName",
              "Type": "String"
            },
            {
              "Name": "dependencyPackageFullNames",
              "Type": "IEnumerable<String>"
            },
            {
              "Name": "deploymentOptions",
              "Type": "DeploymentOptions"
            }
          ],
          "Name": "RegisterPackageByFullNameAsync"
        },
        {
          "ReturnType": "IAsyncOperationWithProgress<DeploymentResult,DeploymentProgress>",
          "Parameters": [
            {
              "Name": "packageFullName",
              "Type": "String"
            }
          ],
          "Name": "RemovePackageAsync"
        },
        {
          "ReturnType": "IAsyncOperationWithProgress<DeploymentResult,DeploymentProgress>",
          "Parameters": [
            {
              "Name": "packageFullName",
              "Type": "String"
            },
            {
              "Name": "removalOptions",
              "Type": "RemovalOptions"
            }
          ],
          "Name": "RemovePackageAsync"
        },
        {
          "ReturnType": "IAsyncOperationWithProgress<DeploymentResult,DeploymentProgress>",
          "Parameters": [
            {
              "Name": "volume",
              "Type": "PackageVolume"
            }
          ],
          "Name": "RemovePackageVolumeAsync"
        },
        {
          "ReturnType": "Void",
          "Parameters": [
            {
              "Name": "volume",
              "Type": "PackageVolume"
            }
          ],
          "Name": "SetDefaultPackageVolume"
        },
        {
          "ReturnType": "Void",
          "Parameters": [
            {
              "Name": "packageFullName",
              "Type": "String"
            },
            {
              "Name": "packageState",
              "Type": "PackageState"
            }
          ],
          "Name": "SetPackageState"
        },
        {
          "ReturnType": "Void",
          "Parameters": [
            {
              "Name": "packageFullName",
              "Type": "String"
            },
            {
              "Name": "status",
              "Type": "PackageStatus"
            }
          ],
          "Name": "SetPackageStatus"
        },
        {
          "ReturnType": "IAsyncOperationWithProgress<DeploymentResult,DeploymentProgress>",
          "Parameters": [
            {
              "Name": "packageVolume",
              "Type": "PackageVolume"
            }
          ],
          "Name": "SetPackageVolumeOfflineAsync"
        },
        {
          "ReturnType": "IAsyncOperationWithProgress<DeploymentResult,DeploymentProgress>",
          "Parameters": [
            {
              "Name": "packageVolume",
              "Type": "PackageVolume"
            }
          ],
          "Name": "SetPackageVolumeOnlineAsync"
        },
        {
          "ReturnType": "IAsyncOperationWithProgress<DeploymentResult,DeploymentProgress>",
          "Parameters": [
            {
              "Name": "packageUri",
              "Type": "Uri"
            },
            {
              "Name": "dependencyPackageUris",
              "Type": "IEnumerable<Uri>"
            }
          ],
          "Name": "StagePackageAsync"
        },
        {
          "ReturnType": "IAsyncOperationWithProgress<DeploymentResult,DeploymentProgress>",
          "Parameters": [
            {
              "Name": "packageUri",
              "Type": "Uri"
            },
            {
              "Name": "dependencyPackageUris",
              "Type": "IEnumerable<Uri>"
            },
            {
              "Name": "deploymentOptions",
              "Type": "DeploymentOptions"
            }
          ],
          "Name": "StagePackageAsync"
        },
        {
          "ReturnType": "IAsyncOperationWithProgress<DeploymentResult,DeploymentProgress>",
          "Parameters": [
            {
              "Name": "packageUri",
              "Type": "Uri"
            },
            {
              "Name": "dependencyPackageUris",
              "Type": "IEnumerable<Uri>"
            },
            {
              "Name": "deploymentOptions",
              "Type": "DeploymentOptions"
            },
            {
              "Name": "targetVolume",
              "Type": "PackageVolume"
            }
          ],
          "Name": "StagePackageAsync"
        },
        {
          "ReturnType": "IAsyncOperationWithProgress<DeploymentResult,DeploymentProgress>",
          "Parameters": [
            {
              "Name": "packageFullName",
              "Type": "String"
            }
          ],
          "Name": "StageUserDataAsync"
        },
        {
          "ReturnType": "IAsyncOperationWithProgress<DeploymentResult,DeploymentProgress>",
          "Parameters": [
            {
              "Name": "packageFullName",
              "Type": "String"
            },
            {
              "Name": "deploymentOptions",
              "Type": "DeploymentOptions"
            }
          ],
          "Name": "StageUserDataAsync"
        },
        {
          "ReturnType": "IAsyncOperationWithProgress<DeploymentResult,DeploymentProgress>",
          "Parameters": [
            {
              "Name": "packageUri",
              "Type": "Uri"
            },
            {
              "Name": "dependencyPackageUris",
              "Type": "IEnumerable<Uri>"
            },
            {
              "Name": "deploymentOptions",
              "Type": "DeploymentOptions"
            }
          ],
          "Name": "UpdatePackageAsync"
        }
      ],
      "Events": [],
      "Name": "Windows.Management.Deployment.PackageManager"
    },
    {
      "IsSealed": true,
      "Interfaces": [],
      "Constructors": [],
      "Properties": [
        {
          "Type": "PackageInstallState",
          "IsGet": true,
          "Name": "InstallState"
        },
        {
          "Type": "String",
          "IsGet": true,
          "Name": "UserSecurityId"
        }
      ],
      "Fields": [],
      "Methods": [],
      "Events": [],
      "Name": "Windows.Management.Deployment.PackageUserInformation"
    },
    {
      "IsSealed": true,
      "Interfaces": [],
      "Constructors": [],
      "Properties": [
        {
          "Type": "Boolean",
          "IsGet": true,
          "Name": "IsOffline"
        },
        {
          "Type": "Boolean",
          "IsGet": true,
          "Name": "IsSystemVolume"
        },
        {
          "Type": "String",
          "IsGet": true,
          "Name": "MountPoint"
        },
        {
          "Type": "String",
          "IsGet": true,
          "Name": "Name"
        },
        {
          "Type": "String",
          "IsGet": true,
          "Name": "PackageStorePath"
        },
        {
          "Type": "Boolean",
          "IsGet": true,
          "Name": "SupportsHardLinks"
        }
      ],
      "Fields": [],
      "Methods": [
        {
          "ReturnType": "IList<Package>",
          "Parameters": [
            {
              "Name": "packageFullName",
              "Type": "String"
            }
          ],
          "Name": "FindPackage"
        },
        {
          "ReturnType": "IList<Package>",
          "Parameters": [
            {
              "Name": "userSecurityId",
              "Type": "String"
            },
            {
              "Name": "packageFullName",
              "Type": "String"
            }
          ],
          "Name": "FindPackageForUser"
        },
        {
          "ReturnType": "IList<Package>",
          "Name": "FindPackages"
        },
        {
          "ReturnType": "IList<Package>",
          "Parameters": [
            {
              "Name": "packageName",
              "Type": "String"
            },
            {
              "Name": "packagePublisher",
              "Type": "String"
            }
          ],
          "Name": "FindPackages"
        },
        {
          "ReturnType": "IList<Package>",
          "Parameters": [
            {
              "Name": "packageFamilyName",
              "Type": "String"
            }
          ],
          "Name": "FindPackages"
        },
        {
          "ReturnType": "IList<Package>",
          "Parameters": [
            {
              "Name": "userSecurityId",
              "Type": "String"
            }
          ],
          "Name": "FindPackagesForUser"
        },
        {
          "ReturnType": "IList<Package>",
          "Parameters": [
            {
              "Name": "userSecurityId",
              "Type": "String"
            },
            {
              "Name": "packageName",
              "Type": "String"
            },
            {
              "Name": "packagePublisher",
              "Type": "String"
            }
          ],
          "Name": "FindPackagesForUser"
        },
        {
          "ReturnType": "IList<Package>",
          "Parameters": [
            {
              "Name": "userSecurityId",
              "Type": "String"
            },
            {
              "Name": "packageFamilyName",
              "Type": "String"
            }
          ],
          "Name": "FindPackagesForUser"
        },
        {
          "ReturnType": "IList<Package>",
          "Parameters": [
            {
              "Name": "userSecurityId",
              "Type": "String"
            },
            {
              "Name": "packageTypes",
              "Type": "PackageTypes"
            }
          ],
          "Name": "FindPackagesForUserWithPackageTypes"
        },
        {
          "ReturnType": "IList<Package>",
          "Parameters": [
            {
              "Name": "userSecurityId",
              "Type": "String"
            },
            {
              "Name": "packageTypes",
              "Type": "PackageTypes"
            },
            {
              "Name": "packageName",
              "Type": "String"
            },
            {
              "Name": "packagePublisher",
              "Type": "String"
            }
          ],
          "Name": "FindPackagesForUserWithPackageTypes"
        },
        {
          "ReturnType": "IList<Package>",
          "Parameters": [
            {
              "Name": "userSecurityId",
              "Type": "String"
            },
            {
              "Name": "packageTypes",
              "Type": "PackageTypes"
            },
            {
              "Name": "packageFamilyName",
              "Type": "String"
            }
          ],
          "Name": "FindPackagesForUserWithPackageTypes"
        },
        {
          "ReturnType": "IList<Package>",
          "Parameters": [
            {
              "Name": "packageTypes",
              "Type": "PackageTypes"
            }
          ],
          "Name": "FindPackagesWithPackageTypes"
        },
        {
          "ReturnType": "IList<Package>",
          "Parameters": [
            {
              "Name": "packageTypes",
              "Type": "PackageTypes"
            },
            {
              "Name": "packageName",
              "Type": "String"
            },
            {
              "Name": "packagePublisher",
              "Type": "String"
            }
          ],
          "Name": "FindPackagesWithPackageTypes"
        },
        {
          "ReturnType": "IList<Package>",
          "Parameters": [
            {
              "Name": "packageTypes",
              "Type": "PackageTypes"
            },
            {
              "Name": "packageFamilyName",
              "Type": "String"
            }
          ],
          "Name": "FindPackagesWithPackageTypes"
        }
      ],
      "Events": [],
      "Name": "Windows.Management.Deployment.PackageVolume"
    },
    {
      "IsSealed": true,
      "Interfaces": [],
      "Constructors": [],
      "Properties": [
        {
          "Type": "UInt32",
          "IsGet": true,
          "Name": "ExtendedErrorCode"
        },
        {
          "Type": "OrchestrationStatus",
          "IsGet": true,
          "Name": "Status"
        }
      ],
      "Fields": [],
      "Methods": [],
      "Events": [],
      "Name": "Windows.Management.Orchestration.Core.OrchestrationResult"
    },
    {
      "IsStatic": true,
      "Interfaces": [],
      "Constructors": [],
      "Properties": [
        {
          "Type": "Boolean",
          "IsStatic": true,
          "IsGet": true,
          "Name": "InSession"
        }
      ],
      "Fields": [],
      "Methods": [
        {
          "IsStatic": true,
          "ReturnType": "IAsyncOperation<OrchestrationResult>",
          "Name": "AllowAllAppsAsync"
        },
        {
          "IsStatic": true,
          "ReturnType": "IAsyncOperation<OrchestrationResult>",
          "Name": "AllowAllExesAsync"
        },
        {
          "IsStatic": true,
          "ReturnType": "IAsyncOperation<OrchestrationResult>",
          "Name": "AllowAllUrisAsync"
        },
        {
          "IsStatic": true,
          "ReturnType": "IAsyncOperation<OrchestrationResult>",
          "Parameters": [
            {
              "Name": "exeFullPath",
              "Type": "String"
            },
            {
              "Name": "commandLine",
              "Type": "String"
            }
          ],
          "Name": "LaunchExeAsync"
        },
        {
          "IsStatic": true,
          "ReturnType": "IAsyncOperation<OrchestrationResult>",
          "Parameters": [
            {
              "Name": "allowedApps",
              "Type": "IEnumerable<String>"
            }
          ],
          "Name": "SetAllowedAppsAsync"
        },
        {
          "IsStatic": true,
          "ReturnType": "IAsyncOperation<OrchestrationResult>",
          "Parameters": [
            {
              "Name": "allowedExeFullPaths",
              "Type": "IEnumerable<String>"
            }
          ],
          "Name": "SetAllowedExesAsync"
        },
        {
          "IsStatic": true,
          "ReturnType": "IAsyncOperation<UriRestrictionResult>",
          "Parameters": [
            {
              "Name": "allowedUris",
              "Type": "IEnumerable<Uri>"
            }
          ],
          "Name": "SetAllowedUrisAsync"
        },
        {
          "IsStatic": true,
          "ReturnType": "OrchestrationResult",
          "Name": "Start"
        },
        {
          "IsStatic": true,
          "ReturnType": "IAsyncAction",
          "Name": "StopAsync"
        }
      ],
      "Events": [],
      "Name": "Windows.Management.Orchestration.Core.OrchestrationSession"
    },
    {
      "IsSealed": true,
      "Interfaces": [],
      "Constructors": [],
      "Properties": [
        {
          "Type": "UInt32",
          "IsGet": true,
          "Name": "ExtendedErrorCode"
        },
        {
          "Type": "Uri",
          "IsGet": true,
          "Name": "FailedUri"
        },
        {
          "Type": "OrchestrationStatus",
          "IsGet": true,
          "Name": "Status"
        }
      ],
      "Fields": [],
      "Methods": [],
      "Events": [],
      "Name": "Windows.Management.Orchestration.Core.UriRestrictionResult"
    },
    {
      "IsStatic": true,
      "Interfaces": [],
      "Constructors": [],
      "Properties": [
        {
          "Type": "Boolean",
          "IsStatic": true,
          "IsGet": true,
          "Name": "IsMicrosoftAccountOptional"
        }
      ],
      "Fields": [],
      "Methods": [],
      "Events": [],
      "Name": "Windows.Management.Workplace.WorkplaceSettings"
    }
  ],
  "Structs": [
    {
      "Interfaces": [],
      "Constructors": [],
      "Properties": [],
      "Fields": [
        {
          "Type": "UInt32",
          "Name": "percentage"
        },
        {
          "Type": "DeploymentProgressState",
          "Name": "state"
        }
      ],
      "Methods": [],
      "Events": [],
      "Name": "Windows.Management.Deployment.DeploymentProgress"
    },
    {
      "Interfaces": [],
      "Constructors": [],
      "Properties": [],
      "Fields": [],
      "Methods": [],
      "Events": [],
      "Name": "Windows.Management.Workplace.WorkplaceSettingsContract"
    }
  ],
  "Interfaces": [],
  "Enums": [
    {
      "IsFlags": true,
      "BaseType": "UInt32",
      "Values": [
        {
          "Value": "0",
          "Name": "None"
        },
        {
          "Value": "1",
          "Name": "ForceApplicationShutdown"
        },
        {
          "Value": "2",
          "Name": "DevelopmentMode"
        },
        {
          "Value": "32",
          "Name": "InstallAllResources"
        },
        {
          "Value": "64",
          "Name": "ForceTargetApplicationShutdown"
        }
      ],
      "Name": "Windows.Management.Deployment.DeploymentOptions"
    },
    {
      "BaseType": "Int32",
      "Values": [
        {
          "Value": "0",
          "Name": "Queued"
        },
        {
          "Value": "1",
          "Name": "Processing"
        }
      ],
      "Name": "Windows.Management.Deployment.DeploymentProgressState"
    },
    {
      "BaseType": "Int32",
      "Values": [
        {
          "Value": "0",
          "Name": "NotInstalled"
        },
        {
          "Value": "1",
          "Name": "Staged"
        },
        {
          "Value": "2",
          "Name": "Installed"
        }
      ],
      "Name": "Windows.Management.Deployment.PackageInstallState"
    },
    {
      "BaseType": "Int32",
      "Values": [
        {
          "Value": "0",
          "Name": "Normal"
        },
        {
          "Value": "1",
          "Name": "LicenseInvalid"
        },
        {
          "Value": "2",
          "Name": "Modified"
        },
        {
          "Value": "3",
          "Name": "Tampered"
        }
      ],
      "Name": "Windows.Management.Deployment.PackageState"
    },
    {
      "IsFlags": true,
      "BaseType": "UInt32",
      "Values": [
        {
          "Value": "0",
          "Name": "OK"
        },
        {
          "Value": "1",
          "Name": "LicenseIssue"
        },
        {
          "Value": "2",
          "Name": "Modified"
        },
        {
          "Value": "4",
          "Name": "Tampered"
        },
        {
          "Value": "8",
          "Name": "Disabled"
        },
        {
          "Value": "16",
          "Name": "PackageOffline"
        },
        {
          "Value": "32",
          "Name": "DataOffline"
        }
      ],
      "Name": "Windows.Management.Deployment.PackageStatus"
    },
    {
      "IsFlags": true,
      "BaseType": "UInt32",
      "Values": [
        {
          "Value": "0",
          "Name": "None"
        },
        {
          "Value": "1",
          "Name": "Main"
        },
        {
          "Value": "2",
          "Name": "Framework"
        },
        {
          "Value": "4",
          "Name": "Resource"
        },
        {
          "Value": "8",
          "Name": "Bundle"
        },
        {
          "Value": "16",
          "Name": "Xap"
        }
      ],
      "Name": "Windows.Management.Deployment.PackageTypes"
    },
    {
      "IsFlags": true,
      "BaseType": "UInt32",
      "Values": [
        {
          "Value": "0",
          "Name": "None"
        },
        {
          "Value": "4096",
          "Name": "PreserveApplicationData"
        }
      ],
      "Name": "Windows.Management.Deployment.RemovalOptions"
    },
    {
      "BaseType": "Int32",
      "Values": [
        {
          "Value": "0",
          "Name": "Success"
        },
        {
          "Value": "1",
          "Name": "ExtendedError"
        },
        {
          "Value": "2",
          "Name": "AccessDeniedByPolicy"
        },
        {
          "Value": "3",
          "Name": "SessionAlreadyStarted"
        },
        {
          "Value": "4",
          "Name": "SessionStopped"
        }
      ],
      "Name": "Windows.Management.Orchestration.Core.OrchestrationStatus"
    }
  ],
  "Delegates": []
}