{
  "Name": "Windows.Graphics, Version=255.255.255.255, Culture=neutral, PublicKeyToken=null, ContentType=WindowsRuntime",
  "Classes": [
    {
      "IsSealed": true,
      "Interfaces": [],
      "Constructors": [],
      "Properties": [
        {
          "Name": "AutoRotationPreferences",
          "Type": "DisplayOrientations",
          "IsStatic": true,
          "IsGet": true,
          "IsSet": true
        },
        {
          "Name": "CurrentOrientation",
          "Type": "DisplayOrientations",
          "IsGet": true
        },
        {
          "Name": "LogicalDpi",
          "Type": "Single",
          "IsGet": true
        },
        {
          "Name": "NativeOrientation",
          "Type": "DisplayOrientations",
          "IsGet": true
        },
        {
          "Name": "RawDpiX",
          "Type": "Single",
          "IsGet": true
        },
        {
          "Name": "RawDpiY",
          "Type": "Single",
          "IsGet": true
        },
        {
          "Name": "ResolutionScale",
          "Type": "ResolutionScale",
          "IsGet": true
        },
        {
          "Name": "StereoEnabled",
          "Type": "Boolean",
          "IsGet": true
        }
      ],
      "Fields": [],
      "Methods": [
        {
          "Name": "GetColorProfileAsync",
          "ReturnType": "IAsyncOperation<IRandomAccessStream>"
        },
        {
          "Name": "GetForCurrentView",
          "IsStatic": true,
          "ReturnType": "DisplayInformation"
        }
      ],
      "Events": [
        {
          "Name": "ColorProfileChanged",
          "Type": "TypedEventHandler<DisplayInformation,Object>"
        },
        {
          "Name": "DisplayContentsInvalidated",
          "Type": "TypedEventHandler<DisplayInformation,Object>",
          "IsStatic": true
        },
        {
          "Name": "DpiChanged",
          "Type": "TypedEventHandler<DisplayInformation,Object>"
        },
        {
          "Name": "OrientationChanged",
          "Type": "TypedEventHandler<DisplayInformation,Object>"
        },
        {
          "Name": "StereoEnabledChanged",
          "Type": "TypedEventHandler<DisplayInformation,Object>"
        }
      ],
      "Name": "Windows.Graphics.Display.DisplayInformation"
    },
    {
      "IsStatic": true,
      "Interfaces": [],
      "Constructors": [],
      "Properties": [
        {
          "Name": "AutoRotationPreferences",
          "Type": "DisplayOrientations",
          "IsStatic": true,
          "IsGet": true,
          "IsSet": true
        },
        {
          "Name": "CurrentOrientation",
          "Type": "DisplayOrientations",
          "IsStatic": true,
          "IsGet": true
        },
        {
          "Name": "LogicalDpi",
          "Type": "Single",
          "IsStatic": true,
          "IsGet": true
        },
        {
          "Name": "NativeOrientation",
          "Type": "DisplayOrientations",
          "IsStatic": true,
          "IsGet": true
        },
        {
          "Name": "ResolutionScale",
          "Type": "ResolutionScale",
          "IsStatic": true,
          "IsGet": true
        },
        {
          "Name": "StereoEnabled",
          "Type": "Boolean",
          "IsStatic": true,
          "IsGet": true
        }
      ],
      "Fields": [],
      "Methods": [
        {
          "Name": "GetColorProfileAsync",
          "IsStatic": true,
          "ReturnType": "IAsyncOperation<IRandomAccessStream>"
        }
      ],
      "Events": [
        {
          "Name": "ColorProfileChanged",
          "Type": "DisplayPropertiesEventHandler",
          "IsStatic": true
        },
        {
          "Name": "DisplayContentsInvalidated",
          "Type": "DisplayPropertiesEventHandler",
          "IsStatic": true
        },
        {
          "Name": "LogicalDpiChanged",
          "Type": "DisplayPropertiesEventHandler",
          "IsStatic": true
        },
        {
          "Name": "OrientationChanged",
          "Type": "DisplayPropertiesEventHandler",
          "IsStatic": true
        },
        {
          "Name": "StereoEnabledChanged",
          "Type": "DisplayPropertiesEventHandler",
          "IsStatic": true
        }
      ],
      "Name": "Windows.Graphics.Display.DisplayProperties"
    },
    {
      "IsSealed": true,
      "Interfaces": [],
      "Constructors": [],
      "Properties": [
        {
          "Name": "CodecId",
          "Type": "Guid",
          "IsGet": true
        },
        {
          "Name": "FileExtensions",
          "Type": "IReadOnlyList<String>",
          "IsGet": true
        },
        {
          "Name": "FriendlyName",
          "Type": "String",
          "IsGet": true
        },
        {
          "Name": "MimeTypes",
          "Type": "IReadOnlyList<String>",
          "IsGet": true
        }
      ],
      "Fields": [],
      "Methods": [],
      "Events": [],
      "Name": "Windows.Graphics.Imaging.BitmapCodecInformation"
    },
    {
      "IsSealed": true,
      "Interfaces": [
        "IBitmapFrame"
      ],
      "Constructors": [],
      "Properties": [
        {
          "Name": "BitmapAlphaMode",
          "Type": "BitmapAlphaMode",
          "IsGet": true
        },
        {
          "Name": "BitmapContainerProperties",
          "Type": "BitmapPropertiesView",
          "IsGet": true
        },
        {
          "Name": "BitmapPixelFormat",
          "Type": "BitmapPixelFormat",
          "IsGet": true
        },
        {
          "Name": "BitmapProperties",
          "Type": "BitmapPropertiesView",
          "IsGet": true
        },
        {
          "Name": "BmpDecoderId",
          "Type": "Guid",
          "IsStatic": true,
          "IsGet": true
        },
        {
          "Name": "DecoderInformation",
          "Type": "BitmapCodecInformation",
          "IsGet": true
        },
        {
          "Name": "DpiX",
          "Type": "Double",
          "IsGet": true
        },
        {
          "Name": "DpiY",
          "Type": "Double",
          "IsGet": true
        },
        {
          "Name": "FrameCount",
          "Type": "UInt32",
          "IsGet": true
        },
        {
          "Name": "GifDecoderId",
          "Type": "Guid",
          "IsStatic": true,
          "IsGet": true
        },
        {
          "Name": "IcoDecoderId",
          "Type": "Guid",
          "IsStatic": true,
          "IsGet": true
        },
        {
          "Name": "JpegDecoderId",
          "Type": "Guid",
          "IsStatic": true,
          "IsGet": true
        },
        {
          "Name": "JpegXRDecoderId",
          "Type": "Guid",
          "IsStatic": true,
          "IsGet": true
        },
        {
          "Name": "OrientedPixelHeight",
          "Type": "UInt32",
          "IsGet": true
        },
        {
          "Name": "OrientedPixelWidth",
          "Type": "UInt32",
          "IsGet": true
        },
        {
          "Name": "PixelHeight",
          "Type": "UInt32",
          "IsGet": true
        },
        {
          "Name": "PixelWidth",
          "Type": "UInt32",
          "IsGet": true
        },
        {
          "Name": "PngDecoderId",
          "Type": "Guid",
          "IsStatic": true,
          "IsGet": true
        },
        {
          "Name": "TiffDecoderId",
          "Type": "Guid",
          "IsStatic": true,
          "IsGet": true
        }
      ],
      "Fields": [],
      "Methods": [
        {
          "Name": "CreateAsync",
          "IsStatic": true,
          "ReturnType": "IAsyncOperation<BitmapDecoder>",
          "Parameters": [
            {
              "Name": "stream",
              "Type": "IRandomAccessStream"
            }
          ]
        },
        {
          "Name": "CreateAsync",
          "IsStatic": true,
          "ReturnType": "IAsyncOperation<BitmapDecoder>",
          "Parameters": [
            {
              "Name": "decoderId",
              "Type": "Guid"
            },
            {
              "Name": "stream",
              "Type": "IRandomAccessStream"
            }
          ]
        },
        {
          "Name": "GetDecoderInformationEnumerator",
          "IsStatic": true,
          "ReturnType": "IReadOnlyList<BitmapCodecInformation>"
        },
        {
          "Name": "GetFrameAsync",
          "ReturnType": "IAsyncOperation<BitmapFrame>",
          "Parameters": [
            {
              "Name": "frameIndex",
              "Type": "UInt32"
            }
          ]
        },
        {
          "Name": "GetPixelDataAsync",
          "ReturnType": "IAsyncOperation<PixelDataProvider>"
        },
        {
          "Name": "GetPixelDataAsync",
          "ReturnType": "IAsyncOperation<PixelDataProvider>",
          "Parameters": [
            {
              "Name": "pixelFormat",
              "Type": "BitmapPixelFormat"
            },
            {
              "Name": "alphaMode",
              "Type": "BitmapAlphaMode"
            },
            {
              "Name": "transform",
              "Type": "BitmapTransform"
            },
            {
              "Name": "exifOrientationMode",
              "Type": "ExifOrientationMode"
            },
            {
              "Name": "colorManagementMode",
              "Type": "ColorManagementMode"
            }
          ]
        },
        {
          "Name": "GetPreviewAsync",
          "ReturnType": "IAsyncOperation<ImageStream>"
        },
        {
          "Name": "GetThumbnailAsync",
          "ReturnType": "IAsyncOperation<ImageStream>"
        }
      ],
      "Events": [],
      "Name": "Windows.Graphics.Imaging.BitmapDecoder"
    },
    {
      "IsSealed": true,
      "Interfaces": [],
      "Constructors": [],
      "Properties": [
        {
          "Name": "BitmapContainerProperties",
          "Type": "BitmapProperties",
          "IsGet": true
        },
        {
          "Name": "BitmapProperties",
          "Type": "BitmapProperties",
          "IsGet": true
        },
        {
          "Name": "BitmapTransform",
          "Type": "BitmapTransform",
          "IsGet": true
        },
        {
          "Name": "BmpEncoderId",
          "Type": "Guid",
          "IsStatic": true,
          "IsGet": true
        },
        {
          "Name": "EncoderInformation",
          "Type": "BitmapCodecInformation",
          "IsGet": true
        },
        {
          "Name": "GeneratedThumbnailHeight",
          "Type": "UInt32",
          "IsGet": true,
          "IsSet": true
        },
        {
          "Name": "GeneratedThumbnailWidth",
          "Type": "UInt32",
          "IsGet": true,
          "IsSet": true
        },
        {
          "Name": "GifEncoderId",
          "Type": "Guid",
          "IsStatic": true,
          "IsGet": true
        },
        {
          "Name": "IsThumbnailGenerated",
          "Type": "Boolean",
          "IsGet": true,
          "IsSet": true
        },
        {
          "Name": "JpegEncoderId",
          "Type": "Guid",
          "IsStatic": true,
          "IsGet": true
        },
        {
          "Name": "JpegXREncoderId",
          "Type": "Guid",
          "IsStatic": true,
          "IsGet": true
        },
        {
          "Name": "PngEncoderId",
          "Type": "Guid",
          "IsStatic": true,
          "IsGet": true
        },
        {
          "Name": "TiffEncoderId",
          "Type": "Guid",
          "IsStatic": true,
          "IsGet": true
        }
      ],
      "Fields": [],
      "Methods": [
        {
          "Name": "CreateAsync",
          "IsStatic": true,
          "ReturnType": "IAsyncOperation<BitmapEncoder>",
          "Parameters": [
            {
              "Name": "encoderId",
              "Type": "Guid"
            },
            {
              "Name": "stream",
              "Type": "IRandomAccessStream"
            }
          ]
        },
        {
          "Name": "CreateAsync",
          "IsStatic": true,
          "ReturnType": "IAsyncOperation<BitmapEncoder>",
          "Parameters": [
            {
              "Name": "encoderId",
              "Type": "Guid"
            },
            {
              "Name": "stream",
              "Type": "IRandomAccessStream"
            },
            {
              "Name": "encodingOptions",
              "Type": "IEnumerable<KeyValuePair<String,BitmapTypedValue>>"
            }
          ]
        },
        {
          "Name": "CreateForInPlacePropertyEncodingAsync",
          "IsStatic": true,
          "ReturnType": "IAsyncOperation<BitmapEncoder>",
          "Parameters": [
            {
              "Name": "bitmapDecoder",
              "Type": "BitmapDecoder"
            }
          ]
        },
        {
          "Name": "CreateForTranscodingAsync",
          "IsStatic": true,
          "ReturnType": "IAsyncOperation<BitmapEncoder>",
          "Parameters": [
            {
              "Name": "stream",
              "Type": "IRandomAccessStream"
            },
            {
              "Name": "bitmapDecoder",
              "Type": "BitmapDecoder"
            }
          ]
        },
        {
          "Name": "FlushAsync",
          "ReturnType": "IAsyncAction"
        },
        {
          "Name": "GetEncoderInformationEnumerator",
          "IsStatic": true,
          "ReturnType": "IReadOnlyList<BitmapCodecInformation>"
        },
        {
          "Name": "GoToNextFrameAsync",
          "ReturnType": "IAsyncAction"
        },
        {
          "Name": "GoToNextFrameAsync",
          "ReturnType": "IAsyncAction",
          "Parameters": [
            {
              "Name": "encodingOptions",
              "Type": "IEnumerable<KeyValuePair<String,BitmapTypedValue>>"
            }
          ]
        },
        {
          "Name": "SetPixelData",
          "ReturnType": "Void",
          "Parameters": [
            {
              "Name": "pixelFormat",
              "Type": "BitmapPixelFormat"
            },
            {
              "Name": "alphaMode",
              "Type": "BitmapAlphaMode"
            },
            {
              "Name": "width",
              "Type": "UInt32"
            },
            {
              "Name": "height",
              "Type": "UInt32"
            },
            {
              "Name": "dpiX",
              "Type": "Double"
            },
            {
              "Name": "dpiY",
              "Type": "Double"
            },
            {
              "Name": "pixels",
              "Type": "Byte[]"
            }
          ]
        }
      ],
      "Events": [],
      "Name": "Windows.Graphics.Imaging.BitmapEncoder"
    },
    {
      "IsSealed": true,
      "Interfaces": [
        "IBitmapFrame"
      ],
      "Constructors": [],
      "Properties": [
        {
          "Name": "BitmapAlphaMode",
          "Type": "BitmapAlphaMode",
          "IsGet": true
        },
        {
          "Name": "BitmapPixelFormat",
          "Type": "BitmapPixelFormat",
          "IsGet": true
        },
        {
          "Name": "BitmapProperties",
          "Type": "BitmapPropertiesView",
          "IsGet": true
        },
        {
          "Name": "DpiX",
          "Type": "Double",
          "IsGet": true
        },
        {
          "Name": "DpiY",
          "Type": "Double",
          "IsGet": true
        },
        {
          "Name": "OrientedPixelHeight",
          "Type": "UInt32",
          "IsGet": true
        },
        {
          "Name": "OrientedPixelWidth",
          "Type": "UInt32",
          "IsGet": true
        },
        {
          "Name": "PixelHeight",
          "Type": "UInt32",
          "IsGet": true
        },
        {
          "Name": "PixelWidth",
          "Type": "UInt32",
          "IsGet": true
        }
      ],
      "Fields": [],
      "Methods": [
        {
          "Name": "GetPixelDataAsync",
          "ReturnType": "IAsyncOperation<PixelDataProvider>"
        },
        {
          "Name": "GetPixelDataAsync",
          "ReturnType": "IAsyncOperation<PixelDataProvider>",
          "Parameters": [
            {
              "Name": "pixelFormat",
              "Type": "BitmapPixelFormat"
            },
            {
              "Name": "alphaMode",
              "Type": "BitmapAlphaMode"
            },
            {
              "Name": "transform",
              "Type": "BitmapTransform"
            },
            {
              "Name": "exifOrientationMode",
              "Type": "ExifOrientationMode"
            },
            {
              "Name": "colorManagementMode",
              "Type": "ColorManagementMode"
            }
          ]
        },
        {
          "Name": "GetThumbnailAsync",
          "ReturnType": "IAsyncOperation<ImageStream>"
        }
      ],
      "Events": [],
      "Name": "Windows.Graphics.Imaging.BitmapFrame"
    },
    {
      "IsSealed": true,
      "Interfaces": [
        "IBitmapPropertiesView"
      ],
      "Constructors": [],
      "Properties": [],
      "Fields": [],
      "Methods": [
        {
          "Name": "GetPropertiesAsync",
          "ReturnType": "IAsyncOperation<BitmapPropertySet>",
          "Parameters": [
            {
              "Name": "propertiesToRetrieve",
              "Type": "IEnumerable<String>"
            }
          ]
        },
        {
          "Name": "SetPropertiesAsync",
          "ReturnType": "IAsyncAction",
          "Parameters": [
            {
              "Name": "propertiesToSet",
              "Type": "IEnumerable<KeyValuePair<String,BitmapTypedValue>>"
            }
          ]
        }
      ],
      "Events": [],
      "Name": "Windows.Graphics.Imaging.BitmapProperties"
    },
    {
      "IsSealed": true,
      "Interfaces": [
        "IBitmapPropertiesView"
      ],
      "Constructors": [],
      "Properties": [],
      "Fields": [],
      "Methods": [
        {
          "Name": "GetPropertiesAsync",
          "ReturnType": "IAsyncOperation<BitmapPropertySet>",
          "Parameters": [
            {
              "Name": "propertiesToRetrieve",
              "Type": "IEnumerable<String>"
            }
          ]
        }
      ],
      "Events": [],
      "Name": "Windows.Graphics.Imaging.BitmapPropertiesView"
    },
    {
      "IsSealed": true,
      "Interfaces": [
        "ICollection<KeyValuePair<String,BitmapTypedValue>>",
        "IDictionary<String,BitmapTypedValue>",
        "IEnumerable",
        "IEnumerable<KeyValuePair<String,BitmapTypedValue>>"
      ],
      "Constructors": [],
      "Properties": [
        {
          "Name": "Size",
          "Type": "UInt32",
          "IsGet": true
        }
      ],
      "Fields": [],
      "Methods": [],
      "Events": [],
      "Name": "Windows.Graphics.Imaging.BitmapPropertySet"
    },
    {
      "IsSealed": true,
      "Interfaces": [],
      "Constructors": [],
      "Properties": [
        {
          "Name": "Bounds",
          "Type": "BitmapBounds",
          "IsGet": true,
          "IsSet": true
        },
        {
          "Name": "Flip",
          "Type": "BitmapFlip",
          "IsGet": true,
          "IsSet": true
        },
        {
          "Name": "InterpolationMode",
          "Type": "BitmapInterpolationMode",
          "IsGet": true,
          "IsSet": true
        },
        {
          "Name": "Rotation",
          "Type": "BitmapRotation",
          "IsGet": true,
          "IsSet": true
        },
        {
          "Name": "ScaledHeight",
          "Type": "UInt32",
          "IsGet": true,
          "IsSet": true
        },
        {
          "Name": "ScaledWidth",
          "Type": "UInt32",
          "IsGet": true,
          "IsSet": true
        }
      ],
      "Fields": [],
      "Methods": [],
      "Events": [],
      "Name": "Windows.Graphics.Imaging.BitmapTransform"
    },
    {
      "IsSealed": true,
      "Interfaces": [],
      "Constructors": [
        {
          "Parameters": [
            {
              "Name": "value",
              "Type": "Object"
            },
            {
              "Name": "type",
              "Type": "PropertyType"
            }
          ]
        }
      ],
      "Properties": [
        {
          "Name": "Type",
          "Type": "PropertyType",
          "IsGet": true
        },
        {
          "Name": "Value",
          "Type": "Object",
          "IsGet": true
        }
      ],
      "Fields": [],
      "Methods": [],
      "Events": [],
      "Name": "Windows.Graphics.Imaging.BitmapTypedValue"
    },
    {
      "IsSealed": true,
      "Interfaces": [
        "IContentTypeProvider",
        "IDisposable",
        "IInputStream",
        "IOutputStream",
        "IRandomAccessStream",
        "IRandomAccessStreamWithContentType"
      ],
      "Constructors": [],
      "Properties": [
        {
          "Name": "CanRead",
          "Type": "Boolean",
          "IsGet": true
        },
        {
          "Name": "CanWrite",
          "Type": "Boolean",
          "IsGet": true
        },
        {
          "Name": "ContentType",
          "Type": "String",
          "IsGet": true
        },
        {
          "Name": "Position",
          "Type": "UInt64",
          "IsGet": true
        },
        {
          "Name": "Size",
          "Type": "UInt64",
          "IsGet": true,
          "IsSet": true
        }
      ],
      "Fields": [],
      "Methods": [
        {
          "Name": "CloneStream",
          "ReturnType": "IRandomAccessStream"
        },
        {
          "Name": "Dispose",
          "ReturnType": "Void"
        },
        {
          "Name": "FlushAsync",
          "ReturnType": "IAsyncOperation<Boolean>"
        },
        {
          "Name": "GetInputStreamAt",
          "ReturnType": "IInputStream",
          "Parameters": [
            {
              "Name": "position",
              "Type": "UInt64"
            }
          ]
        },
        {
          "Name": "GetOutputStreamAt",
          "ReturnType": "IOutputStream",
          "Parameters": [
            {
              "Name": "position",
              "Type": "UInt64"
            }
          ]
        },
        {
          "Name": "ReadAsync",
          "ReturnType": "IAsyncOperationWithProgress<IBuffer,UInt32>",
          "Parameters": [
            {
              "Name": "buffer",
              "Type": "IBuffer"
            },
            {
              "Name": "count",
              "Type": "UInt32"
            },
            {
              "Name": "options",
              "Type": "InputStreamOptions"
            }
          ]
        },
        {
          "Name": "Seek",
          "ReturnType": "Void",
          "Parameters": [
            {
              "Name": "position",
              "Type": "UInt64"
            }
          ]
        },
        {
          "Name": "WriteAsync",
          "ReturnType": "IAsyncOperationWithProgress<UInt32,UInt32>",
          "Parameters": [
            {
              "Name": "buffer",
              "Type": "IBuffer"
            }
          ]
        }
      ],
      "Events": [],
      "Name": "Windows.Graphics.Imaging.ImageStream"
    },
    {
      "IsSealed": true,
      "Interfaces": [],
      "Constructors": [],
      "Properties": [],
      "Fields": [],
      "Methods": [
        {
          "Name": "DetachPixelData",
          "ReturnType": "Byte[]"
        }
      ],
      "Events": [],
      "Name": "Windows.Graphics.Imaging.PixelDataProvider"
    },
    {
      "IsSealed": true,
      "Interfaces": [
        "IPrintItemListOptionDetails",
        "IPrintOptionDetails"
      ],
      "Constructors": [],
      "Properties": [
        {
          "Name": "ErrorText",
          "Type": "String",
          "IsGet": true,
          "IsSet": true
        },
        {
          "Name": "Items",
          "Type": "IReadOnlyList<Object>",
          "IsGet": true
        },
        {
          "Name": "OptionId",
          "Type": "String",
          "IsGet": true
        },
        {
          "Name": "OptionType",
          "Type": "PrintOptionType",
          "IsGet": true
        },
        {
          "Name": "State",
          "Type": "PrintOptionStates",
          "IsGet": true,
          "IsSet": true
        },
        {
          "Name": "Value",
          "Type": "Object",
          "IsGet": true
        }
      ],
      "Fields": [],
      "Methods": [
        {
          "Name": "TrySetValue",
          "ReturnType": "Boolean",
          "Parameters": [
            {
              "Name": "value",
              "Type": "Object"
            }
          ]
        }
      ],
      "Events": [],
      "Name": "Windows.Graphics.Printing.OptionDetails.PrintBindingOptionDetails"
    },
    {
      "IsSealed": true,
      "Interfaces": [
        "IPrintItemListOptionDetails",
        "IPrintOptionDetails"
      ],
      "Constructors": [],
      "Properties": [
        {
          "Name": "ErrorText",
          "Type": "String",
          "IsGet": true,
          "IsSet": true
        },
        {
          "Name": "Items",
          "Type": "IReadOnlyList<Object>",
          "IsGet": true
        },
        {
          "Name": "OptionId",
          "Type": "String",
          "IsGet": true
        },
        {
          "Name": "OptionType",
          "Type": "PrintOptionType",
          "IsGet": true
        },
        {
          "Name": "State",
          "Type": "PrintOptionStates",
          "IsGet": true,
          "IsSet": true
        },
        {
          "Name": "Value",
          "Type": "Object",
          "IsGet": true
        }
      ],
      "Fields": [],
      "Methods": [
        {
          "Name": "TrySetValue",
          "ReturnType": "Boolean",
          "Parameters": [
            {
              "Name": "value",
              "Type": "Object"
            }
          ]
        }
      ],
      "Events": [],
      "Name": "Windows.Graphics.Printing.OptionDetails.PrintCollationOptionDetails"
    },
    {
      "IsSealed": true,
      "Interfaces": [
        "IPrintItemListOptionDetails",
        "IPrintOptionDetails"
      ],
      "Constructors": [],
      "Properties": [
        {
          "Name": "ErrorText",
          "Type": "String",
          "IsGet": true,
          "IsSet": true
        },
        {
          "Name": "Items",
          "Type": "IReadOnlyList<Object>",
          "IsGet": true
        },
        {
          "Name": "OptionId",
          "Type": "String",
          "IsGet": true
        },
        {
          "Name": "OptionType",
          "Type": "PrintOptionType",
          "IsGet": true
        },
        {
          "Name": "State",
          "Type": "PrintOptionStates",
          "IsGet": true,
          "IsSet": true
        },
        {
          "Name": "Value",
          "Type": "Object",
          "IsGet": true
        }
      ],
      "Fields": [],
      "Methods": [
        {
          "Name": "TrySetValue",
          "ReturnType": "Boolean",
          "Parameters": [
            {
              "Name": "value",
              "Type": "Object"
            }
          ]
        }
      ],
      "Events": [],
      "Name": "Windows.Graphics.Printing.OptionDetails.PrintColorModeOptionDetails"
    },
    {
      "IsSealed": true,
      "Interfaces": [
        "IPrintNumberOptionDetails",
        "IPrintOptionDetails"
      ],
      "Constructors": [],
      "Properties": [
        {
          "Name": "ErrorText",
          "Type": "String",
          "IsGet": true,
          "IsSet": true
        },
        {
          "Name": "MaxValue",
          "Type": "UInt32",
          "IsGet": true
        },
        {
          "Name": "MinValue",
          "Type": "UInt32",
          "IsGet": true
        },
        {
          "Name": "OptionId",
          "Type": "String",
          "IsGet": true
        },
        {
          "Name": "OptionType",
          "Type": "PrintOptionType",
          "IsGet": true
        },
        {
          "Name": "State",
          "Type": "PrintOptionStates",
          "IsGet": true,
          "IsSet": true
        },
        {
          "Name": "Value",
          "Type": "Object",
          "IsGet": true
        }
      ],
      "Fields": [],
      "Methods": [
        {
          "Name": "TrySetValue",
          "ReturnType": "Boolean",
          "Parameters": [
            {
              "Name": "value",
              "Type": "Object"
            }
          ]
        }
      ],
      "Events": [],
      "Name": "Windows.Graphics.Printing.OptionDetails.PrintCopiesOptionDetails"
    },
    {
      "IsSealed": true,
      "Interfaces": [],
      "Constructors": [],
      "Properties": [
        {
          "Name": "ItemDisplayName",
          "Type": "String",
          "IsGet": true,
          "IsSet": true
        },
        {
          "Name": "ItemId",
          "Type": "String",
          "IsGet": true
        }
      ],
      "Fields": [],
      "Methods": [],
      "Events": [],
      "Name": "Windows.Graphics.Printing.OptionDetails.PrintCustomItemDetails"
    },
    {
      "IsSealed": true,
      "Interfaces": [
        "IPrintCustomOptionDetails",
        "IPrintItemListOptionDetails",
        "IPrintOptionDetails"
      ],
      "Constructors": [],
      "Properties": [
        {
          "Name": "DisplayName",
          "Type": "String",
          "IsGet": true,
          "IsSet": true
        },
        {
          "Name": "ErrorText",
          "Type": "String",
          "IsGet": true,
          "IsSet": true
        },
        {
          "Name": "Items",
          "Type": "IReadOnlyList<Object>",
          "IsGet": true
        },
        {
          "Name": "OptionId",
          "Type": "String",
          "IsGet": true
        },
        {
          "Name": "OptionType",
          "Type": "PrintOptionType",
          "IsGet": true
        },
        {
          "Name": "State",
          "Type": "PrintOptionStates",
          "IsGet": true,
          "IsSet": true
        },
        {
          "Name": "Value",
          "Type": "Object",
          "IsGet": true
        }
      ],
      "Fields": [],
      "Methods": [
        {
          "Name": "AddItem",
          "ReturnType": "Void",
          "Parameters": [
            {
              "Name": "itemId",
              "Type": "String"
            },
            {
              "Name": "displayName",
              "Type": "String"
            }
          ]
        },
        {
          "Name": "TrySetValue",
          "ReturnType": "Boolean",
          "Parameters": [
            {
              "Name": "value",
              "Type": "Object"
            }
          ]
        }
      ],
      "Events": [],
      "Name": "Windows.Graphics.Printing.OptionDetails.PrintCustomItemListOptionDetails"
    },
    {
      "IsSealed": true,
      "Interfaces": [
        "IPrintCustomOptionDetails",
        "IPrintOptionDetails"
      ],
      "Constructors": [],
      "Properties": [
        {
          "Name": "DisplayName",
          "Type": "String",
          "IsGet": true,
          "IsSet": true
        },
        {
          "Name": "ErrorText",
          "Type": "String",
          "IsGet": true,
          "IsSet": true
        },
        {
          "Name": "MaxCharacters",
          "Type": "UInt32",
          "IsGet": true,
          "IsSet": true
        },
        {
          "Name": "OptionId",
          "Type": "String",
          "IsGet": true
        },
        {
          "Name": "OptionType",
          "Type": "PrintOptionType",
          "IsGet": true
        },
        {
          "Name": "State",
          "Type": "PrintOptionStates",
          "IsGet": true,
          "IsSet": true
        },
        {
          "Name": "Value",
          "Type": "Object",
          "IsGet": true
        }
      ],
      "Fields": [],
      "Methods": [
        {
          "Name": "TrySetValue",
          "ReturnType": "Boolean",
          "Parameters": [
            {
              "Name": "value",
              "Type": "Object"
            }
          ]
        }
      ],
      "Events": [],
      "Name": "Windows.Graphics.Printing.OptionDetails.PrintCustomTextOptionDetails"
    },
    {
      "IsSealed": true,
      "Interfaces": [
        "IPrintItemListOptionDetails",
        "IPrintOptionDetails"
      ],
      "Constructors": [],
      "Properties": [
        {
          "Name": "ErrorText",
          "Type": "String",
          "IsGet": true,
          "IsSet": true
        },
        {
          "Name": "Items",
          "Type": "IReadOnlyList<Object>",
          "IsGet": true
        },
        {
          "Name": "OptionId",
          "Type": "String",
          "IsGet": true
        },
        {
          "Name": "OptionType",
          "Type": "PrintOptionType",
          "IsGet": true
        },
        {
          "Name": "State",
          "Type": "PrintOptionStates",
          "IsGet": true,
          "IsSet": true
        },
        {
          "Name": "Value",
          "Type": "Object",
          "IsGet": true
        }
      ],
      "Fields": [],
      "Methods": [
        {
          "Name": "TrySetValue",
          "ReturnType": "Boolean",
          "Parameters": [
            {
              "Name": "value",
              "Type": "Object"
            }
          ]
        }
      ],
      "Events": [],
      "Name": "Windows.Graphics.Printing.OptionDetails.PrintDuplexOptionDetails"
    },
    {
      "IsSealed": true,
      "Interfaces": [
        "IPrintItemListOptionDetails",
        "IPrintOptionDetails"
      ],
      "Constructors": [],
      "Properties": [
        {
          "Name": "ErrorText",
          "Type": "String",
          "IsGet": true,
          "IsSet": true
        },
        {
          "Name": "Items",
          "Type": "IReadOnlyList<Object>",
          "IsGet": true
        },
        {
          "Name": "OptionId",
          "Type": "String",
          "IsGet": true
        },
        {
          "Name": "OptionType",
          "Type": "PrintOptionType",
          "IsGet": true
        },
        {
          "Name": "State",
          "Type": "PrintOptionStates",
          "IsGet": true,
          "IsSet": true
        },
        {
          "Name": "Value",
          "Type": "Object",
          "IsGet": true
        }
      ],
      "Fields": [],
      "Methods": [
        {
          "Name": "TrySetValue",
          "ReturnType": "Boolean",
          "Parameters": [
            {
              "Name": "value",
              "Type": "Object"
            }
          ]
        }
      ],
      "Events": [],
      "Name": "Windows.Graphics.Printing.OptionDetails.PrintHolePunchOptionDetails"
    },
    {
      "IsSealed": true,
      "Interfaces": [
        "IPrintItemListOptionDetails",
        "IPrintOptionDetails"
      ],
      "Constructors": [],
      "Properties": [
        {
          "Name": "ErrorText",
          "Type": "String",
          "IsGet": true,
          "IsSet": true
        },
        {
          "Name": "Items",
          "Type": "IReadOnlyList<Object>",
          "IsGet": true
        },
        {
          "Name": "OptionId",
          "Type": "String",
          "IsGet": true
        },
        {
          "Name": "OptionType",
          "Type": "PrintOptionType",
          "IsGet": true
        },
        {
          "Name": "State",
          "Type": "PrintOptionStates",
          "IsGet": true,
          "IsSet": true
        },
        {
          "Name": "Value",
          "Type": "Object",
          "IsGet": true
        }
      ],
      "Fields": [],
      "Methods": [
        {
          "Name": "TrySetValue",
          "ReturnType": "Boolean",
          "Parameters": [
            {
              "Name": "value",
              "Type": "Object"
            }
          ]
        }
      ],
      "Events": [],
      "Name": "Windows.Graphics.Printing.OptionDetails.PrintMediaSizeOptionDetails"
    },
    {
      "IsSealed": true,
      "Interfaces": [
        "IPrintItemListOptionDetails",
        "IPrintOptionDetails"
      ],
      "Constructors": [],
      "Properties": [
        {
          "Name": "ErrorText",
          "Type": "String",
          "IsGet": true,
          "IsSet": true
        },
        {
          "Name": "Items",
          "Type": "IReadOnlyList<Object>",
          "IsGet": true
        },
        {
          "Name": "OptionId",
          "Type": "String",
          "IsGet": true
        },
        {
          "Name": "OptionType",
          "Type": "PrintOptionType",
          "IsGet": true
        },
        {
          "Name": "State",
          "Type": "PrintOptionStates",
          "IsGet": true,
          "IsSet": true
        },
        {
          "Name": "Value",
          "Type": "Object",
          "IsGet": true
        }
      ],
      "Fields": [],
      "Methods": [
        {
          "Name": "TrySetValue",
          "ReturnType": "Boolean",
          "Parameters": [
            {
              "Name": "value",
              "Type": "Object"
            }
          ]
        }
      ],
      "Events": [],
      "Name": "Windows.Graphics.Printing.OptionDetails.PrintMediaTypeOptionDetails"
    },
    {
      "IsSealed": true,
      "Interfaces": [
        "IPrintItemListOptionDetails",
        "IPrintOptionDetails"
      ],
      "Constructors": [],
      "Properties": [
        {
          "Name": "ErrorText",
          "Type": "String",
          "IsGet": true,
          "IsSet": true
        },
        {
          "Name": "Items",
          "Type": "IReadOnlyList<Object>",
          "IsGet": true
        },
        {
          "Name": "OptionId",
          "Type": "String",
          "IsGet": true
        },
        {
          "Name": "OptionType",
          "Type": "PrintOptionType",
          "IsGet": true
        },
        {
          "Name": "State",
          "Type": "PrintOptionStates",
          "IsGet": true,
          "IsSet": true
        },
        {
          "Name": "Value",
          "Type": "Object",
          "IsGet": true
        }
      ],
      "Fields": [],
      "Methods": [
        {
          "Name": "TrySetValue",
          "ReturnType": "Boolean",
          "Parameters": [
            {
              "Name": "value",
              "Type": "Object"
            }
          ]
        }
      ],
      "Events": [],
      "Name": "Windows.Graphics.Printing.OptionDetails.PrintOrientationOptionDetails"
    },
    {
      "IsSealed": true,
      "Interfaces": [
        "IPrintItemListOptionDetails",
        "IPrintOptionDetails"
      ],
      "Constructors": [],
      "Properties": [
        {
          "Name": "ErrorText",
          "Type": "String",
          "IsGet": true,
          "IsSet": true
        },
        {
          "Name": "Items",
          "Type": "IReadOnlyList<Object>",
          "IsGet": true
        },
        {
          "Name": "OptionId",
          "Type": "String",
          "IsGet": true
        },
        {
          "Name": "OptionType",
          "Type": "PrintOptionType",
          "IsGet": true
        },
        {
          "Name": "State",
          "Type": "PrintOptionStates",
          "IsGet": true,
          "IsSet": true
        },
        {
          "Name": "Value",
          "Type": "Object",
          "IsGet": true
        }
      ],
      "Fields": [],
      "Methods": [
        {
          "Name": "TrySetValue",
          "ReturnType": "Boolean",
          "Parameters": [
            {
              "Name": "value",
              "Type": "Object"
            }
          ]
        }
      ],
      "Events": [],
      "Name": "Windows.Graphics.Printing.OptionDetails.PrintQualityOptionDetails"
    },
    {
      "IsSealed": true,
      "Interfaces": [
        "IPrintItemListOptionDetails",
        "IPrintOptionDetails"
      ],
      "Constructors": [],
      "Properties": [
        {
          "Name": "ErrorText",
          "Type": "String",
          "IsGet": true,
          "IsSet": true
        },
        {
          "Name": "Items",
          "Type": "IReadOnlyList<Object>",
          "IsGet": true
        },
        {
          "Name": "OptionId",
          "Type": "String",
          "IsGet": true
        },
        {
          "Name": "OptionType",
          "Type": "PrintOptionType",
          "IsGet": true
        },
        {
          "Name": "State",
          "Type": "PrintOptionStates",
          "IsGet": true,
          "IsSet": true
        },
        {
          "Name": "Value",
          "Type": "Object",
          "IsGet": true
        }
      ],
      "Fields": [],
      "Methods": [
        {
          "Name": "TrySetValue",
          "ReturnType": "Boolean",
          "Parameters": [
            {
              "Name": "value",
              "Type": "Object"
            }
          ]
        }
      ],
      "Events": [],
      "Name": "Windows.Graphics.Printing.OptionDetails.PrintStapleOptionDetails"
    },
    {
      "IsSealed": true,
      "Interfaces": [
        "IPrintTaskOptionsCore",
        "IPrintTaskOptionsCoreUIConfiguration"
      ],
      "Constructors": [],
      "Properties": [
        {
          "Name": "DisplayedOptions",
          "Type": "IList<String>",
          "IsGet": true
        },
        {
          "Name": "Options",
          "Type": "IReadOnlyDictionary<String,IPrintOptionDetails>",
          "IsGet": true
        }
      ],
      "Fields": [],
      "Methods": [
        {
          "Name": "CreateItemListOption",
          "ReturnType": "PrintCustomItemListOptionDetails",
          "Parameters": [
            {
              "Name": "optionId",
              "Type": "String"
            },
            {
              "Name": "displayName",
              "Type": "String"
            }
          ]
        },
        {
          "Name": "CreateTextOption",
          "ReturnType": "PrintCustomTextOptionDetails",
          "Parameters": [
            {
              "Name": "optionId",
              "Type": "String"
            },
            {
              "Name": "displayName",
              "Type": "String"
            }
          ]
        },
        {
          "Name": "GetFromPrintTaskOptions",
          "IsStatic": true,
          "ReturnType": "PrintTaskOptionDetails",
          "Parameters": [
            {
              "Name": "printTaskOptions",
              "Type": "PrintTaskOptions"
            }
          ]
        },
        {
          "Name": "GetPageDescription",
          "ReturnType": "PrintPageDescription",
          "Parameters": [
            {
              "Name": "jobPageNumber",
              "Type": "UInt32"
            }
          ]
        }
      ],
      "Events": [
        {
          "Name": "BeginValidation",
          "Type": "TypedEventHandler<PrintTaskOptionDetails,Object>"
        },
        {
          "Name": "OptionChanged",
          "Type": "TypedEventHandler<PrintTaskOptionDetails,PrintTaskOptionChangedEventArgs>"
        }
      ],
      "Name": "Windows.Graphics.Printing.OptionDetails.PrintTaskOptionDetails"
    },
    {
      "IsSealed": true,
      "Interfaces": [],
      "Constructors": [],
      "Properties": [
        {
          "Name": "OptionId",
          "Type": "Object",
          "IsGet": true
        }
      ],
      "Fields": [],
      "Methods": [],
      "Events": [],
      "Name": "Windows.Graphics.Printing.OptionDetails.PrintTaskOptionChangedEventArgs"
    },
    {
      "IsSealed": true,
      "Interfaces": [],
      "Constructors": [],
      "Properties": [],
      "Fields": [],
      "Methods": [
        {
          "Name": "GetForCurrentView",
          "IsStatic": true,
          "ReturnType": "PrintManager"
        },
        {
          "Name": "ShowPrintUIAsync",
          "IsStatic": true,
          "ReturnType": "IAsyncOperation<Boolean>"
        }
      ],
      "Events": [
        {
          "Name": "PrintTaskRequested",
          "Type": "TypedEventHandler<PrintManager,PrintTaskRequestedEventArgs>"
        }
      ],
      "Name": "Windows.Graphics.Printing.PrintManager"
    },
    {
      "IsSealed": true,
      "Interfaces": [],
      "Constructors": [],
      "Properties": [
        {
          "Name": "Is3DManufacturingTargetEnabled",
          "Type": "Boolean",
          "IsGet": true,
          "IsSet": true
        },
        {
          "Name": "IsPrinterTargetEnabled",
          "Type": "Boolean",
          "IsGet": true,
          "IsSet": true
        },
        {
          "Name": "Options",
          "Type": "PrintTaskOptions",
          "IsGet": true
        },
        {
          "Name": "Properties",
          "Type": "DataPackagePropertySet",
          "IsGet": true
        },
        {
          "Name": "Source",
          "Type": "IPrintDocumentSource",
          "IsGet": true
        }
      ],
      "Fields": [],
      "Methods": [],
      "Events": [
        {
          "Name": "Completed",
          "Type": "TypedEventHandler<PrintTask,PrintTaskCompletedEventArgs>"
        },
        {
          "Name": "Previewing",
          "Type": "TypedEventHandler<PrintTask,Object>"
        },
        {
          "Name": "Progressing",
          "Type": "TypedEventHandler<PrintTask,PrintTaskProgressingEventArgs>"
        },
        {
          "Name": "Submitting",
          "Type": "TypedEventHandler<PrintTask,Object>"
        }
      ],
      "Name": "Windows.Graphics.Printing.PrintTask"
    },
    {
      "IsSealed": true,
      "Interfaces": [],
      "Constructors": [],
      "Properties": [
        {
          "Name": "Completion",
          "Type": "PrintTaskCompletion",
          "IsGet": true
        }
      ],
      "Fields": [],
      "Methods": [],
      "Events": [],
      "Name": "Windows.Graphics.Printing.PrintTaskCompletedEventArgs"
    },
    {
      "IsSealed": true,
      "Interfaces": [
        "IPrintTaskOptionsCore",
        "IPrintTaskOptionsCoreProperties",
        "IPrintTaskOptionsCoreUIConfiguration"
      ],
      "Constructors": [],
      "Properties": [
        {
          "Name": "Binding",
          "Type": "PrintBinding",
          "IsGet": true,
          "IsSet": true
        },
        {
          "Name": "Collation",
          "Type": "PrintCollation",
          "IsGet": true,
          "IsSet": true
        },
        {
          "Name": "ColorMode",
          "Type": "PrintColorMode",
          "IsGet": true,
          "IsSet": true
        },
        {
          "Name": "DisplayedOptions",
          "Type": "IList<String>",
          "IsGet": true
        },
        {
          "Name": "Duplex",
          "Type": "PrintDuplex",
          "IsGet": true,
          "IsSet": true
        },
        {
          "Name": "HolePunch",
          "Type": "PrintHolePunch",
          "IsGet": true,
          "IsSet": true
        },
        {
          "Name": "MaxCopies",
          "Type": "UInt32",
          "IsGet": true
        },
        {
          "Name": "MediaSize",
          "Type": "PrintMediaSize",
          "IsGet": true,
          "IsSet": true
        },
        {
          "Name": "MediaType",
          "Type": "PrintMediaType",
          "IsGet": true,
          "IsSet": true
        },
        {
          "Name": "MinCopies",
          "Type": "UInt32",
          "IsGet": true
        },
        {
          "Name": "NumberOfCopies",
          "Type": "UInt32",
          "IsGet": true,
          "IsSet": true
        },
        {
          "Name": "Orientation",
          "Type": "PrintOrientation",
          "IsGet": true,
          "IsSet": true
        },
        {
          "Name": "PrintQuality",
          "Type": "PrintQuality",
          "IsGet": true,
          "IsSet": true
        },
        {
          "Name": "Staple",
          "Type": "PrintStaple",
          "IsGet": true,
          "IsSet": true
        }
      ],
      "Fields": [],
      "Methods": [
        {
          "Name": "GetPageDescription",
          "ReturnType": "PrintPageDescription",
          "Parameters": [
            {
              "Name": "jobPageNumber",
              "Type": "UInt32"
            }
          ]
        }
      ],
      "Events": [],
      "Name": "Windows.Graphics.Printing.PrintTaskOptions"
    },
    {
      "IsSealed": true,
      "Interfaces": [],
      "Constructors": [],
      "Properties": [
        {
          "Name": "DocumentPageCount",
          "Type": "UInt32",
          "IsGet": true
        }
      ],
      "Fields": [],
      "Methods": [],
      "Events": [],
      "Name": "Windows.Graphics.Printing.PrintTaskProgressingEventArgs"
    },
    {
      "IsSealed": true,
      "Interfaces": [],
      "Constructors": [],
      "Properties": [
        {
          "Name": "Deadline",
          "Type": "DateTimeOffset",
          "IsGet": true
        }
      ],
      "Fields": [],
      "Methods": [
        {
          "Name": "CreatePrintTask",
          "ReturnType": "PrintTask",
          "Parameters": [
            {
              "Name": "title",
              "Type": "String"
            },
            {
              "Name": "handler",
              "Type": "PrintTaskSourceRequestedHandler"
            }
          ]
        },
        {
          "Name": "GetDeferral",
          "ReturnType": "PrintTaskRequestedDeferral"
        }
      ],
      "Events": [],
      "Name": "Windows.Graphics.Printing.PrintTaskRequest"
    },
    {
      "IsSealed": true,
      "Interfaces": [],
      "Constructors": [],
      "Properties": [],
      "Fields": [],
      "Methods": [
        {
          "Name": "Complete",
          "ReturnType": "Void"
        }
      ],
      "Events": [],
      "Name": "Windows.Graphics.Printing.PrintTaskRequestedDeferral"
    },
    {
      "IsSealed": true,
      "Interfaces": [],
      "Constructors": [],
      "Properties": [
        {
          "Name": "Request",
          "Type": "PrintTaskRequest",
          "IsGet": true
        }
      ],
      "Fields": [],
      "Methods": [],
      "Events": [],
      "Name": "Windows.Graphics.Printing.PrintTaskRequestedEventArgs"
    },
    {
      "IsSealed": true,
      "Interfaces": [],
      "Constructors": [],
      "Properties": [
        {
          "Name": "Deadline",
          "Type": "DateTimeOffset",
          "IsGet": true
        }
      ],
      "Fields": [],
      "Methods": [
        {
          "Name": "GetDeferral",
          "ReturnType": "PrintTaskSourceRequestedDeferral"
        },
        {
          "Name": "SetSource",
          "ReturnType": "Void",
          "Parameters": [
            {
              "Name": "source",
              "Type": "IPrintDocumentSource"
            }
          ]
        }
      ],
      "Events": [],
      "Name": "Windows.Graphics.Printing.PrintTaskSourceRequestedArgs"
    },
    {
      "IsSealed": true,
      "Interfaces": [],
      "Constructors": [],
      "Properties": [],
      "Fields": [],
      "Methods": [
        {
          "Name": "Complete",
          "ReturnType": "Void"
        }
      ],
      "Events": [],
      "Name": "Windows.Graphics.Printing.PrintTaskSourceRequestedDeferral"
    },
    {
      "IsStatic": true,
      "Interfaces": [],
      "Constructors": [],
      "Properties": [
        {
          "Name": "Binding",
          "Type": "String",
          "IsStatic": true,
          "IsGet": true
        },
        {
          "Name": "Collation",
          "Type": "String",
          "IsStatic": true,
          "IsGet": true
        },
        {
          "Name": "ColorMode",
          "Type": "String",
          "IsStatic": true,
          "IsGet": true
        },
        {
          "Name": "Copies",
          "Type": "String",
          "IsStatic": true,
          "IsGet": true
        },
        {
          "Name": "Duplex",
          "Type": "String",
          "IsStatic": true,
          "IsGet": true
        },
        {
          "Name": "HolePunch",
          "Type": "String",
          "IsStatic": true,
          "IsGet": true
        },
        {
          "Name": "InputBin",
          "Type": "String",
          "IsStatic": true,
          "IsGet": true
        },
        {
          "Name": "MediaSize",
          "Type": "String",
          "IsStatic": true,
          "IsGet": true
        },
        {
          "Name": "MediaType",
          "Type": "String",
          "IsStatic": true,
          "IsGet": true
        },
        {
          "Name": "NUp",
          "Type": "String",
          "IsStatic": true,
          "IsGet": true
        },
        {
          "Name": "Orientation",
          "Type": "String",
          "IsStatic": true,
          "IsGet": true
        },
        {
          "Name": "PrintQuality",
          "Type": "String",
          "IsStatic": true,
          "IsGet": true
        },
        {
          "Name": "Staple",
          "Type": "String",
          "IsStatic": true,
          "IsGet": true
        }
      ],
      "Fields": [],
      "Methods": [],
      "Events": [],
      "Name": "Windows.Graphics.Printing.StandardPrintTaskOptions"
    }
  ],
  "Structs": [
    {
      "Interfaces": [],
      "Constructors": [],
      "Properties": [],
      "Fields": [
        {
          "Name": "Height",
          "Type": "UInt32"
        },
        {
          "Name": "Width",
          "Type": "UInt32"
        },
        {
          "Name": "X",
          "Type": "UInt32"
        },
        {
          "Name": "Y",
          "Type": "UInt32"
        }
      ],
      "Methods": [],
      "Events": [],
      "Name": "Windows.Graphics.Imaging.BitmapBounds"
    },
    {
      "Interfaces": [],
      "Constructors": [],
      "Properties": [],
      "Fields": [
        {
          "Name": "DpiX",
          "Type": "UInt32"
        },
        {
          "Name": "DpiY",
          "Type": "UInt32"
        },
        {
          "Name": "ImageableRect",
          "Type": "Rect"
        },
        {
          "Name": "PageSize",
          "Type": "Size"
        }
      ],
      "Methods": [],
      "Events": [],
      "Name": "Windows.Graphics.Printing.PrintPageDescription"
    }
  ],
  "Interfaces": [
    {
      "Interfaces": [],
      "Properties": [
        {
          "Name": "BitmapAlphaMode",
          "Type": "BitmapAlphaMode",
          "IsGet": true
        },
        {
          "Name": "BitmapPixelFormat",
          "Type": "BitmapPixelFormat",
          "IsGet": true
        },
        {
          "Name": "BitmapProperties",
          "Type": "BitmapPropertiesView",
          "IsGet": true
        },
        {
          "Name": "DpiX",
          "Type": "Double",
          "IsGet": true
        },
        {
          "Name": "DpiY",
          "Type": "Double",
          "IsGet": true
        },
        {
          "Name": "OrientedPixelHeight",
          "Type": "UInt32",
          "IsGet": true
        },
        {
          "Name": "OrientedPixelWidth",
          "Type": "UInt32",
          "IsGet": true
        },
        {
          "Name": "PixelHeight",
          "Type": "UInt32",
          "IsGet": true
        },
        {
          "Name": "PixelWidth",
          "Type": "UInt32",
          "IsGet": true
        }
      ],
      "Methods": [
        {
          "Name": "GetPixelDataAsync",
          "ReturnType": "IAsyncOperation<PixelDataProvider>"
        },
        {
          "Name": "GetPixelDataAsync",
          "ReturnType": "IAsyncOperation<PixelDataProvider>",
          "Parameters": [
            {
              "Name": "pixelFormat",
              "Type": "BitmapPixelFormat"
            },
            {
              "Name": "alphaMode",
              "Type": "BitmapAlphaMode"
            },
            {
              "Name": "transform",
              "Type": "BitmapTransform"
            },
            {
              "Name": "exifOrientationMode",
              "Type": "ExifOrientationMode"
            },
            {
              "Name": "colorManagementMode",
              "Type": "ColorManagementMode"
            }
          ]
        },
        {
          "Name": "GetThumbnailAsync",
          "ReturnType": "IAsyncOperation<ImageStream>"
        }
      ],
      "Events": [],
      "Name": "Windows.Graphics.Imaging.IBitmapFrame"
    },
    {
      "Interfaces": [],
      "Properties": [],
      "Methods": [
        {
          "Name": "GetPropertiesAsync",
          "ReturnType": "IAsyncOperation<BitmapPropertySet>",
          "Parameters": [
            {
              "Name": "propertiesToRetrieve",
              "Type": "IEnumerable<String>"
            }
          ]
        }
      ],
      "Events": [],
      "Name": "Windows.Graphics.Imaging.IBitmapPropertiesView"
    },
    {
      "Interfaces": [],
      "Properties": [],
      "Methods": [],
      "Events": [],
      "Name": "Windows.Graphics.Printing.IPrintDocumentSource"
    },
    {
      "Interfaces": [],
      "Properties": [],
      "Methods": [
        {
          "Name": "GetPageDescription",
          "ReturnType": "PrintPageDescription",
          "Parameters": [
            {
              "Name": "jobPageNumber",
              "Type": "UInt32"
            }
          ]
        }
      ],
      "Events": [],
      "Name": "Windows.Graphics.Printing.IPrintTaskOptionsCore"
    },
    {
      "Interfaces": [],
      "Properties": [
        {
          "Name": "Binding",
          "Type": "PrintBinding",
          "IsGet": true,
          "IsSet": true
        },
        {
          "Name": "Collation",
          "Type": "PrintCollation",
          "IsGet": true,
          "IsSet": true
        },
        {
          "Name": "ColorMode",
          "Type": "PrintColorMode",
          "IsGet": true,
          "IsSet": true
        },
        {
          "Name": "Duplex",
          "Type": "PrintDuplex",
          "IsGet": true,
          "IsSet": true
        },
        {
          "Name": "HolePunch",
          "Type": "PrintHolePunch",
          "IsGet": true,
          "IsSet": true
        },
        {
          "Name": "MaxCopies",
          "Type": "UInt32",
          "IsGet": true
        },
        {
          "Name": "MediaSize",
          "Type": "PrintMediaSize",
          "IsGet": true,
          "IsSet": true
        },
        {
          "Name": "MediaType",
          "Type": "PrintMediaType",
          "IsGet": true,
          "IsSet": true
        },
        {
          "Name": "MinCopies",
          "Type": "UInt32",
          "IsGet": true
        },
        {
          "Name": "NumberOfCopies",
          "Type": "UInt32",
          "IsGet": true,
          "IsSet": true
        },
        {
          "Name": "Orientation",
          "Type": "PrintOrientation",
          "IsGet": true,
          "IsSet": true
        },
        {
          "Name": "PrintQuality",
          "Type": "PrintQuality",
          "IsGet": true,
          "IsSet": true
        },
        {
          "Name": "Staple",
          "Type": "PrintStaple",
          "IsGet": true,
          "IsSet": true
        }
      ],
      "Methods": [],
      "Events": [],
      "Name": "Windows.Graphics.Printing.IPrintTaskOptionsCoreProperties"
    },
    {
      "Interfaces": [],
      "Properties": [
        {
          "Name": "DisplayedOptions",
          "Type": "IList<String>",
          "IsGet": true
        }
      ],
      "Methods": [],
      "Events": [],
      "Name": "Windows.Graphics.Printing.IPrintTaskOptionsCoreUIConfiguration"
    },
    {
      "Interfaces": [
        "IPrintOptionDetails"
      ],
      "Properties": [
        {
          "Name": "DisplayName",
          "Type": "String",
          "IsGet": true,
          "IsSet": true
        }
      ],
      "Methods": [],
      "Events": [],
      "Name": "Windows.Graphics.Printing.OptionDetails.IPrintCustomOptionDetails"
    },
    {
      "Interfaces": [
        "IPrintOptionDetails"
      ],
      "Properties": [
        {
          "Name": "Items",
          "Type": "IReadOnlyList<Object>",
          "IsGet": true
        }
      ],
      "Methods": [],
      "Events": [],
      "Name": "Windows.Graphics.Printing.OptionDetails.IPrintItemListOptionDetails"
    },
    {
      "Interfaces": [
        "IPrintOptionDetails"
      ],
      "Properties": [
        {
          "Name": "MaxValue",
          "Type": "UInt32",
          "IsGet": true
        },
        {
          "Name": "MinValue",
          "Type": "UInt32",
          "IsGet": true
        }
      ],
      "Methods": [],
      "Events": [],
      "Name": "Windows.Graphics.Printing.OptionDetails.IPrintNumberOptionDetails"
    },
    {
      "Interfaces": [],
      "Properties": [
        {
          "Name": "ErrorText",
          "Type": "String",
          "IsGet": true,
          "IsSet": true
        },
        {
          "Name": "OptionId",
          "Type": "String",
          "IsGet": true
        },
        {
          "Name": "OptionType",
          "Type": "PrintOptionType",
          "IsGet": true
        },
        {
          "Name": "State",
          "Type": "PrintOptionStates",
          "IsGet": true,
          "IsSet": true
        },
        {
          "Name": "Value",
          "Type": "Object",
          "IsGet": true
        }
      ],
      "Methods": [
        {
          "Name": "TrySetValue",
          "ReturnType": "Boolean",
          "Parameters": [
            {
              "Name": "value",
              "Type": "Object"
            }
          ]
        }
      ],
      "Events": [],
      "Name": "Windows.Graphics.Printing.OptionDetails.IPrintOptionDetails"
    },
    {
      "Interfaces": [
        "IPrintOptionDetails"
      ],
      "Properties": [
        {
          "Name": "MaxCharacters",
          "Type": "UInt32",
          "IsGet": true
        }
      ],
      "Methods": [],
      "Events": [],
      "Name": "Windows.Graphics.Printing.OptionDetails.IPrintTextOptionDetails"
    }
  ],
  "Enums": [
    {
      "IsFlags": true,
      "BaseType": "UInt32",
      "Values": [
        {
          "Name": "None",
          "Value": "0"
        },
        {
          "Name": "Landscape",
          "Value": "1"
        },
        {
          "Name": "Portrait",
          "Value": "2"
        },
        {
          "Name": "LandscapeFlipped",
          "Value": "4"
        },
        {
          "Name": "PortraitFlipped",
          "Value": "8"
        }
      ],
      "Name": "Windows.Graphics.Display.DisplayOrientations"
    },
    {
      "BaseType": "Int32",
      "Values": [
        {
          "Name": "Invalid",
          "Value": "0"
        },
        {
          "Name": "Scale100Percent",
          "Value": "100"
        },
        {
          "Name": "Scale120Percent",
          "Value": "120"
        },
        {
          "Name": "Scale140Percent",
          "Value": "140"
        },
        {
          "Name": "Scale150Percent",
          "Value": "150"
        },
        {
          "Name": "Scale160Percent",
          "Value": "160"
        },
        {
          "Name": "Scale180Percent",
          "Value": "180"
        },
        {
          "Name": "Scale225Percent",
          "Value": "225"
        }
      ],
      "Name": "Windows.Graphics.Display.ResolutionScale"
    },
    {
      "BaseType": "Int32",
      "Values": [
        {
          "Name": "Premultiplied",
          "Value": "0"
        },
        {
          "Name": "Straight",
          "Value": "1"
        },
        {
          "Name": "Ignore",
          "Value": "2"
        }
      ],
      "Name": "Windows.Graphics.Imaging.BitmapAlphaMode"
    },
    {
      "BaseType": "Int32",
      "Values": [
        {
          "Name": "None",
          "Value": "0"
        },
        {
          "Name": "Horizontal",
          "Value": "1"
        },
        {
          "Name": "Vertical",
          "Value": "2"
        }
      ],
      "Name": "Windows.Graphics.Imaging.BitmapFlip"
    },
    {
      "BaseType": "Int32",
      "Values": [
        {
          "Name": "NearestNeighbor",
          "Value": "0"
        },
        {
          "Name": "Linear",
          "Value": "1"
        },
        {
          "Name": "Cubic",
          "Value": "2"
        },
        {
          "Name": "Fant",
          "Value": "3"
        }
      ],
      "Name": "Windows.Graphics.Imaging.BitmapInterpolationMode"
    },
    {
      "BaseType": "Int32",
      "Values": [
        {
          "Name": "Unknown",
          "Value": "0"
        },
        {
          "Name": "Rgba16",
          "Value": "12"
        },
        {
          "Name": "Rgba8",
          "Value": "30"
        },
        {
          "Name": "Bgra8",
          "Value": "87"
        }
      ],
      "Name": "Windows.Graphics.Imaging.BitmapPixelFormat"
    },
    {
      "BaseType": "Int32",
      "Values": [
        {
          "Name": "None",
          "Value": "0"
        },
        {
          "Name": "Clockwise90Degrees",
          "Value": "1"
        },
        {
          "Name": "Clockwise180Degrees",
          "Value": "2"
        },
        {
          "Name": "Clockwise270Degrees",
          "Value": "3"
        }
      ],
      "Name": "Windows.Graphics.Imaging.BitmapRotation"
    },
    {
      "BaseType": "Int32",
      "Values": [
        {
          "Name": "DoNotColorManage",
          "Value": "0"
        },
        {
          "Name": "ColorManageToSRgb",
          "Value": "1"
        }
      ],
      "Name": "Windows.Graphics.Imaging.ColorManagementMode"
    },
    {
      "BaseType": "Int32",
      "Values": [
        {
          "Name": "IgnoreExifOrientation",
          "Value": "0"
        },
        {
          "Name": "RespectExifOrientation",
          "Value": "1"
        }
      ],
      "Name": "Windows.Graphics.Imaging.ExifOrientationMode"
    },
    {
      "BaseType": "Int32",
      "Values": [
        {
          "Name": "Default",
          "Value": "0"
        },
        {
          "Name": "Y4Cb2Cr0",
          "Value": "1"
        },
        {
          "Name": "Y4Cb2Cr2",
          "Value": "2"
        },
        {
          "Name": "Y4Cb4Cr4",
          "Value": "3"
        }
      ],
      "Name": "Windows.Graphics.Imaging.JpegSubsamplingMode"
    },
    {
      "BaseType": "Int32",
      "Values": [
        {
          "Name": "Automatic",
          "Value": "0"
        },
        {
          "Name": "None",
          "Value": "1"
        },
        {
          "Name": "Sub",
          "Value": "2"
        },
        {
          "Name": "Up",
          "Value": "3"
        },
        {
          "Name": "Average",
          "Value": "4"
        },
        {
          "Name": "Paeth",
          "Value": "5"
        },
        {
          "Name": "Adaptive",
          "Value": "6"
        }
      ],
      "Name": "Windows.Graphics.Imaging.PngFilterMode"
    },
    {
      "BaseType": "Int32",
      "Values": [
        {
          "Name": "Automatic",
          "Value": "0"
        },
        {
          "Name": "None",
          "Value": "1"
        },
        {
          "Name": "Ccitt3",
          "Value": "2"
        },
        {
          "Name": "Ccitt4",
          "Value": "3"
        },
        {
          "Name": "Lzw",
          "Value": "4"
        },
        {
          "Name": "Rle",
          "Value": "5"
        },
        {
          "Name": "Zip",
          "Value": "6"
        },
        {
          "Name": "LzwhDifferencing",
          "Value": "7"
        }
      ],
      "Name": "Windows.Graphics.Imaging.TiffCompressionMode"
    },
    {
      "IsFlags": true,
      "BaseType": "UInt32",
      "Values": [
        {
          "Name": "None",
          "Value": "0"
        },
        {
          "Name": "Enabled",
          "Value": "1"
        },
        {
          "Name": "Constrained",
          "Value": "2"
        }
      ],
      "Name": "Windows.Graphics.Printing.OptionDetails.PrintOptionStates"
    },
    {
      "BaseType": "Int32",
      "Values": [
        {
          "Name": "Unknown",
          "Value": "0"
        },
        {
          "Name": "Number",
          "Value": "1"
        },
        {
          "Name": "Text",
          "Value": "2"
        },
        {
          "Name": "ItemList",
          "Value": "3"
        }
      ],
      "Name": "Windows.Graphics.Printing.OptionDetails.PrintOptionType"
    },
    {
      "BaseType": "Int32",
      "Values": [
        {
          "Name": "Default",
          "Value": "0"
        },
        {
          "Name": "NotAvailable",
          "Value": "1"
        },
        {
          "Name": "PrinterCustom",
          "Value": "2"
        },
        {
          "Name": "None",
          "Value": "3"
        },
        {
          "Name": "Bale",
          "Value": "4"
        },
        {
          "Name": "BindBottom",
          "Value": "5"
        },
        {
          "Name": "BindLeft",
          "Value": "6"
        },
        {
          "Name": "BindRight",
          "Value": "7"
        },
        {
          "Name": "BindTop",
          "Value": "8"
        },
        {
          "Name": "Booklet",
          "Value": "9"
        },
        {
          "Name": "EdgeStitchBottom",
          "Value": "10"
        },
        {
          "Name": "EdgeStitchLeft",
          "Value": "11"
        },
        {
          "Name": "EdgeStitchRight",
          "Value": "12"
        },
        {
          "Name": "EdgeStitchTop",
          "Value": "13"
        },
        {
          "Name": "Fold",
          "Value": "14"
        },
        {
          "Name": "JogOffset",
          "Value": "15"
        },
        {
          "Name": "Trim",
          "Value": "16"
        }
      ],
      "Name": "Windows.Graphics.Printing.PrintBinding"
    },
    {
      "BaseType": "Int32",
      "Values": [
        {
          "Name": "Default",
          "Value": "0"
        },
        {
          "Name": "NotAvailable",
          "Value": "1"
        },
        {
          "Name": "PrinterCustom",
          "Value": "2"
        },
        {
          "Name": "Collated",
          "Value": "3"
        },
        {
          "Name": "Uncollated",
          "Value": "4"
        }
      ],
      "Name": "Windows.Graphics.Printing.PrintCollation"
    },
    {
      "BaseType": "Int32",
      "Values": [
        {
          "Name": "Default",
          "Value": "0"
        },
        {
          "Name": "NotAvailable",
          "Value": "1"
        },
        {
          "Name": "PrinterCustom",
          "Value": "2"
        },
        {
          "Name": "Color",
          "Value": "3"
        },
        {
          "Name": "Grayscale",
          "Value": "4"
        },
        {
          "Name": "Monochrome",
          "Value": "5"
        }
      ],
      "Name": "Windows.Graphics.Printing.PrintColorMode"
    },
    {
      "BaseType": "Int32",
      "Values": [
        {
          "Name": "Default",
          "Value": "0"
        },
        {
          "Name": "NotAvailable",
          "Value": "1"
        },
        {
          "Name": "PrinterCustom",
          "Value": "2"
        },
        {
          "Name": "OneSided",
          "Value": "3"
        },
        {
          "Name": "TwoSidedShortEdge",
          "Value": "4"
        },
        {
          "Name": "TwoSidedLongEdge",
          "Value": "5"
        }
      ],
      "Name": "Windows.Graphics.Printing.PrintDuplex"
    },
    {
      "BaseType": "Int32",
      "Values": [
        {
          "Name": "Default",
          "Value": "0"
        },
        {
          "Name": "NotAvailable",
          "Value": "1"
        },
        {
          "Name": "PrinterCustom",
          "Value": "2"
        },
        {
          "Name": "None",
          "Value": "3"
        },
        {
          "Name": "LeftEdge",
          "Value": "4"
        },
        {
          "Name": "RightEdge",
          "Value": "5"
        },
        {
          "Name": "TopEdge",
          "Value": "6"
        },
        {
          "Name": "BottomEdge",
          "Value": "7"
        }
      ],
      "Name": "Windows.Graphics.Printing.PrintHolePunch"
    },
    {
      "BaseType": "Int32",
      "Values": [
        {
          "Name": "Default",
          "Value": "0"
        },
        {
          "Name": "NotAvailable",
          "Value": "1"
        },
        {
          "Name": "PrinterCustom",
          "Value": "2"
        },
        {
          "Name": "BusinessCard",
          "Value": "3"
        },
        {
          "Name": "CreditCard",
          "Value": "4"
        },
        {
          "Name": "IsoA0",
          "Value": "5"
        },
        {
          "Name": "IsoA1",
          "Value": "6"
        },
        {
          "Name": "IsoA10",
          "Value": "7"
        },
        {
          "Name": "IsoA2",
          "Value": "8"
        },
        {
          "Name": "IsoA3",
          "Value": "9"
        },
        {
          "Name": "IsoA3Extra",
          "Value": "10"
        },
        {
          "Name": "IsoA3Rotated",
          "Value": "11"
        },
        {
          "Name": "IsoA4",
          "Value": "12"
        },
        {
          "Name": "IsoA4Extra",
          "Value": "13"
        },
        {
          "Name": "IsoA4Rotated",
          "Value": "14"
        },
        {
          "Name": "IsoA5",
          "Value": "15"
        },
        {
          "Name": "IsoA5Extra",
          "Value": "16"
        },
        {
          "Name": "IsoA5Rotated",
          "Value": "17"
        },
        {
          "Name": "IsoA6",
          "Value": "18"
        },
        {
          "Name": "IsoA6Rotated",
          "Value": "19"
        },
        {
          "Name": "IsoA7",
          "Value": "20"
        },
        {
          "Name": "IsoA8",
          "Value": "21"
        },
        {
          "Name": "IsoA9",
          "Value": "22"
        },
        {
          "Name": "IsoB0",
          "Value": "23"
        },
        {
          "Name": "IsoB1",
          "Value": "24"
        },
        {
          "Name": "IsoB10",
          "Value": "25"
        },
        {
          "Name": "IsoB2",
          "Value": "26"
        },
        {
          "Name": "IsoB3",
          "Value": "27"
        },
        {
          "Name": "IsoB4",
          "Value": "28"
        },
        {
          "Name": "IsoB4Envelope",
          "Value": "29"
        },
        {
          "Name": "IsoB5Envelope",
          "Value": "30"
        },
        {
          "Name": "IsoB5Extra",
          "Value": "31"
        },
        {
          "Name": "IsoB7",
          "Value": "32"
        },
        {
          "Name": "IsoB8",
          "Value": "33"
        },
        {
          "Name": "IsoB9",
          "Value": "34"
        },
        {
          "Name": "IsoC0",
          "Value": "35"
        },
        {
          "Name": "IsoC1",
          "Value": "36"
        },
        {
          "Name": "IsoC10",
          "Value": "37"
        },
        {
          "Name": "IsoC2",
          "Value": "38"
        },
        {
          "Name": "IsoC3",
          "Value": "39"
        },
        {
          "Name": "IsoC3Envelope",
          "Value": "40"
        },
        {
          "Name": "IsoC4",
          "Value": "41"
        },
        {
          "Name": "IsoC4Envelope",
          "Value": "42"
        },
        {
          "Name": "IsoC5",
          "Value": "43"
        },
        {
          "Name": "IsoC5Envelope",
          "Value": "44"
        },
        {
          "Name": "IsoC6",
          "Value": "45"
        },
        {
          "Name": "IsoC6C5Envelope",
          "Value": "46"
        },
        {
          "Name": "IsoC6Envelope",
          "Value": "47"
        },
        {
          "Name": "IsoC7",
          "Value": "48"
        },
        {
          "Name": "IsoC8",
          "Value": "49"
        },
        {
          "Name": "IsoC9",
          "Value": "50"
        },
        {
          "Name": "IsoDLEnvelope",
          "Value": "51"
        },
        {
          "Name": "IsoDLEnvelopeRotated",
          "Value": "52"
        },
        {
          "Name": "IsoSRA3",
          "Value": "53"
        },
        {
          "Name": "Japan2LPhoto",
          "Value": "54"
        },
        {
          "Name": "JapanChou3Envelope",
          "Value": "55"
        },
        {
          "Name": "JapanChou3EnvelopeRotated",
          "Value": "56"
        },
        {
          "Name": "JapanChou4Envelope",
          "Value": "57"
        },
        {
          "Name": "JapanChou4EnvelopeRotated",
          "Value": "58"
        },
        {
          "Name": "JapanDoubleHagakiPostcard",
          "Value": "59"
        },
        {
          "Name": "JapanDoubleHagakiPostcardRotated",
          "Value": "60"
        },
        {
          "Name": "JapanHagakiPostcard",
          "Value": "61"
        },
        {
          "Name": "JapanHagakiPostcardRotated",
          "Value": "62"
        },
        {
          "Name": "JapanKaku2Envelope",
          "Value": "63"
        },
        {
          "Name": "JapanKaku2EnvelopeRotated",
          "Value": "64"
        },
        {
          "Name": "JapanKaku3Envelope",
          "Value": "65"
        },
        {
          "Name": "JapanKaku3EnvelopeRotated",
          "Value": "66"
        },
        {
          "Name": "JapanLPhoto",
          "Value": "67"
        },
        {
          "Name": "JapanQuadrupleHagakiPostcard",
          "Value": "68"
        },
        {
          "Name": "JapanYou1Envelope",
          "Value": "69"
        },
        {
          "Name": "JapanYou2Envelope",
          "Value": "70"
        },
        {
          "Name": "JapanYou3Envelope",
          "Value": "71"
        },
        {
          "Name": "JapanYou4Envelope",
          "Value": "72"
        },
        {
          "Name": "JapanYou4EnvelopeRotated",
          "Value": "73"
        },
        {
          "Name": "JapanYou6Envelope",
          "Value": "74"
        },
        {
          "Name": "JapanYou6EnvelopeRotated",
          "Value": "75"
        },
        {
          "Name": "JisB0",
          "Value": "76"
        },
        {
          "Name": "JisB1",
          "Value": "77"
        },
        {
          "Name": "JisB10",
          "Value": "78"
        },
        {
          "Name": "JisB2",
          "Value": "79"
        },
        {
          "Name": "JisB3",
          "Value": "80"
        },
        {
          "Name": "JisB4",
          "Value": "81"
        },
        {
          "Name": "JisB4Rotated",
          "Value": "82"
        },
        {
          "Name": "JisB5",
          "Value": "83"
        },
        {
          "Name": "JisB5Rotated",
          "Value": "84"
        },
        {
          "Name": "JisB6",
          "Value": "85"
        },
        {
          "Name": "JisB6Rotated",
          "Value": "86"
        },
        {
          "Name": "JisB7",
          "Value": "87"
        },
        {
          "Name": "JisB8",
          "Value": "88"
        },
        {
          "Name": "JisB9",
          "Value": "89"
        },
        {
          "Name": "NorthAmerica10x11",
          "Value": "90"
        },
        {
          "Name": "NorthAmerica10x12",
          "Value": "91"
        },
        {
          "Name": "NorthAmerica10x14",
          "Value": "92"
        },
        {
          "Name": "NorthAmerica11x17",
          "Value": "93"
        },
        {
          "Name": "NorthAmerica14x17",
          "Value": "94"
        },
        {
          "Name": "NorthAmerica4x6",
          "Value": "95"
        },
        {
          "Name": "NorthAmerica4x8",
          "Value": "96"
        },
        {
          "Name": "NorthAmerica5x7",
          "Value": "97"
        },
        {
          "Name": "NorthAmerica8x10",
          "Value": "98"
        },
        {
          "Name": "NorthAmerica9x11",
          "Value": "99"
        },
        {
          "Name": "NorthAmericaArchitectureASheet",
          "Value": "100"
        },
        {
          "Name": "NorthAmericaArchitectureBSheet",
          "Value": "101"
        },
        {
          "Name": "NorthAmericaArchitectureCSheet",
          "Value": "102"
        },
        {
          "Name": "NorthAmericaArchitectureDSheet",
          "Value": "103"
        },
        {
          "Name": "NorthAmericaArchitectureESheet",
          "Value": "104"
        },
        {
          "Name": "NorthAmericaCSheet",
          "Value": "105"
        },
        {
          "Name": "NorthAmericaDSheet",
          "Value": "106"
        },
        {
          "Name": "NorthAmericaESheet",
          "Value": "107"
        },
        {
          "Name": "NorthAmericaExecutive",
          "Value": "108"
        },
        {
          "Name": "NorthAmericaGermanLegalFanfold",
          "Value": "109"
        },
        {
          "Name": "NorthAmericaGermanStandardFanfold",
          "Value": "110"
        },
        {
          "Name": "NorthAmericaLegal",
          "Value": "111"
        },
        {
          "Name": "NorthAmericaLegalExtra",
          "Value": "112"
        },
        {
          "Name": "NorthAmericaLetter",
          "Value": "113"
        },
        {
          "Name": "NorthAmericaLetterExtra",
          "Value": "114"
        },
        {
          "Name": "NorthAmericaLetterPlus",
          "Value": "115"
        },
        {
          "Name": "NorthAmericaLetterRotated",
          "Value": "116"
        },
        {
          "Name": "NorthAmericaMonarchEnvelope",
          "Value": "117"
        },
        {
          "Name": "NorthAmericaNote",
          "Value": "118"
        },
        {
          "Name": "NorthAmericaNumber10Envelope",
          "Value": "119"
        },
        {
          "Name": "NorthAmericaNumber10EnvelopeRotated",
          "Value": "120"
        },
        {
          "Name": "NorthAmericaNumber11Envelope",
          "Value": "121"
        },
        {
          "Name": "NorthAmericaNumber12Envelope",
          "Value": "122"
        },
        {
          "Name": "NorthAmericaNumber14Envelope",
          "Value": "123"
        },
        {
          "Name": "NorthAmericaNumber9Envelope",
          "Value": "124"
        },
        {
          "Name": "NorthAmericaPersonalEnvelope",
          "Value": "125"
        },
        {
          "Name": "NorthAmericaQuarto",
          "Value": "126"
        },
        {
          "Name": "NorthAmericaStatement",
          "Value": "127"
        },
        {
          "Name": "NorthAmericaSuperA",
          "Value": "128"
        },
        {
          "Name": "NorthAmericaSuperB",
          "Value": "129"
        },
        {
          "Name": "NorthAmericaTabloid",
          "Value": "130"
        },
        {
          "Name": "NorthAmericaTabloidExtra",
          "Value": "131"
        },
        {
          "Name": "OtherMetricA3Plus",
          "Value": "132"
        },
        {
          "Name": "OtherMetricA4Plus",
          "Value": "133"
        },
        {
          "Name": "OtherMetricFolio",
          "Value": "134"
        },
        {
          "Name": "OtherMetricInviteEnvelope",
          "Value": "135"
        },
        {
          "Name": "OtherMetricItalianEnvelope",
          "Value": "136"
        },
        {
          "Name": "Prc10Envelope",
          "Value": "137"
        },
        {
          "Name": "Prc10EnvelopeRotated",
          "Value": "138"
        },
        {
          "Name": "Prc16K",
          "Value": "139"
        },
        {
          "Name": "Prc16KRotated",
          "Value": "140"
        },
        {
          "Name": "Prc1Envelope",
          "Value": "141"
        },
        {
          "Name": "Prc1EnvelopeRotated",
          "Value": "142"
        },
        {
          "Name": "Prc2Envelope",
          "Value": "143"
        },
        {
          "Name": "Prc2EnvelopeRotated",
          "Value": "144"
        },
        {
          "Name": "Prc32K",
          "Value": "145"
        },
        {
          "Name": "Prc32KBig",
          "Value": "146"
        },
        {
          "Name": "Prc32KRotated",
          "Value": "147"
        },
        {
          "Name": "Prc3Envelope",
          "Value": "148"
        },
        {
          "Name": "Prc3EnvelopeRotated",
          "Value": "149"
        },
        {
          "Name": "Prc4Envelope",
          "Value": "150"
        },
        {
          "Name": "Prc4EnvelopeRotated",
          "Value": "151"
        },
        {
          "Name": "Prc5Envelope",
          "Value": "152"
        },
        {
          "Name": "Prc5EnvelopeRotated",
          "Value": "153"
        },
        {
          "Name": "Prc6Envelope",
          "Value": "154"
        },
        {
          "Name": "Prc6EnvelopeRotated",
          "Value": "155"
        },
        {
          "Name": "Prc7Envelope",
          "Value": "156"
        },
        {
          "Name": "Prc7EnvelopeRotated",
          "Value": "157"
        },
        {
          "Name": "Prc8Envelope",
          "Value": "158"
        },
        {
          "Name": "Prc8EnvelopeRotated",
          "Value": "159"
        },
        {
          "Name": "Prc9Envelope",
          "Value": "160"
        },
        {
          "Name": "Prc9EnvelopeRotated",
          "Value": "161"
        },
        {
          "Name": "Roll04Inch",
          "Value": "162"
        },
        {
          "Name": "Roll06Inch",
          "Value": "163"
        },
        {
          "Name": "Roll08Inch",
          "Value": "164"
        },
        {
          "Name": "Roll12Inch",
          "Value": "165"
        },
        {
          "Name": "Roll15Inch",
          "Value": "166"
        },
        {
          "Name": "Roll18Inch",
          "Value": "167"
        },
        {
          "Name": "Roll22Inch",
          "Value": "168"
        },
        {
          "Name": "Roll24Inch",
          "Value": "169"
        },
        {
          "Name": "Roll30Inch",
          "Value": "170"
        },
        {
          "Name": "Roll36Inch",
          "Value": "171"
        },
        {
          "Name": "Roll54Inch",
          "Value": "172"
        }
      ],
      "Name": "Windows.Graphics.Printing.PrintMediaSize"
    },
    {
      "BaseType": "Int32",
      "Values": [
        {
          "Name": "Default",
          "Value": "0"
        },
        {
          "Name": "NotAvailable",
          "Value": "1"
        },
        {
          "Name": "PrinterCustom",
          "Value": "2"
        },
        {
          "Name": "AutoSelect",
          "Value": "3"
        },
        {
          "Name": "Archival",
          "Value": "4"
        },
        {
          "Name": "BackPrintFilm",
          "Value": "5"
        },
        {
          "Name": "Bond",
          "Value": "6"
        },
        {
          "Name": "CardStock",
          "Value": "7"
        },
        {
          "Name": "Continuous",
          "Value": "8"
        },
        {
          "Name": "EnvelopePlain",
          "Value": "9"
        },
        {
          "Name": "EnvelopeWindow",
          "Value": "10"
        },
        {
          "Name": "Fabric",
          "Value": "11"
        },
        {
          "Name": "HighResolution",
          "Value": "12"
        },
        {
          "Name": "Label",
          "Value": "13"
        },
        {
          "Name": "MultiLayerForm",
          "Value": "14"
        },
        {
          "Name": "MultiPartForm",
          "Value": "15"
        },
        {
          "Name": "Photographic",
          "Value": "16"
        },
        {
          "Name": "PhotographicFilm",
          "Value": "17"
        },
        {
          "Name": "PhotographicGlossy",
          "Value": "18"
        },
        {
          "Name": "PhotographicHighGloss",
          "Value": "19"
        },
        {
          "Name": "PhotographicMatte",
          "Value": "20"
        },
        {
          "Name": "PhotographicSatin",
          "Value": "21"
        },
        {
          "Name": "PhotographicSemiGloss",
          "Value": "22"
        },
        {
          "Name": "Plain",
          "Value": "23"
        },
        {
          "Name": "Screen",
          "Value": "24"
        },
        {
          "Name": "ScreenPaged",
          "Value": "25"
        },
        {
          "Name": "Stationery",
          "Value": "26"
        },
        {
          "Name": "TabStockFull",
          "Value": "27"
        },
        {
          "Name": "TabStockPreCut",
          "Value": "28"
        },
        {
          "Name": "Transparency",
          "Value": "29"
        },
        {
          "Name": "TShirtTransfer",
          "Value": "30"
        },
        {
          "Name": "None",
          "Value": "31"
        }
      ],
      "Name": "Windows.Graphics.Printing.PrintMediaType"
    },
    {
      "BaseType": "Int32",
      "Values": [
        {
          "Name": "Default",
          "Value": "0"
        },
        {
          "Name": "NotAvailable",
          "Value": "1"
        },
        {
          "Name": "PrinterCustom",
          "Value": "2"
        },
        {
          "Name": "Portrait",
          "Value": "3"
        },
        {
          "Name": "PortraitFlipped",
          "Value": "4"
        },
        {
          "Name": "Landscape",
          "Value": "5"
        },
        {
          "Name": "LandscapeFlipped",
          "Value": "6"
        }
      ],
      "Name": "Windows.Graphics.Printing.PrintOrientation"
    },
    {
      "BaseType": "Int32",
      "Values": [
        {
          "Name": "Default",
          "Value": "0"
        },
        {
          "Name": "NotAvailable",
          "Value": "1"
        },
        {
          "Name": "PrinterCustom",
          "Value": "2"
        },
        {
          "Name": "Automatic",
          "Value": "3"
        },
        {
          "Name": "Draft",
          "Value": "4"
        },
        {
          "Name": "Fax",
          "Value": "5"
        },
        {
          "Name": "High",
          "Value": "6"
        },
        {
          "Name": "Normal",
          "Value": "7"
        },
        {
          "Name": "Photographic",
          "Value": "8"
        },
        {
          "Name": "Text",
          "Value": "9"
        }
      ],
      "Name": "Windows.Graphics.Printing.PrintQuality"
    },
    {
      "BaseType": "Int32",
      "Values": [
        {
          "Name": "Default",
          "Value": "0"
        },
        {
          "Name": "NotAvailable",
          "Value": "1"
        },
        {
          "Name": "PrinterCustom",
          "Value": "2"
        },
        {
          "Name": "None",
          "Value": "3"
        },
        {
          "Name": "StapleTopLeft",
          "Value": "4"
        },
        {
          "Name": "StapleTopRight",
          "Value": "5"
        },
        {
          "Name": "StapleBottomLeft",
          "Value": "6"
        },
        {
          "Name": "StapleBottomRight",
          "Value": "7"
        },
        {
          "Name": "StapleDualLeft",
          "Value": "8"
        },
        {
          "Name": "StapleDualRight",
          "Value": "9"
        },
        {
          "Name": "StapleDualTop",
          "Value": "10"
        },
        {
          "Name": "StapleDualBottom",
          "Value": "11"
        },
        {
          "Name": "SaddleStitch",
          "Value": "12"
        }
      ],
      "Name": "Windows.Graphics.Printing.PrintStaple"
    },
    {
      "BaseType": "Int32",
      "Values": [
        {
          "Name": "Abandoned",
          "Value": "0"
        },
        {
          "Name": "Canceled",
          "Value": "1"
        },
        {
          "Name": "Failed",
          "Value": "2"
        },
        {
          "Name": "Submitted",
          "Value": "3"
        }
      ],
      "Name": "Windows.Graphics.Printing.PrintTaskCompletion"
    }
  ],
  "Delegates": [
    {
      "ReturnType": "Void",
      "Parameters": [
        {
          "Name": "sender",
          "Type": "Object"
        }
      ],
      "Name": "Windows.Graphics.Display.DisplayPropertiesEventHandler"
    },
    {
      "ReturnType": "Void",
      "Parameters": [
        {
          "Name": "args",
          "Type": "PrintTaskSourceRequestedArgs"
        }
      ],
      "Name": "Windows.Graphics.Printing.PrintTaskSourceRequestedHandler"
    }
  ]
}