{
  "Name": "Windows.Management, Version=255.255.255.255, Culture=neutral, PublicKeyToken=null, ContentType=WindowsRuntime",
  "Enums": [
    {
      "Name": "Windows.Management.Deployment.AddPackageByAppInstallerOptions",
      "IsFlags": true,
      "BaseType": "UInt32",
      "Values": [
        {
          "Name": "None",
          "Value": "0"
        },
        {
          "Name": "InstallAllResources",
          "Value": "32"
        },
        {
          "Name": "ForceTargetAppShutdown",
          "Value": "64"
        },
        {
          "Name": "RequiredContentGroupOnly",
          "Value": "256"
        },
        {
          "Name": "LimitToExistingPackages",
          "Value": "512"
        }
      ]
    },
    {
      "Name": "Windows.Management.Deployment.DeploymentOptions",
      "IsFlags": true,
      "BaseType": "UInt32",
      "Values": [
        {
          "Name": "None",
          "Value": "0"
        },
        {
          "Name": "ForceApplicationShutdown",
          "Value": "1"
        },
        {
          "Name": "DevelopmentMode",
          "Value": "2"
        },
        {
          "Name": "InstallAllResources",
          "Value": "32"
        },
        {
          "Name": "ForceTargetApplicationShutdown",
          "Value": "64"
        },
        {
          "Name": "RequiredContentGroupOnly",
          "Value": "256"
        },
        {
          "Name": "ForceUpdateFromAnyVersion",
          "Value": "262144"
        },
        {
          "Name": "RetainFilesOnFailure",
          "Value": "2097152"
        },
        {
          "Name": "StageInPlace",
          "Value": "4194304"
        }
      ]
    },
    {
      "Name": "Windows.Management.Deployment.DeploymentProgressState",
      "BaseType": "Int32",
      "Values": [
        {
          "Name": "Queued",
          "Value": "0"
        },
        {
          "Name": "Processing",
          "Value": "1"
        }
      ]
    },
    {
      "Name": "Windows.Management.Deployment.PackageInstallState",
      "BaseType": "Int32",
      "Values": [
        {
          "Name": "NotInstalled",
          "Value": "0"
        },
        {
          "Name": "Staged",
          "Value": "1"
        },
        {
          "Name": "Installed",
          "Value": "2"
        },
        {
          "Name": "Paused",
          "Value": "6"
        }
      ]
    },
    {
      "Name": "Windows.Management.Deployment.PackageState",
      "BaseType": "Int32",
      "Values": [
        {
          "Name": "Normal",
          "Value": "0"
        },
        {
          "Name": "LicenseInvalid",
          "Value": "1"
        },
        {
          "Name": "Modified",
          "Value": "2"
        },
        {
          "Name": "Tampered",
          "Value": "3"
        }
      ]
    },
    {
      "Name": "Windows.Management.Deployment.PackageStatus",
      "IsFlags": true,
      "BaseType": "UInt32",
      "Values": [
        {
          "Name": "OK",
          "Value": "0"
        },
        {
          "Name": "LicenseIssue",
          "Value": "1"
        },
        {
          "Name": "Modified",
          "Value": "2"
        },
        {
          "Name": "Tampered",
          "Value": "4"
        },
        {
          "Name": "Disabled",
          "Value": "8"
        }
      ]
    },
    {
      "Name": "Windows.Management.Deployment.PackageStubPreference",
      "BaseType": "Int32",
      "Values": [
        {
          "Name": "Full",
          "Value": "0"
        },
        {
          "Name": "Stub",
          "Value": "1"
        }
      ]
    },
    {
      "Name": "Windows.Management.Deployment.PackageTypes",
      "IsFlags": true,
      "BaseType": "UInt32",
      "Values": [
        {
          "Name": "None",
          "Value": "0"
        },
        {
          "Name": "Main",
          "Value": "1"
        },
        {
          "Name": "Framework",
          "Value": "2"
        },
        {
          "Name": "Resource",
          "Value": "4"
        },
        {
          "Name": "Bundle",
          "Value": "8"
        },
        {
          "Name": "Xap",
          "Value": "16"
        },
        {
          "Name": "Optional",
          "Value": "32"
        },
        {
          "Name": "All",
          "Value": "4294967295"
        }
      ]
    },
    {
      "Name": "Windows.Management.Deployment.RemovalOptions",
      "IsFlags": true,
      "BaseType": "UInt32",
      "Values": [
        {
          "Name": "None",
          "Value": "0"
        },
        {
          "Name": "PreserveApplicationData",
          "Value": "4096"
        },
        {
          "Name": "PreserveRoamableApplicationData",
          "Value": "128"
        },
        {
          "Name": "RemoveForAllUsers",
          "Value": "524288"
        }
      ]
    },
    {
      "Name": "Windows.Management.Deployment.SharedPackageContainerCreationCollisionOptions",
      "BaseType": "Int32",
      "Values": [
        {
          "Name": "FailIfExists",
          "Value": "0"
        },
        {
          "Name": "MergeWithExisting",
          "Value": "1"
        },
        {
          "Name": "ReplaceExisting",
          "Value": "2"
        }
      ]
    },
    {
      "Name": "Windows.Management.Deployment.SharedPackageContainerOperationStatus",
      "BaseType": "Int32",
      "Values": [
        {
          "Name": "Success",
          "Value": "0"
        },
        {
          "Name": "BlockedByPolicy",
          "Value": "1"
        },
        {
          "Name": "AlreadyExists",
          "Value": "2"
        },
        {
          "Name": "PackageFamilyExistsInAnotherContainer",
          "Value": "3"
        },
        {
          "Name": "NotFound",
          "Value": "4"
        },
        {
          "Name": "UnknownFailure",
          "Value": "5"
        }
      ]
    },
    {
      "Name": "Windows.Management.Deployment.StubPackageOption",
      "BaseType": "Int32",
      "Values": [
        {
          "Name": "Default",
          "Value": "0"
        },
        {
          "Name": "InstallFull",
          "Value": "1"
        },
        {
          "Name": "InstallStub",
          "Value": "2"
        },
        {
          "Name": "UsePreference",
          "Value": "3"
        }
      ]
    },
    {
      "Name": "Windows.Management.MdmAlertDataType",
      "BaseType": "Int32",
      "Values": [
        {
          "Name": "String",
          "Value": "0"
        },
        {
          "Name": "Base64",
          "Value": "1"
        },
        {
          "Name": "Boolean",
          "Value": "2"
        },
        {
          "Name": "Integer",
          "Value": "3"
        }
      ]
    },
    {
      "Name": "Windows.Management.MdmAlertMark",
      "BaseType": "Int32",
      "Values": [
        {
          "Name": "None",
          "Value": "0"
        },
        {
          "Name": "Fatal",
          "Value": "1"
        },
        {
          "Name": "Critical",
          "Value": "2"
        },
        {
          "Name": "Warning",
          "Value": "3"
        },
        {
          "Name": "Informational",
          "Value": "4"
        }
      ]
    },
    {
      "Name": "Windows.Management.MdmSessionState",
      "BaseType": "Int32",
      "Values": [
        {
          "Name": "NotStarted",
          "Value": "0"
        },
        {
          "Name": "Starting",
          "Value": "1"
        },
        {
          "Name": "Connecting",
          "Value": "2"
        },
        {
          "Name": "Communicating",
          "Value": "3"
        },
        {
          "Name": "AlertStatusAvailable",
          "Value": "4"
        },
        {
          "Name": "Retrying",
          "Value": "5"
        },
        {
          "Name": "Completed",
          "Value": "6"
        }
      ]
    },
    {
      "Name": "Windows.Management.Policies.NamedPolicyKind",
      "BaseType": "Int32",
      "Values": [
        {
          "Name": "Invalid",
          "Value": "0"
        },
        {
          "Name": "Binary",
          "Value": "1"
        },
        {
          "Name": "Boolean",
          "Value": "2"
        },
        {
          "Name": "Int32",
          "Value": "3"
        },
        {
          "Name": "Int64",
          "Value": "4"
        },
        {
          "Name": "String",
          "Value": "5"
        }
      ]
    },
    {
      "Name": "Windows.Management.Update.WindowsUpdateAdministratorOptions",
      "IsFlags": true,
      "BaseType": "UInt32",
      "Values": [
        {
          "Name": "None",
          "Value": "0"
        },
        {
          "Name": "RequireAdministratorApprovalForScans",
          "Value": "1"
        },
        {
          "Name": "RequireAdministratorApprovalForUpdates",
          "Value": "2"
        },
        {
          "Name": "RequireAdministratorApprovalForActions",
          "Value": "4"
        }
      ]
    },
    {
      "Name": "Windows.Management.Update.WindowsUpdateAdministratorStatus",
      "BaseType": "Int32",
      "Values": [
        {
          "Name": "Succeeded",
          "Value": "0"
        },
        {
          "Name": "NoAdministratorRegistered",
          "Value": "1"
        },
        {
          "Name": "OtherAdministratorIsRegistered",
          "Value": "2"
        }
      ]
    },
    {
      "Name": "Windows.Management.Update.WindowsUpdateAttentionRequiredReason",
      "BaseType": "Int32",
      "Values": [
        {
          "Name": "None",
          "Value": "0"
        },
        {
          "Name": "SeekerUpdate",
          "Value": "1"
        },
        {
          "Name": "ReadyToReboot",
          "Value": "2"
        },
        {
          "Name": "NeedNonMeteredNetwork",
          "Value": "3"
        },
        {
          "Name": "NeedUserAgreementForMeteredNetwork",
          "Value": "4"
        },
        {
          "Name": "NeedNetwork",
          "Value": "5"
        },
        {
          "Name": "NeedMoreSpace",
          "Value": "6"
        },
        {
          "Name": "BatterySaverEnabled",
          "Value": "7"
        },
        {
          "Name": "NeedUserInteraction",
          "Value": "8"
        },
        {
          "Name": "NeedUserAgreementForPolicy",
          "Value": "9"
        },
        {
          "Name": "CompatibilityError",
          "Value": "10"
        },
        {
          "Name": "NeedUserInteractionForEula",
          "Value": "11"
        },
        {
          "Name": "NeedUserInteractionForCta",
          "Value": "12"
        },
        {
          "Name": "Regulated",
          "Value": "13"
        },
        {
          "Name": "ExternalReboot",
          "Value": "14"
        },
        {
          "Name": "OtherUpdate",
          "Value": "15"
        },
        {
          "Name": "BlockedByProvider",
          "Value": "16"
        },
        {
          "Name": "BlockedByPostRebootFailure",
          "Value": "17"
        },
        {
          "Name": "UserEngaged",
          "Value": "18"
        },
        {
          "Name": "BlockedByBattery",
          "Value": "19"
        },
        {
          "Name": "Exclusivity",
          "Value": "20"
        },
        {
          "Name": "BlockedBySerialization",
          "Value": "21"
        },
        {
          "Name": "ConflictClass",
          "Value": "22"
        },
        {
          "Name": "BlockedByAdminApproval",
          "Value": "23"
        },
        {
          "Name": "BlockedByTooManyAttempts",
          "Value": "24"
        },
        {
          "Name": "BlockedByFailure",
          "Value": "25"
        },
        {
          "Name": "Demotion",
          "Value": "26"
        },
        {
          "Name": "BlockedByActiveHours",
          "Value": "27"
        },
        {
          "Name": "ScheduledForMaintenance",
          "Value": "28"
        },
        {
          "Name": "PolicyScheduledInstallTime",
          "Value": "29"
        },
        {
          "Name": "BlockedByOobe",
          "Value": "30"
        },
        {
          "Name": "DeferredDuringOobe",
          "Value": "31"
        },
        {
          "Name": "DeferredForSustainableTime",
          "Value": "32"
        }
      ]
    },
    {
      "Name": "Windows.Management.Workplace.MessagingSyncPolicy",
      "BaseType": "Int32",
      "Values": [
        {
          "Name": "Disallowed",
          "Value": "0"
        },
        {
          "Name": "Allowed",
          "Value": "1"
        },
        {
          "Name": "Required",
          "Value": "2"
        }
      ]
    }
  ],
  "Structs": [
    {
      "Name": "Windows.Management.Deployment.DeploymentProgress",
      "Fields": [
        {
          "Name": "state",
          "Type": "DeploymentProgressState"
        },
        {
          "Name": "percentage",
          "Type": "UInt32"
        }
      ]
    },
    {
      "Name": "Windows.Management.Deployment.Preview.DeploymentPreviewContract"
    },
    {
      "Name": "Windows.Management.Deployment.SharedPackageContainerContract"
    },
    {
      "Name": "Windows.Management.Update.WindowsUpdateContract"
    },
    {
      "Name": "Windows.Management.Workplace.WorkplaceSettingsContract"
    }
  ],
  "Classes": [
    {
      "Name": "Windows.Management.Core.ApplicationDataManager",
      "IsSealed": true,
      "Methods": [
        {
          "Name": "CreateForPackageFamily",
          "IsStatic": true,
          "ReturnType": "ApplicationData",
          "Parameters": [
            {
              "Name": "packageFamilyName",
              "Type": "String"
            }
          ]
        }
      ]
    },
    {
      "Name": "Windows.Management.Deployment.AddPackageOptions",
      "IsSealed": true,
      "Properties": [
        {
          "Name": "TargetVolume",
          "Type": "PackageVolume",
          "IsGet": true,
          "IsSet": true
        },
        {
          "Name": "StubPackageOption",
          "Type": "StubPackageOption",
          "IsGet": true,
          "IsSet": true
        },
        {
          "Name": "StageInPlace",
          "Type": "Boolean",
          "IsGet": true,
          "IsSet": true
        },
        {
          "Name": "RetainFilesOnFailure",
          "Type": "Boolean",
          "IsGet": true,
          "IsSet": true
        },
        {
          "Name": "RequiredContentGroupOnly",
          "Type": "Boolean",
          "IsGet": true,
          "IsSet": true
        },
        {
          "Name": "InstallAllResources",
          "Type": "Boolean",
          "IsGet": true,
          "IsSet": true
        },
        {
          "Name": "ForceUpdateFromAnyVersion",
          "Type": "Boolean",
          "IsGet": true,
          "IsSet": true
        },
        {
          "Name": "ForceTargetAppShutdown",
          "Type": "Boolean",
          "IsGet": true,
          "IsSet": true
        },
        {
          "Name": "ForceAppShutdown",
          "Type": "Boolean",
          "IsGet": true,
          "IsSet": true
        },
        {
          "Name": "ExternalLocationUri",
          "Type": "Uri",
          "IsGet": true,
          "IsSet": true
        },
        {
          "Name": "DeveloperMode",
          "Type": "Boolean",
          "IsGet": true,
          "IsSet": true
        },
        {
          "Name": "DeferRegistrationWhenPackagesAreInUse",
          "Type": "Boolean",
          "IsGet": true,
          "IsSet": true
        },
        {
          "Name": "AllowUnsigned",
          "Type": "Boolean",
          "IsGet": true,
          "IsSet": true
        },
        {
          "Name": "DependencyPackageUris",
          "Type": "IList<Uri>",
          "IsGet": true
        },
        {
          "Name": "OptionalPackageFamilyNames",
          "Type": "IList<String>",
          "IsGet": true
        },
        {
          "Name": "OptionalPackageUris",
          "Type": "IList<Uri>",
          "IsGet": true
        },
        {
          "Name": "RelatedPackageUris",
          "Type": "IList<Uri>",
          "IsGet": true
        },
        {
          "Name": "LimitToExistingPackages",
          "Type": "Boolean",
          "IsGet": true,
          "IsSet": true
        },
        {
          "Name": "ExpectedDigests",
          "Type": "IDictionary<Uri,String>",
          "IsGet": true
        }
      ]
    },
    {
      "Name": "Windows.Management.Deployment.AppInstallerManager",
      "IsSealed": true,
      "Methods": [
        {
          "Name": "SetAutoUpdateSettings",
          "ReturnType": "Void",
          "Parameters": [
            {
              "Name": "packageFamilyName",
              "Type": "String"
            },
            {
              "Name": "appInstallerInfo",
              "Type": "AutoUpdateSettingsOptions"
            }
          ]
        },
        {
          "Name": "ClearAutoUpdateSettings",
          "ReturnType": "Void",
          "Parameters": [
            {
              "Name": "packageFamilyName",
              "Type": "String"
            }
          ]
        },
        {
          "Name": "PauseAutoUpdatesUntil",
          "ReturnType": "Void",
          "Parameters": [
            {
              "Name": "packageFamilyName",
              "Type": "String"
            },
            {
              "Name": "dateTime",
              "Type": "DateTimeOffset"
            }
          ]
        },
        {
          "Name": "GetDefault",
          "IsStatic": true,
          "ReturnType": "AppInstallerManager"
        },
        {
          "Name": "GetForSystem",
          "IsStatic": true,
          "ReturnType": "AppInstallerManager"
        }
      ]
    },
    {
      "Name": "Windows.Management.Deployment.AutoUpdateSettingsOptions",
      "IsSealed": true,
      "Properties": [
        {
          "Name": "Version",
          "Type": "PackageVersion",
          "IsGet": true,
          "IsSet": true
        },
        {
          "Name": "UpdateBlocksActivation",
          "Type": "Boolean",
          "IsGet": true,
          "IsSet": true
        },
        {
          "Name": "ShowPrompt",
          "Type": "Boolean",
          "IsGet": true,
          "IsSet": true
        },
        {
          "Name": "OnLaunch",
          "Type": "Boolean",
          "IsGet": true,
          "IsSet": true
        },
        {
          "Name": "IsAutoRepairEnabled",
          "Type": "Boolean",
          "IsGet": true,
          "IsSet": true
        },
        {
          "Name": "HoursBetweenUpdateChecks",
          "Type": "UInt32",
          "IsGet": true,
          "IsSet": true
        },
        {
          "Name": "ForceUpdateFromAnyVersion",
          "Type": "Boolean",
          "IsGet": true,
          "IsSet": true
        },
        {
          "Name": "AutomaticBackgroundTask",
          "Type": "Boolean",
          "IsGet": true,
          "IsSet": true
        },
        {
          "Name": "AppInstallerUri",
          "Type": "Uri",
          "IsGet": true,
          "IsSet": true
        },
        {
          "Name": "DependencyPackageUris",
          "Type": "IList<Uri>",
          "IsGet": true
        },
        {
          "Name": "OptionalPackageUris",
          "Type": "IList<Uri>",
          "IsGet": true
        },
        {
          "Name": "RepairUris",
          "Type": "IList<Uri>",
          "IsGet": true
        },
        {
          "Name": "UpdateUris",
          "Type": "IList<Uri>",
          "IsGet": true
        }
      ],
      "Methods": [
        {
          "Name": "CreateFromAppInstallerInfo",
          "IsStatic": true,
          "ReturnType": "AutoUpdateSettingsOptions",
          "Parameters": [
            {
              "Name": "appInstallerInfo",
              "Type": "AppInstallerInfo"
            }
          ]
        }
      ]
    },
    {
      "Name": "Windows.Management.Deployment.CreateSharedPackageContainerOptions",
      "IsSealed": true,
      "Properties": [
        {
          "Name": "ForceAppShutdown",
          "Type": "Boolean",
          "IsGet": true,
          "IsSet": true
        },
        {
          "Name": "CreateCollisionOption",
          "Type": "SharedPackageContainerCreationCollisionOptions",
          "IsGet": true,
          "IsSet": true
        },
        {
          "Name": "Members",
          "Type": "IList<SharedPackageContainerMember>",
          "IsGet": true
        }
      ]
    },
    {
      "Name": "Windows.Management.Deployment.CreateSharedPackageContainerResult",
      "IsSealed": true,
      "Properties": [
        {
          "Name": "Container",
          "Type": "SharedPackageContainer",
          "IsGet": true
        },
        {
          "Name": "ExtendedError",
          "Type": "Exception",
          "IsGet": true
        },
        {
          "Name": "Status",
          "Type": "SharedPackageContainerOperationStatus",
          "IsGet": true
        }
      ]
    },
    {
      "Name": "Windows.Management.Deployment.DeleteSharedPackageContainerOptions",
      "IsSealed": true,
      "Properties": [
        {
          "Name": "ForceAppShutdown",
          "Type": "Boolean",
          "IsGet": true,
          "IsSet": true
        },
        {
          "Name": "AllUsers",
          "Type": "Boolean",
          "IsGet": true,
          "IsSet": true
        }
      ]
    },
    {
      "Name": "Windows.Management.Deployment.DeleteSharedPackageContainerResult",
      "IsSealed": true,
      "Properties": [
        {
          "Name": "ExtendedError",
          "Type": "Exception",
          "IsGet": true
        },
        {
          "Name": "Status",
          "Type": "SharedPackageContainerOperationStatus",
          "IsGet": true
        }
      ]
    },
    {
      "Name": "Windows.Management.Deployment.DeploymentResult",
      "IsSealed": true,
      "Properties": [
        {
          "Name": "ActivityId",
          "Type": "Guid",
          "IsGet": true
        },
        {
          "Name": "ErrorText",
          "Type": "String",
          "IsGet": true
        },
        {
          "Name": "ExtendedErrorCode",
          "Type": "Exception",
          "IsGet": true
        },
        {
          "Name": "IsRegistered",
          "Type": "Boolean",
          "IsGet": true
        }
      ]
    },
    {
      "Name": "Windows.Management.Deployment.FindSharedPackageContainerOptions",
      "IsSealed": true,
      "Properties": [
        {
          "Name": "PackageFamilyName",
          "Type": "String",
          "IsGet": true,
          "IsSet": true
        },
        {
          "Name": "Name",
          "Type": "String",
          "IsGet": true,
          "IsSet": true
        }
      ]
    },
    {
      "Name": "Windows.Management.Deployment.PackageAllUserProvisioningOptions",
      "IsSealed": true,
      "Properties": [
        {
          "Name": "OptionalPackageFamilyNames",
          "Type": "IList<String>",
          "IsGet": true
        },
        {
          "Name": "ProjectionOrderPackageFamilyNames",
          "Type": "IList<String>",
          "IsGet": true
        }
      ]
    },
    {
      "Name": "Windows.Management.Deployment.PackageManager",
      "IsSealed": true,
      "Properties": [
        {
          "Name": "DebugSettings",
          "Type": "PackageManagerDebugSettings",
          "IsGet": true
        }
      ],
      "Methods": [
        {
          "Name": "StagePackageAsync",
          "ReturnType": "IAsyncOperationWithProgress<DeploymentResult,DeploymentProgress>",
          "Parameters": [
            {
              "Name": "packageUri",
              "Type": "Uri"
            },
            {
              "Name": "dependencyPackageUris",
              "Type": "IEnumerable<Uri>"
            },
            {
              "Name": "options",
              "Type": "DeploymentOptions"
            },
            {
              "Name": "targetVolume",
              "Type": "PackageVolume"
            },
            {
              "Name": "optionalPackageFamilyNames",
              "Type": "IEnumerable<String>"
            },
            {
              "Name": "packageUrisToInstall",
              "Type": "IEnumerable<Uri>"
            },
            {
              "Name": "relatedPackageUris",
              "Type": "IEnumerable<Uri>"
            }
          ]
        },
        {
          "Name": "RequestAddPackageAsync",
          "ReturnType": "IAsyncOperationWithProgress<DeploymentResult,DeploymentProgress>",
          "Parameters": [
            {
              "Name": "packageUri",
              "Type": "Uri"
            },
            {
              "Name": "dependencyPackageUris",
              "Type": "IEnumerable<Uri>"
            },
            {
              "Name": "deploymentOptions",
              "Type": "DeploymentOptions"
            },
            {
              "Name": "targetVolume",
              "Type": "PackageVolume"
            },
            {
              "Name": "optionalPackageFamilyNames",
              "Type": "IEnumerable<String>"
            },
            {
              "Name": "relatedPackageUris",
              "Type": "IEnumerable<Uri>"
            }
          ]
        },
        {
          "Name": "RequestAddPackageAsync",
          "ReturnType": "IAsyncOperationWithProgress<DeploymentResult,DeploymentProgress>",
          "Parameters": [
            {
              "Name": "packageUri",
              "Type": "Uri"
            },
            {
              "Name": "dependencyPackageUris",
              "Type": "IEnumerable<Uri>"
            },
            {
              "Name": "deploymentOptions",
              "Type": "DeploymentOptions"
            },
            {
              "Name": "targetVolume",
              "Type": "PackageVolume"
            },
            {
              "Name": "optionalPackageFamilyNames",
              "Type": "IEnumerable<String>"
            },
            {
              "Name": "relatedPackageUris",
              "Type": "IEnumerable<Uri>"
            },
            {
              "Name": "packageUrisToInstall",
              "Type": "IEnumerable<Uri>"
            }
          ]
        },
        {
          "Name": "DeprovisionPackageForAllUsersAsync",
          "ReturnType": "IAsyncOperationWithProgress<DeploymentResult,DeploymentProgress>",
          "Parameters": [
            {
              "Name": "packageFamilyName",
              "Type": "String"
            }
          ]
        },
        {
          "Name": "FindProvisionedPackages",
          "ReturnType": "IList<Package>"
        },
        {
          "Name": "AddPackageByUriAsync",
          "ReturnType": "IAsyncOperationWithProgress<DeploymentResult,DeploymentProgress>",
          "Parameters": [
            {
              "Name": "packageUri",
              "Type": "Uri"
            },
            {
              "Name": "options",
              "Type": "AddPackageOptions"
            }
          ]
        },
        {
          "Name": "StagePackageByUriAsync",
          "ReturnType": "IAsyncOperationWithProgress<DeploymentResult,DeploymentProgress>",
          "Parameters": [
            {
              "Name": "packageUri",
              "Type": "Uri"
            },
            {
              "Name": "options",
              "Type": "StagePackageOptions"
            }
          ]
        },
        {
          "Name": "RegisterPackageByUriAsync",
          "ReturnType": "IAsyncOperationWithProgress<DeploymentResult,DeploymentProgress>",
          "Parameters": [
            {
              "Name": "manifestUri",
              "Type": "Uri"
            },
            {
              "Name": "options",
              "Type": "RegisterPackageOptions"
            }
          ]
        },
        {
          "Name": "RegisterPackagesByFullNameAsync",
          "ReturnType": "IAsyncOperationWithProgress<DeploymentResult,DeploymentProgress>",
          "Parameters": [
            {
              "Name": "packageFullNames",
              "Type": "IEnumerable<String>"
            },
            {
              "Name": "options",
              "Type": "RegisterPackageOptions"
            }
          ]
        },
        {
          "Name": "SetPackageStubPreference",
          "ReturnType": "Void",
          "Parameters": [
            {
              "Name": "packageFamilyName",
              "Type": "String"
            },
            {
              "Name": "useStub",
              "Type": "PackageStubPreference"
            }
          ]
        },
        {
          "Name": "GetPackageStubPreference",
          "ReturnType": "PackageStubPreference",
          "Parameters": [
            {
              "Name": "packageFamilyName",
              "Type": "String"
            }
          ]
        },
        {
          "Name": "ProvisionPackageForAllUsersAsync",
          "ReturnType": "IAsyncOperationWithProgress<DeploymentResult,DeploymentProgress>",
          "Parameters": [
            {
              "Name": "mainPackageFamilyName",
              "Type": "String"
            },
            {
              "Name": "options",
              "Type": "PackageAllUserProvisioningOptions"
            }
          ]
        },
        {
          "Name": "AddPackageAsync",
          "ReturnType": "IAsyncOperationWithProgress<DeploymentResult,DeploymentProgress>",
          "Parameters": [
            {
              "Name": "packageUri",
              "Type": "Uri"
            },
            {
              "Name": "dependencyPackageUris",
              "Type": "IEnumerable<Uri>"
            },
            {
              "Name": "deploymentOptions",
              "Type": "DeploymentOptions"
            }
          ]
        },
        {
          "Name": "UpdatePackageAsync",
          "ReturnType": "IAsyncOperationWithProgress<DeploymentResult,DeploymentProgress>",
          "Parameters": [
            {
              "Name": "packageUri",
              "Type": "Uri"
            },
            {
              "Name": "dependencyPackageUris",
              "Type": "IEnumerable<Uri>"
            },
            {
              "Name": "deploymentOptions",
              "Type": "DeploymentOptions"
            }
          ]
        },
        {
          "Name": "RemovePackageAsync",
          "ReturnType": "IAsyncOperationWithProgress<DeploymentResult,DeploymentProgress>",
          "Parameters": [
            {
              "Name": "packageFullName",
              "Type": "String"
            }
          ]
        },
        {
          "Name": "StagePackageAsync",
          "ReturnType": "IAsyncOperationWithProgress<DeploymentResult,DeploymentProgress>",
          "Parameters": [
            {
              "Name": "packageUri",
              "Type": "Uri"
            },
            {
              "Name": "dependencyPackageUris",
              "Type": "IEnumerable<Uri>"
            }
          ]
        },
        {
          "Name": "RegisterPackageAsync",
          "ReturnType": "IAsyncOperationWithProgress<DeploymentResult,DeploymentProgress>",
          "Parameters": [
            {
              "Name": "manifestUri",
              "Type": "Uri"
            },
            {
              "Name": "dependencyPackageUris",
              "Type": "IEnumerable<Uri>"
            },
            {
              "Name": "deploymentOptions",
              "Type": "DeploymentOptions"
            }
          ]
        },
        {
          "Name": "FindPackages",
          "ReturnType": "IEnumerable<Package>"
        },
        {
          "Name": "FindPackagesForUser",
          "ReturnType": "IEnumerable<Package>",
          "Parameters": [
            {
              "Name": "userSecurityId",
              "Type": "String"
            }
          ]
        },
        {
          "Name": "FindPackages",
          "ReturnType": "IEnumerable<Package>",
          "Parameters": [
            {
              "Name": "packageName",
              "Type": "String"
            },
            {
              "Name": "packagePublisher",
              "Type": "String"
            }
          ]
        },
        {
          "Name": "FindPackagesForUser",
          "ReturnType": "IEnumerable<Package>",
          "Parameters": [
            {
              "Name": "userSecurityId",
              "Type": "String"
            },
            {
              "Name": "packageName",
              "Type": "String"
            },
            {
              "Name": "packagePublisher",
              "Type": "String"
            }
          ]
        },
        {
          "Name": "FindUsers",
          "ReturnType": "IEnumerable<PackageUserInformation>",
          "Parameters": [
            {
              "Name": "packageFullName",
              "Type": "String"
            }
          ]
        },
        {
          "Name": "SetPackageState",
          "ReturnType": "Void",
          "Parameters": [
            {
              "Name": "packageFullName",
              "Type": "String"
            },
            {
              "Name": "packageState",
              "Type": "PackageState"
            }
          ]
        },
        {
          "Name": "FindPackage",
          "ReturnType": "Package",
          "Parameters": [
            {
              "Name": "packageFullName",
              "Type": "String"
            }
          ]
        },
        {
          "Name": "CleanupPackageForUserAsync",
          "ReturnType": "IAsyncOperationWithProgress<DeploymentResult,DeploymentProgress>",
          "Parameters": [
            {
              "Name": "packageName",
              "Type": "String"
            },
            {
              "Name": "userSecurityId",
              "Type": "String"
            }
          ]
        },
        {
          "Name": "FindPackages",
          "ReturnType": "IEnumerable<Package>",
          "Parameters": [
            {
              "Name": "packageFamilyName",
              "Type": "String"
            }
          ]
        },
        {
          "Name": "FindPackagesForUser",
          "ReturnType": "IEnumerable<Package>",
          "Parameters": [
            {
              "Name": "userSecurityId",
              "Type": "String"
            },
            {
              "Name": "packageFamilyName",
              "Type": "String"
            }
          ]
        },
        {
          "Name": "FindPackageForUser",
          "ReturnType": "Package",
          "Parameters": [
            {
              "Name": "userSecurityId",
              "Type": "String"
            },
            {
              "Name": "packageFullName",
              "Type": "String"
            }
          ]
        },
        {
          "Name": "RemovePackageAsync",
          "ReturnType": "IAsyncOperationWithProgress<DeploymentResult,DeploymentProgress>",
          "Parameters": [
            {
              "Name": "packageFullName",
              "Type": "String"
            },
            {
              "Name": "removalOptions",
              "Type": "RemovalOptions"
            }
          ]
        },
        {
          "Name": "StagePackageAsync",
          "ReturnType": "IAsyncOperationWithProgress<DeploymentResult,DeploymentProgress>",
          "Parameters": [
            {
              "Name": "packageUri",
              "Type": "Uri"
            },
            {
              "Name": "dependencyPackageUris",
              "Type": "IEnumerable<Uri>"
            },
            {
              "Name": "deploymentOptions",
              "Type": "DeploymentOptions"
            }
          ]
        },
        {
          "Name": "RegisterPackageByFullNameAsync",
          "ReturnType": "IAsyncOperationWithProgress<DeploymentResult,DeploymentProgress>",
          "Parameters": [
            {
              "Name": "mainPackageFullName",
              "Type": "String"
            },
            {
              "Name": "dependencyPackageFullNames",
              "Type": "IEnumerable<String>"
            },
            {
              "Name": "deploymentOptions",
              "Type": "DeploymentOptions"
            }
          ]
        },
        {
          "Name": "FindPackagesWithPackageTypes",
          "ReturnType": "IEnumerable<Package>",
          "Parameters": [
            {
              "Name": "packageTypes",
              "Type": "PackageTypes"
            }
          ]
        },
        {
          "Name": "FindPackagesForUserWithPackageTypes",
          "ReturnType": "IEnumerable<Package>",
          "Parameters": [
            {
              "Name": "userSecurityId",
              "Type": "String"
            },
            {
              "Name": "packageTypes",
              "Type": "PackageTypes"
            }
          ]
        },
        {
          "Name": "FindPackagesWithPackageTypes",
          "ReturnType": "IEnumerable<Package>",
          "Parameters": [
            {
              "Name": "packageName",
              "Type": "String"
            },
            {
              "Name": "packagePublisher",
              "Type": "String"
            },
            {
              "Name": "packageTypes",
              "Type": "PackageTypes"
            }
          ]
        },
        {
          "Name": "FindPackagesForUserWithPackageTypes",
          "ReturnType": "IEnumerable<Package>",
          "Parameters": [
            {
              "Name": "userSecurityId",
              "Type": "String"
            },
            {
              "Name": "packageName",
              "Type": "String"
            },
            {
              "Name": "packagePublisher",
              "Type": "String"
            },
            {
              "Name": "packageTypes",
              "Type": "PackageTypes"
            }
          ]
        },
        {
          "Name": "FindPackagesWithPackageTypes",
          "ReturnType": "IEnumerable<Package>",
          "Parameters": [
            {
              "Name": "packageFamilyName",
              "Type": "String"
            },
            {
              "Name": "packageTypes",
              "Type": "PackageTypes"
            }
          ]
        },
        {
          "Name": "FindPackagesForUserWithPackageTypes",
          "ReturnType": "IEnumerable<Package>",
          "Parameters": [
            {
              "Name": "userSecurityId",
              "Type": "String"
            },
            {
              "Name": "packageFamilyName",
              "Type": "String"
            },
            {
              "Name": "packageTypes",
              "Type": "PackageTypes"
            }
          ]
        },
        {
          "Name": "StageUserDataAsync",
          "ReturnType": "IAsyncOperationWithProgress<DeploymentResult,DeploymentProgress>",
          "Parameters": [
            {
              "Name": "packageFullName",
              "Type": "String"
            }
          ]
        },
        {
          "Name": "AddPackageVolumeAsync",
          "ReturnType": "IAsyncOperation<PackageVolume>",
          "Parameters": [
            {
              "Name": "packageStorePath",
              "Type": "String"
            }
          ]
        },
        {
          "Name": "AddPackageAsync",
          "ReturnType": "IAsyncOperationWithProgress<DeploymentResult,DeploymentProgress>",
          "Parameters": [
            {
              "Name": "packageUri",
              "Type": "Uri"
            },
            {
              "Name": "dependencyPackageUris",
              "Type": "IEnumerable<Uri>"
            },
            {
              "Name": "deploymentOptions",
              "Type": "DeploymentOptions"
            },
            {
              "Name": "targetVolume",
              "Type": "PackageVolume"
            }
          ]
        },
        {
          "Name": "ClearPackageStatus",
          "ReturnType": "Void",
          "Parameters": [
            {
              "Name": "packageFullName",
              "Type": "String"
            },
            {
              "Name": "status",
              "Type": "PackageStatus"
            }
          ]
        },
        {
          "Name": "RegisterPackageAsync",
          "ReturnType": "IAsyncOperationWithProgress<DeploymentResult,DeploymentProgress>",
          "Parameters": [
            {
              "Name": "manifestUri",
              "Type": "Uri"
            },
            {
              "Name": "dependencyPackageUris",
              "Type": "IEnumerable<Uri>"
            },
            {
              "Name": "deploymentOptions",
              "Type": "DeploymentOptions"
            },
            {
              "Name": "appDataVolume",
              "Type": "PackageVolume"
            }
          ]
        },
        {
          "Name": "FindPackageVolume",
          "ReturnType": "PackageVolume",
          "Parameters": [
            {
              "Name": "volumeName",
              "Type": "String"
            }
          ]
        },
        {
          "Name": "FindPackageVolumes",
          "ReturnType": "IEnumerable<PackageVolume>"
        },
        {
          "Name": "GetDefaultPackageVolume",
          "ReturnType": "PackageVolume"
        },
        {
          "Name": "MovePackageToVolumeAsync",
          "ReturnType": "IAsyncOperationWithProgress<DeploymentResult,DeploymentProgress>",
          "Parameters": [
            {
              "Name": "packageFullName",
              "Type": "String"
            },
            {
              "Name": "deploymentOptions",
              "Type": "DeploymentOptions"
            },
            {
              "Name": "targetVolume",
              "Type": "PackageVolume"
            }
          ]
        },
        {
          "Name": "RemovePackageVolumeAsync",
          "ReturnType": "IAsyncOperationWithProgress<DeploymentResult,DeploymentProgress>",
          "Parameters": [
            {
              "Name": "volume",
              "Type": "PackageVolume"
            }
          ]
        },
        {
          "Name": "SetDefaultPackageVolume",
          "ReturnType": "Void",
          "Parameters": [
            {
              "Name": "volume",
              "Type": "PackageVolume"
            }
          ]
        },
        {
          "Name": "SetPackageStatus",
          "ReturnType": "Void",
          "Parameters": [
            {
              "Name": "packageFullName",
              "Type": "String"
            },
            {
              "Name": "status",
              "Type": "PackageStatus"
            }
          ]
        },
        {
          "Name": "SetPackageVolumeOfflineAsync",
          "ReturnType": "IAsyncOperationWithProgress<DeploymentResult,DeploymentProgress>",
          "Parameters": [
            {
              "Name": "packageVolume",
              "Type": "PackageVolume"
            }
          ]
        },
        {
          "Name": "SetPackageVolumeOnlineAsync",
          "ReturnType": "IAsyncOperationWithProgress<DeploymentResult,DeploymentProgress>",
          "Parameters": [
            {
              "Name": "packageVolume",
              "Type": "PackageVolume"
            }
          ]
        },
        {
          "Name": "StagePackageAsync",
          "ReturnType": "IAsyncOperationWithProgress<DeploymentResult,DeploymentProgress>",
          "Parameters": [
            {
              "Name": "packageUri",
              "Type": "Uri"
            },
            {
              "Name": "dependencyPackageUris",
              "Type": "IEnumerable<Uri>"
            },
            {
              "Name": "deploymentOptions",
              "Type": "DeploymentOptions"
            },
            {
              "Name": "targetVolume",
              "Type": "PackageVolume"
            }
          ]
        },
        {
          "Name": "StageUserDataAsync",
          "ReturnType": "IAsyncOperationWithProgress<DeploymentResult,DeploymentProgress>",
          "Parameters": [
            {
              "Name": "packageFullName",
              "Type": "String"
            },
            {
              "Name": "deploymentOptions",
              "Type": "DeploymentOptions"
            }
          ]
        },
        {
          "Name": "GetPackageVolumesAsync",
          "ReturnType": "IAsyncOperation<IReadOnlyList<PackageVolume>>"
        },
        {
          "Name": "AddPackageAsync",
          "ReturnType": "IAsyncOperationWithProgress<DeploymentResult,DeploymentProgress>",
          "Parameters": [
            {
              "Name": "packageUri",
              "Type": "Uri"
            },
            {
              "Name": "dependencyPackageUris",
              "Type": "IEnumerable<Uri>"
            },
            {
              "Name": "deploymentOptions",
              "Type": "DeploymentOptions"
            },
            {
              "Name": "targetVolume",
              "Type": "PackageVolume"
            },
            {
              "Name": "optionalPackageFamilyNames",
              "Type": "IEnumerable<String>"
            },
            {
              "Name": "externalPackageUris",
              "Type": "IEnumerable<Uri>"
            }
          ]
        },
        {
          "Name": "StagePackageAsync",
          "ReturnType": "IAsyncOperationWithProgress<DeploymentResult,DeploymentProgress>",
          "Parameters": [
            {
              "Name": "packageUri",
              "Type": "Uri"
            },
            {
              "Name": "dependencyPackageUris",
              "Type": "IEnumerable<Uri>"
            },
            {
              "Name": "deploymentOptions",
              "Type": "DeploymentOptions"
            },
            {
              "Name": "targetVolume",
              "Type": "PackageVolume"
            },
            {
              "Name": "optionalPackageFamilyNames",
              "Type": "IEnumerable<String>"
            },
            {
              "Name": "externalPackageUris",
              "Type": "IEnumerable<Uri>"
            }
          ]
        },
        {
          "Name": "RegisterPackageByFamilyNameAsync",
          "ReturnType": "IAsyncOperationWithProgress<DeploymentResult,DeploymentProgress>",
          "Parameters": [
            {
              "Name": "mainPackageFamilyName",
              "Type": "String"
            },
            {
              "Name": "dependencyPackageFamilyNames",
              "Type": "IEnumerable<String>"
            },
            {
              "Name": "deploymentOptions",
              "Type": "DeploymentOptions"
            },
            {
              "Name": "appDataVolume",
              "Type": "PackageVolume"
            },
            {
              "Name": "optionalPackageFamilyNames",
              "Type": "IEnumerable<String>"
            }
          ]
        },
        {
          "Name": "ProvisionPackageForAllUsersAsync",
          "ReturnType": "IAsyncOperationWithProgress<DeploymentResult,DeploymentProgress>",
          "Parameters": [
            {
              "Name": "packageFamilyName",
              "Type": "String"
            }
          ]
        },
        {
          "Name": "AddPackageByAppInstallerFileAsync",
          "ReturnType": "IAsyncOperationWithProgress<DeploymentResult,DeploymentProgress>",
          "Parameters": [
            {
              "Name": "appInstallerFileUri",
              "Type": "Uri"
            },
            {
              "Name": "options",
              "Type": "AddPackageByAppInstallerOptions"
            },
            {
              "Name": "targetVolume",
              "Type": "PackageVolume"
            }
          ]
        },
        {
          "Name": "RequestAddPackageByAppInstallerFileAsync",
          "ReturnType": "IAsyncOperationWithProgress<DeploymentResult,DeploymentProgress>",
          "Parameters": [
            {
              "Name": "appInstallerFileUri",
              "Type": "Uri"
            },
            {
              "Name": "options",
              "Type": "AddPackageByAppInstallerOptions"
            },
            {
              "Name": "targetVolume",
              "Type": "PackageVolume"
            }
          ]
        },
        {
          "Name": "AddPackageAsync",
          "ReturnType": "IAsyncOperationWithProgress<DeploymentResult,DeploymentProgress>",
          "Parameters": [
            {
              "Name": "packageUri",
              "Type": "Uri"
            },
            {
              "Name": "dependencyPackageUris",
              "Type": "IEnumerable<Uri>"
            },
            {
              "Name": "options",
              "Type": "DeploymentOptions"
            },
            {
              "Name": "targetVolume",
              "Type": "PackageVolume"
            },
            {
              "Name": "optionalPackageFamilyNames",
              "Type": "IEnumerable<String>"
            },
            {
              "Name": "packageUrisToInstall",
              "Type": "IEnumerable<Uri>"
            },
            {
              "Name": "relatedPackageUris",
              "Type": "IEnumerable<Uri>"
            }
          ]
        }
      ]
    },
    {
      "Name": "Windows.Management.Deployment.PackageManagerDebugSettings",
      "IsSealed": true,
      "Methods": [
        {
          "Name": "SetContentGroupStateAsync",
          "ReturnType": "IAsyncAction",
          "Parameters": [
            {
              "Name": "package",
              "Type": "Package"
            },
            {
              "Name": "contentGroupName",
              "Type": "String"
            },
            {
              "Name": "state",
              "Type": "PackageContentGroupState"
            }
          ]
        },
        {
          "Name": "SetContentGroupStateAsync",
          "ReturnType": "IAsyncAction",
          "Parameters": [
            {
              "Name": "package",
              "Type": "Package"
            },
            {
              "Name": "contentGroupName",
              "Type": "String"
            },
            {
              "Name": "state",
              "Type": "PackageContentGroupState"
            },
            {
              "Name": "completionPercentage",
              "Type": "Double"
            }
          ]
        }
      ]
    },
    {
      "Name": "Windows.Management.Deployment.PackageUserInformation",
      "IsSealed": true,
      "Properties": [
        {
          "Name": "InstallState",
          "Type": "PackageInstallState",
          "IsGet": true
        },
        {
          "Name": "UserSecurityId",
          "Type": "String",
          "IsGet": true
        }
      ]
    },
    {
      "Name": "Windows.Management.Deployment.PackageVolume",
      "IsSealed": true,
      "Properties": [
        {
          "Name": "IsOffline",
          "Type": "Boolean",
          "IsGet": true
        },
        {
          "Name": "IsSystemVolume",
          "Type": "Boolean",
          "IsGet": true
        },
        {
          "Name": "MountPoint",
          "Type": "String",
          "IsGet": true
        },
        {
          "Name": "Name",
          "Type": "String",
          "IsGet": true
        },
        {
          "Name": "PackageStorePath",
          "Type": "String",
          "IsGet": true
        },
        {
          "Name": "SupportsHardLinks",
          "Type": "Boolean",
          "IsGet": true
        },
        {
          "Name": "IsAppxInstallSupported",
          "Type": "Boolean",
          "IsGet": true
        },
        {
          "Name": "IsFullTrustPackageSupported",
          "Type": "Boolean",
          "IsGet": true
        }
      ],
      "Methods": [
        {
          "Name": "FindPackages",
          "ReturnType": "IList<Package>"
        },
        {
          "Name": "FindPackages",
          "ReturnType": "IList<Package>",
          "Parameters": [
            {
              "Name": "packageName",
              "Type": "String"
            },
            {
              "Name": "packagePublisher",
              "Type": "String"
            }
          ]
        },
        {
          "Name": "FindPackages",
          "ReturnType": "IList<Package>",
          "Parameters": [
            {
              "Name": "packageFamilyName",
              "Type": "String"
            }
          ]
        },
        {
          "Name": "FindPackagesWithPackageTypes",
          "ReturnType": "IList<Package>",
          "Parameters": [
            {
              "Name": "packageTypes",
              "Type": "PackageTypes"
            }
          ]
        },
        {
          "Name": "FindPackagesWithPackageTypes",
          "ReturnType": "IList<Package>",
          "Parameters": [
            {
              "Name": "packageTypes",
              "Type": "PackageTypes"
            },
            {
              "Name": "packageName",
              "Type": "String"
            },
            {
              "Name": "packagePublisher",
              "Type": "String"
            }
          ]
        },
        {
          "Name": "FindPackagesWithPackageTypes",
          "ReturnType": "IList<Package>",
          "Parameters": [
            {
              "Name": "packageTypes",
              "Type": "PackageTypes"
            },
            {
              "Name": "packageFamilyName",
              "Type": "String"
            }
          ]
        },
        {
          "Name": "FindPackage",
          "ReturnType": "IList<Package>",
          "Parameters": [
            {
              "Name": "packageFullName",
              "Type": "String"
            }
          ]
        },
        {
          "Name": "FindPackagesForUser",
          "ReturnType": "IList<Package>",
          "Parameters": [
            {
              "Name": "userSecurityId",
              "Type": "String"
            }
          ]
        },
        {
          "Name": "FindPackagesForUser",
          "ReturnType": "IList<Package>",
          "Parameters": [
            {
              "Name": "userSecurityId",
              "Type": "String"
            },
            {
              "Name": "packageName",
              "Type": "String"
            },
            {
              "Name": "packagePublisher",
              "Type": "String"
            }
          ]
        },
        {
          "Name": "FindPackagesForUser",
          "ReturnType": "IList<Package>",
          "Parameters": [
            {
              "Name": "userSecurityId",
              "Type": "String"
            },
            {
              "Name": "packageFamilyName",
              "Type": "String"
            }
          ]
        },
        {
          "Name": "FindPackagesForUserWithPackageTypes",
          "ReturnType": "IList<Package>",
          "Parameters": [
            {
              "Name": "userSecurityId",
              "Type": "String"
            },
            {
              "Name": "packageTypes",
              "Type": "PackageTypes"
            }
          ]
        },
        {
          "Name": "FindPackagesForUserWithPackageTypes",
          "ReturnType": "IList<Package>",
          "Parameters": [
            {
              "Name": "userSecurityId",
              "Type": "String"
            },
            {
              "Name": "packageTypes",
              "Type": "PackageTypes"
            },
            {
              "Name": "packageName",
              "Type": "String"
            },
            {
              "Name": "packagePublisher",
              "Type": "String"
            }
          ]
        },
        {
          "Name": "FindPackagesForUserWithPackageTypes",
          "ReturnType": "IList<Package>",
          "Parameters": [
            {
              "Name": "userSecurityId",
              "Type": "String"
            },
            {
              "Name": "packageTypes",
              "Type": "PackageTypes"
            },
            {
              "Name": "packageFamilyName",
              "Type": "String"
            }
          ]
        },
        {
          "Name": "FindPackageForUser",
          "ReturnType": "IList<Package>",
          "Parameters": [
            {
              "Name": "userSecurityId",
              "Type": "String"
            },
            {
              "Name": "packageFullName",
              "Type": "String"
            }
          ]
        },
        {
          "Name": "GetAvailableSpaceAsync",
          "ReturnType": "IAsyncOperation<UInt64>"
        }
      ]
    },
    {
      "Name": "Windows.Management.Deployment.Preview.ClassicAppManager",
      "IsStatic": true,
      "Methods": [
        {
          "Name": "FindInstalledApp",
          "IsStatic": true,
          "ReturnType": "InstalledClassicAppInfo",
          "Parameters": [
            {
              "Name": "appUninstallKey",
              "Type": "String"
            }
          ]
        }
      ]
    },
    {
      "Name": "Windows.Management.Deployment.Preview.InstalledClassicAppInfo",
      "IsSealed": true,
      "Properties": [
        {
          "Name": "DisplayName",
          "Type": "String",
          "IsGet": true
        },
        {
          "Name": "DisplayVersion",
          "Type": "String",
          "IsGet": true
        }
      ]
    },
    {
      "Name": "Windows.Management.Deployment.RegisterPackageOptions",
      "IsSealed": true,
      "Properties": [
        {
          "Name": "StageInPlace",
          "Type": "Boolean",
          "IsGet": true,
          "IsSet": true
        },
        {
          "Name": "InstallAllResources",
          "Type": "Boolean",
          "IsGet": true,
          "IsSet": true
        },
        {
          "Name": "ForceUpdateFromAnyVersion",
          "Type": "Boolean",
          "IsGet": true,
          "IsSet": true
        },
        {
          "Name": "ForceTargetAppShutdown",
          "Type": "Boolean",
          "IsGet": true,
          "IsSet": true
        },
        {
          "Name": "ForceAppShutdown",
          "Type": "Boolean",
          "IsGet": true,
          "IsSet": true
        },
        {
          "Name": "ExternalLocationUri",
          "Type": "Uri",
          "IsGet": true,
          "IsSet": true
        },
        {
          "Name": "DeveloperMode",
          "Type": "Boolean",
          "IsGet": true,
          "IsSet": true
        },
        {
          "Name": "DeferRegistrationWhenPackagesAreInUse",
          "Type": "Boolean",
          "IsGet": true,
          "IsSet": true
        },
        {
          "Name": "AppDataVolume",
          "Type": "PackageVolume",
          "IsGet": true,
          "IsSet": true
        },
        {
          "Name": "AllowUnsigned",
          "Type": "Boolean",
          "IsGet": true,
          "IsSet": true
        },
        {
          "Name": "DependencyPackageUris",
          "Type": "IList<Uri>",
          "IsGet": true
        },
        {
          "Name": "OptionalPackageFamilyNames",
          "Type": "IList<String>",
          "IsGet": true
        },
        {
          "Name": "ExpectedDigests",
          "Type": "IDictionary<Uri,String>",
          "IsGet": true
        }
      ]
    },
    {
      "Name": "Windows.Management.Deployment.SharedPackageContainer",
      "IsSealed": true,
      "Properties": [
        {
          "Name": "Id",
          "Type": "String",
          "IsGet": true
        },
        {
          "Name": "Name",
          "Type": "String",
          "IsGet": true
        }
      ],
      "Methods": [
        {
          "Name": "GetMembers",
          "ReturnType": "IList<SharedPackageContainerMember>"
        },
        {
          "Name": "RemovePackageFamily",
          "ReturnType": "UpdateSharedPackageContainerResult",
          "Parameters": [
            {
              "Name": "packageFamilyName",
              "Type": "String"
            },
            {
              "Name": "options",
              "Type": "UpdateSharedPackageContainerOptions"
            }
          ]
        },
        {
          "Name": "ResetData",
          "ReturnType": "UpdateSharedPackageContainerResult"
        }
      ]
    },
    {
      "Name": "Windows.Management.Deployment.SharedPackageContainerManager",
      "IsSealed": true,
      "Methods": [
        {
          "Name": "CreateContainer",
          "ReturnType": "CreateSharedPackageContainerResult",
          "Parameters": [
            {
              "Name": "name",
              "Type": "String"
            },
            {
              "Name": "options",
              "Type": "CreateSharedPackageContainerOptions"
            }
          ]
        },
        {
          "Name": "DeleteContainer",
          "ReturnType": "DeleteSharedPackageContainerResult",
          "Parameters": [
            {
              "Name": "id",
              "Type": "String"
            },
            {
              "Name": "options",
              "Type": "DeleteSharedPackageContainerOptions"
            }
          ]
        },
        {
          "Name": "GetContainer",
          "ReturnType": "SharedPackageContainer",
          "Parameters": [
            {
              "Name": "id",
              "Type": "String"
            }
          ]
        },
        {
          "Name": "FindContainers",
          "ReturnType": "IList<SharedPackageContainer>"
        },
        {
          "Name": "FindContainers",
          "ReturnType": "IList<SharedPackageContainer>",
          "Parameters": [
            {
              "Name": "options",
              "Type": "FindSharedPackageContainerOptions"
            }
          ]
        },
        {
          "Name": "GetDefault",
          "IsStatic": true,
          "ReturnType": "SharedPackageContainerManager"
        },
        {
          "Name": "GetForUser",
          "IsStatic": true,
          "ReturnType": "SharedPackageContainerManager",
          "Parameters": [
            {
              "Name": "userSid",
              "Type": "String"
            }
          ]
        },
        {
          "Name": "GetForProvisioning",
          "IsStatic": true,
          "ReturnType": "SharedPackageContainerManager"
        }
      ]
    },
    {
      "Name": "Windows.Management.Deployment.SharedPackageContainerMember",
      "IsSealed": true,
      "Constructors": [
        {
          "Parameters": [
            {
              "Name": "packageFamilyName",
              "Type": "String"
            }
          ]
        }
      ],
      "Properties": [
        {
          "Name": "PackageFamilyName",
          "Type": "String",
          "IsGet": true
        }
      ]
    },
    {
      "Name": "Windows.Management.Deployment.StagePackageOptions",
      "IsSealed": true,
      "Properties": [
        {
          "Name": "TargetVolume",
          "Type": "PackageVolume",
          "IsGet": true,
          "IsSet": true
        },
        {
          "Name": "StubPackageOption",
          "Type": "StubPackageOption",
          "IsGet": true,
          "IsSet": true
        },
        {
          "Name": "StageInPlace",
          "Type": "Boolean",
          "IsGet": true,
          "IsSet": true
        },
        {
          "Name": "RequiredContentGroupOnly",
          "Type": "Boolean",
          "IsGet": true,
          "IsSet": true
        },
        {
          "Name": "InstallAllResources",
          "Type": "Boolean",
          "IsGet": true,
          "IsSet": true
        },
        {
          "Name": "ForceUpdateFromAnyVersion",
          "Type": "Boolean",
          "IsGet": true,
          "IsSet": true
        },
        {
          "Name": "ExternalLocationUri",
          "Type": "Uri",
          "IsGet": true,
          "IsSet": true
        },
        {
          "Name": "DeveloperMode",
          "Type": "Boolean",
          "IsGet": true,
          "IsSet": true
        },
        {
          "Name": "AllowUnsigned",
          "Type": "Boolean",
          "IsGet": true,
          "IsSet": true
        },
        {
          "Name": "DependencyPackageUris",
          "Type": "IList<Uri>",
          "IsGet": true
        },
        {
          "Name": "OptionalPackageFamilyNames",
          "Type": "IList<String>",
          "IsGet": true
        },
        {
          "Name": "OptionalPackageUris",
          "Type": "IList<Uri>",
          "IsGet": true
        },
        {
          "Name": "RelatedPackageUris",
          "Type": "IList<Uri>",
          "IsGet": true
        },
        {
          "Name": "ExpectedDigests",
          "Type": "IDictionary<Uri,String>",
          "IsGet": true
        }
      ]
    },
    {
      "Name": "Windows.Management.Deployment.UpdateSharedPackageContainerOptions",
      "IsSealed": true,
      "Properties": [
        {
          "Name": "RequirePackagesPresent",
          "Type": "Boolean",
          "IsGet": true,
          "IsSet": true
        },
        {
          "Name": "ForceAppShutdown",
          "Type": "Boolean",
          "IsGet": true,
          "IsSet": true
        }
      ]
    },
    {
      "Name": "Windows.Management.Deployment.UpdateSharedPackageContainerResult",
      "IsSealed": true,
      "Properties": [
        {
          "Name": "ExtendedError",
          "Type": "Exception",
          "IsGet": true
        },
        {
          "Name": "Status",
          "Type": "SharedPackageContainerOperationStatus",
          "IsGet": true
        }
      ]
    },
    {
      "Name": "Windows.Management.MdmAlert",
      "IsSealed": true,
      "Properties": [
        {
          "Name": "Type",
          "Type": "String",
          "IsGet": true,
          "IsSet": true
        },
        {
          "Name": "Target",
          "Type": "String",
          "IsGet": true,
          "IsSet": true
        },
        {
          "Name": "Source",
          "Type": "String",
          "IsGet": true,
          "IsSet": true
        },
        {
          "Name": "Mark",
          "Type": "MdmAlertMark",
          "IsGet": true,
          "IsSet": true
        },
        {
          "Name": "Format",
          "Type": "MdmAlertDataType",
          "IsGet": true,
          "IsSet": true
        },
        {
          "Name": "Data",
          "Type": "String",
          "IsGet": true,
          "IsSet": true
        },
        {
          "Name": "Status",
          "Type": "UInt32",
          "IsGet": true
        }
      ]
    },
    {
      "Name": "Windows.Management.MdmSession",
      "IsSealed": true,
      "Properties": [
        {
          "Name": "Alerts",
          "Type": "IReadOnlyList<MdmAlert>",
          "IsGet": true
        },
        {
          "Name": "ExtendedError",
          "Type": "Exception",
          "IsGet": true
        },
        {
          "Name": "Id",
          "Type": "String",
          "IsGet": true
        },
        {
          "Name": "State",
          "Type": "MdmSessionState",
          "IsGet": true
        }
      ],
      "Methods": [
        {
          "Name": "AttachAsync",
          "ReturnType": "IAsyncAction"
        },
        {
          "Name": "Delete",
          "ReturnType": "Void"
        },
        {
          "Name": "StartAsync",
          "ReturnType": "IAsyncAction"
        },
        {
          "Name": "StartAsync",
          "ReturnType": "IAsyncAction",
          "Parameters": [
            {
              "Name": "alerts",
              "Type": "IEnumerable<MdmAlert>"
            }
          ]
        }
      ]
    },
    {
      "Name": "Windows.Management.MdmSessionManager",
      "IsStatic": true,
      "Properties": [
        {
          "Name": "SessionIds",
          "Type": "IReadOnlyList<String>",
          "IsStatic": true,
          "IsGet": true
        }
      ],
      "Methods": [
        {
          "Name": "TryCreateSession",
          "IsStatic": true,
          "ReturnType": "MdmSession"
        },
        {
          "Name": "DeleteSessionById",
          "IsStatic": true,
          "ReturnType": "Void",
          "Parameters": [
            {
              "Name": "sessionId",
              "Type": "String"
            }
          ]
        },
        {
          "Name": "GetSessionById",
          "IsStatic": true,
          "ReturnType": "MdmSession",
          "Parameters": [
            {
              "Name": "sessionId",
              "Type": "String"
            }
          ]
        }
      ]
    },
    {
      "Name": "Windows.Management.Policies.NamedPolicy",
      "IsStatic": true,
      "Methods": [
        {
          "Name": "GetPolicyFromPath",
          "IsStatic": true,
          "ReturnType": "NamedPolicyData",
          "Parameters": [
            {
              "Name": "area",
              "Type": "String"
            },
            {
              "Name": "name",
              "Type": "String"
            }
          ]
        },
        {
          "Name": "GetPolicyFromPathForUser",
          "IsStatic": true,
          "ReturnType": "NamedPolicyData",
          "Parameters": [
            {
              "Name": "user",
              "Type": "User"
            },
            {
              "Name": "area",
              "Type": "String"
            },
            {
              "Name": "name",
              "Type": "String"
            }
          ]
        }
      ]
    },
    {
      "Name": "Windows.Management.Policies.NamedPolicyData",
      "IsSealed": true,
      "Properties": [
        {
          "Name": "Area",
          "Type": "String",
          "IsGet": true
        },
        {
          "Name": "IsManaged",
          "Type": "Boolean",
          "IsGet": true
        },
        {
          "Name": "IsUserPolicy",
          "Type": "Boolean",
          "IsGet": true
        },
        {
          "Name": "Kind",
          "Type": "NamedPolicyKind",
          "IsGet": true
        },
        {
          "Name": "Name",
          "Type": "String",
          "IsGet": true
        },
        {
          "Name": "User",
          "Type": "User",
          "IsGet": true
        }
      ],
      "Methods": [
        {
          "Name": "GetBoolean",
          "ReturnType": "Boolean"
        },
        {
          "Name": "GetBinary",
          "ReturnType": "IBuffer"
        },
        {
          "Name": "GetInt32",
          "ReturnType": "Int32"
        },
        {
          "Name": "GetInt64",
          "ReturnType": "Int64"
        },
        {
          "Name": "GetString",
          "ReturnType": "String"
        }
      ],
      "Events": [
        {
          "Name": "Changed",
          "Type": "TypedEventHandler<NamedPolicyData,Object>"
        }
      ]
    },
    {
      "Name": "Windows.Management.Update.PreviewBuildsManager",
      "IsSealed": true,
      "Properties": [
        {
          "Name": "ArePreviewBuildsAllowed",
          "Type": "Boolean",
          "IsGet": true,
          "IsSet": true
        }
      ],
      "Methods": [
        {
          "Name": "GetCurrentState",
          "ReturnType": "PreviewBuildsState"
        },
        {
          "Name": "SyncAsync",
          "ReturnType": "IAsyncOperation<Boolean>"
        },
        {
          "Name": "GetDefault",
          "IsStatic": true,
          "ReturnType": "PreviewBuildsManager"
        },
        {
          "Name": "IsSupported",
          "IsStatic": true,
          "ReturnType": "Boolean"
        }
      ]
    },
    {
      "Name": "Windows.Management.Update.PreviewBuildsState",
      "IsSealed": true,
      "Properties": [
        {
          "Name": "Properties",
          "Type": "ValueSet",
          "IsGet": true
        }
      ]
    },
    {
      "Name": "Windows.Management.Update.WindowsUpdate",
      "IsSealed": true,
      "Properties": [
        {
          "Name": "ActionProgress",
          "Type": "WindowsUpdateActionProgress",
          "IsGet": true
        },
        {
          "Name": "ActionResult",
          "Type": "WindowsUpdateActionResult",
          "IsGet": true
        },
        {
          "Name": "AttentionRequiredInfo",
          "Type": "WindowsUpdateAttentionRequiredInfo",
          "IsGet": true
        },
        {
          "Name": "CurrentAction",
          "Type": "String",
          "IsGet": true
        },
        {
          "Name": "Deadline",
          "Type": "Nullable<DateTimeOffset>",
          "IsGet": true
        },
        {
          "Name": "Description",
          "Type": "String",
          "IsGet": true
        },
        {
          "Name": "EulaText",
          "Type": "String",
          "IsGet": true
        },
        {
          "Name": "IsCritical",
          "Type": "Boolean",
          "IsGet": true
        },
        {
          "Name": "IsDriver",
          "Type": "Boolean",
          "IsGet": true
        },
        {
          "Name": "IsEulaAccepted",
          "Type": "Boolean",
          "IsGet": true
        },
        {
          "Name": "IsFeatureUpdate",
          "Type": "Boolean",
          "IsGet": true
        },
        {
          "Name": "IsForOS",
          "Type": "Boolean",
          "IsGet": true
        },
        {
          "Name": "IsMandatory",
          "Type": "Boolean",
          "IsGet": true
        },
        {
          "Name": "IsMinorImpact",
          "Type": "Boolean",
          "IsGet": true
        },
        {
          "Name": "IsSecurity",
          "Type": "Boolean",
          "IsGet": true
        },
        {
          "Name": "IsSeeker",
          "Type": "Boolean",
          "IsGet": true
        },
        {
          "Name": "IsUrgent",
          "Type": "Boolean",
          "IsGet": true
        },
        {
          "Name": "MoreInfoUrl",
          "Type": "Uri",
          "IsGet": true
        },
        {
          "Name": "ProviderId",
          "Type": "String",
          "IsGet": true
        },
        {
          "Name": "SupportUrl",
          "Type": "Uri",
          "IsGet": true
        },
        {
          "Name": "Title",
          "Type": "String",
          "IsGet": true
        },
        {
          "Name": "UpdateId",
          "Type": "String",
          "IsGet": true
        }
      ],
      "Methods": [
        {
          "Name": "GetPropertyValue",
          "ReturnType": "Object",
          "Parameters": [
            {
              "Name": "propertyName",
              "Type": "String"
            }
          ]
        },
        {
          "Name": "AcceptEula",
          "ReturnType": "Void"
        }
      ]
    },
    {
      "Name": "Windows.Management.Update.WindowsUpdateActionCompletedEventArgs",
      "IsSealed": true,
      "Properties": [
        {
          "Name": "Action",
          "Type": "String",
          "IsGet": true
        },
        {
          "Name": "ExtendedError",
          "Type": "Exception",
          "IsGet": true
        },
        {
          "Name": "Succeeded",
          "Type": "Boolean",
          "IsGet": true
        },
        {
          "Name": "Update",
          "Type": "WindowsUpdate",
          "IsGet": true
        }
      ]
    },
    {
      "Name": "Windows.Management.Update.WindowsUpdateActionProgress",
      "IsSealed": true,
      "Properties": [
        {
          "Name": "Action",
          "Type": "String",
          "IsGet": true
        },
        {
          "Name": "Progress",
          "Type": "Double",
          "IsGet": true
        }
      ]
    },
    {
      "Name": "Windows.Management.Update.WindowsUpdateActionResult",
      "IsSealed": true,
      "Properties": [
        {
          "Name": "Action",
          "Type": "String",
          "IsGet": true
        },
        {
          "Name": "ExtendedError",
          "Type": "Exception",
          "IsGet": true
        },
        {
          "Name": "Succeeded",
          "Type": "Boolean",
          "IsGet": true
        },
        {
          "Name": "Timestamp",
          "Type": "DateTimeOffset",
          "IsGet": true
        }
      ]
    },
    {
      "Name": "Windows.Management.Update.WindowsUpdateAdministrator",
      "IsSealed": true,
      "Methods": [
        {
          "Name": "StartAdministratorScan",
          "ReturnType": "Void"
        },
        {
          "Name": "ApproveWindowsUpdateAction",
          "ReturnType": "Void",
          "Parameters": [
            {
              "Name": "updateId",
              "Type": "String"
            },
            {
              "Name": "action",
              "Type": "String"
            }
          ]
        },
        {
          "Name": "RevokeWindowsUpdateActionApproval",
          "ReturnType": "Void",
          "Parameters": [
            {
              "Name": "updateId",
              "Type": "String"
            },
            {
              "Name": "action",
              "Type": "String"
            }
          ]
        },
        {
          "Name": "ApproveWindowsUpdate",
          "ReturnType": "Void",
          "Parameters": [
            {
              "Name": "updateId",
              "Type": "String"
            },
            {
              "Name": "approvalData",
              "Type": "WindowsUpdateApprovalData"
            }
          ]
        },
        {
          "Name": "RevokeWindowsUpdateApproval",
          "ReturnType": "Void",
          "Parameters": [
            {
              "Name": "updateId",
              "Type": "String"
            }
          ]
        },
        {
          "Name": "GetUpdates",
          "ReturnType": "IReadOnlyList<WindowsUpdate>"
        },
        {
          "Name": "GetRegisteredAdministrator",
          "IsStatic": true,
          "ReturnType": "WindowsUpdateGetAdministratorResult",
          "Parameters": [
            {
              "Name": "organizationName",
              "Type": "String"
            }
          ]
        },
        {
          "Name": "RegisterForAdministration",
          "IsStatic": true,
          "ReturnType": "WindowsUpdateAdministratorStatus",
          "Parameters": [
            {
              "Name": "organizationName",
              "Type": "String"
            },
            {
              "Name": "options",
              "Type": "WindowsUpdateAdministratorOptions"
            }
          ]
        },
        {
          "Name": "UnregisterForAdministration",
          "IsStatic": true,
          "ReturnType": "WindowsUpdateAdministratorStatus",
          "Parameters": [
            {
              "Name": "organizationName",
              "Type": "String"
            }
          ]
        },
        {
          "Name": "GetRegisteredAdministratorName",
          "IsStatic": true,
          "ReturnType": "String"
        },
        {
          "Name": "RequestRestart",
          "IsStatic": true,
          "ReturnType": "String",
          "Parameters": [
            {
              "Name": "restartOptions",
              "Type": "WindowsUpdateRestartRequestOptions"
            }
          ]
        },
        {
          "Name": "CancelRestartRequest",
          "IsStatic": true,
          "ReturnType": "Void",
          "Parameters": [
            {
              "Name": "requestRestartToken",
              "Type": "String"
            }
          ]
        }
      ]
    },
    {
      "Name": "Windows.Management.Update.WindowsUpdateApprovalData",
      "IsSealed": true,
      "Properties": [
        {
          "Name": "Seeker",
          "Type": "Nullable<Boolean>",
          "IsGet": true,
          "IsSet": true
        },
        {
          "Name": "OptOutOfAutoReboot",
          "Type": "Nullable<Boolean>",
          "IsGet": true,
          "IsSet": true
        },
        {
          "Name": "ComplianceGracePeriodInDays",
          "Type": "Nullable<Int32>",
          "IsGet": true,
          "IsSet": true
        },
        {
          "Name": "ComplianceDeadlineInDays",
          "Type": "Nullable<Int32>",
          "IsGet": true,
          "IsSet": true
        },
        {
          "Name": "AllowDownloadOnMetered",
          "Type": "Nullable<Boolean>",
          "IsGet": true,
          "IsSet": true
        }
      ]
    },
    {
      "Name": "Windows.Management.Update.WindowsUpdateAttentionRequiredInfo",
      "IsSealed": true,
      "Properties": [
        {
          "Name": "Reason",
          "Type": "WindowsUpdateAttentionRequiredReason",
          "IsGet": true
        },
        {
          "Name": "Timestamp",
          "Type": "Nullable<DateTimeOffset>",
          "IsGet": true
        }
      ]
    },
    {
      "Name": "Windows.Management.Update.WindowsUpdateAttentionRequiredReasonChangedEventArgs",
      "IsSealed": true,
      "Properties": [
        {
          "Name": "Reason",
          "Type": "WindowsUpdateAttentionRequiredReason",
          "IsGet": true
        },
        {
          "Name": "Update",
          "Type": "WindowsUpdate",
          "IsGet": true
        }
      ]
    },
    {
      "Name": "Windows.Management.Update.WindowsUpdateGetAdministratorResult",
      "IsSealed": true,
      "Properties": [
        {
          "Name": "Administrator",
          "Type": "WindowsUpdateAdministrator",
          "IsGet": true
        },
        {
          "Name": "Status",
          "Type": "WindowsUpdateAdministratorStatus",
          "IsGet": true
        }
      ]
    },
    {
      "Name": "Windows.Management.Update.WindowsUpdateItem",
      "IsSealed": true,
      "Properties": [
        {
          "Name": "Category",
          "Type": "String",
          "IsGet": true
        },
        {
          "Name": "Description",
          "Type": "String",
          "IsGet": true
        },
        {
          "Name": "MoreInfoUrl",
          "Type": "Uri",
          "IsGet": true
        },
        {
          "Name": "Operation",
          "Type": "String",
          "IsGet": true
        },
        {
          "Name": "ProviderId",
          "Type": "String",
          "IsGet": true
        },
        {
          "Name": "Timestamp",
          "Type": "DateTimeOffset",
          "IsGet": true
        },
        {
          "Name": "Title",
          "Type": "String",
          "IsGet": true
        },
        {
          "Name": "UpdateId",
          "Type": "String",
          "IsGet": true
        }
      ]
    },
    {
      "Name": "Windows.Management.Update.WindowsUpdateManager",
      "IsSealed": true,
      "Constructors": [
        {
          "Parameters": [
            {
              "Name": "clientId",
              "Type": "String"
            }
          ]
        }
      ],
      "Properties": [
        {
          "Name": "IsScanning",
          "Type": "Boolean",
          "IsGet": true
        },
        {
          "Name": "IsWorking",
          "Type": "Boolean",
          "IsGet": true
        },
        {
          "Name": "LastSuccessfulScanTimestamp",
          "Type": "Nullable<DateTimeOffset>",
          "IsGet": true
        }
      ],
      "Methods": [
        {
          "Name": "GetApplicableUpdates",
          "ReturnType": "IReadOnlyList<WindowsUpdate>"
        },
        {
          "Name": "GetMostRecentCompletedUpdates",
          "ReturnType": "IReadOnlyList<WindowsUpdateItem>",
          "Parameters": [
            {
              "Name": "count",
              "Type": "Int32"
            }
          ]
        },
        {
          "Name": "GetMostRecentCompletedUpdatesAsync",
          "ReturnType": "IAsyncOperation<IReadOnlyList<WindowsUpdateItem>>",
          "Parameters": [
            {
              "Name": "count",
              "Type": "Int32"
            }
          ]
        },
        {
          "Name": "StartScan",
          "ReturnType": "Void",
          "Parameters": [
            {
              "Name": "userInitiated",
              "Type": "Boolean"
            }
          ]
        }
      ],
      "Events": [
        {
          "Name": "ActionCompleted",
          "Type": "TypedEventHandler<WindowsUpdateManager,WindowsUpdateActionCompletedEventArgs>"
        },
        {
          "Name": "AttentionRequiredReasonChanged",
          "Type": "TypedEventHandler<WindowsUpdateManager,WindowsUpdateAttentionRequiredReasonChangedEventArgs>"
        },
        {
          "Name": "ProgressChanged",
          "Type": "TypedEventHandler<WindowsUpdateManager,WindowsUpdateProgressChangedEventArgs>"
        },
        {
          "Name": "ScanCompleted",
          "Type": "TypedEventHandler<WindowsUpdateManager,WindowsUpdateScanCompletedEventArgs>"
        },
        {
          "Name": "ScanningStateChanged",
          "Type": "TypedEventHandler<WindowsUpdateManager,Object>"
        },
        {
          "Name": "WorkingStateChanged",
          "Type": "TypedEventHandler<WindowsUpdateManager,Object>"
        }
      ]
    },
    {
      "Name": "Windows.Management.Update.WindowsUpdateProgressChangedEventArgs",
      "IsSealed": true,
      "Properties": [
        {
          "Name": "ActionProgress",
          "Type": "WindowsUpdateActionProgress",
          "IsGet": true
        },
        {
          "Name": "Update",
          "Type": "WindowsUpdate",
          "IsGet": true
        }
      ]
    },
    {
      "Name": "Windows.Management.Update.WindowsUpdateRestartRequestOptions",
      "IsSealed": true,
      "Constructors": [
        {
          "Parameters": [
            {
              "Name": "title",
              "Type": "String"
            },
            {
              "Name": "description",
              "Type": "String"
            },
            {
              "Name": "moreInfoUrl",
              "Type": "Uri"
            },
            {
              "Name": "complianceDeadlineInDays",
              "Type": "Int32"
            },
            {
              "Name": "complianceGracePeriodInDays",
              "Type": "Int32"
            }
          ]
        },
        {}
      ],
      "Properties": [
        {
          "Name": "Title",
          "Type": "String",
          "IsGet": true,
          "IsSet": true
        },
        {
          "Name": "OrganizationName",
          "Type": "String",
          "IsGet": true,
          "IsSet": true
        },
        {
          "Name": "OptOutOfAutoReboot",
          "Type": "Boolean",
          "IsGet": true,
          "IsSet": true
        },
        {
          "Name": "MoreInfoUrl",
          "Type": "Uri",
          "IsGet": true,
          "IsSet": true
        },
        {
          "Name": "Description",
          "Type": "String",
          "IsGet": true,
          "IsSet": true
        },
        {
          "Name": "ComplianceGracePeriodInDays",
          "Type": "Int32",
          "IsGet": true,
          "IsSet": true
        },
        {
          "Name": "ComplianceDeadlineInDays",
          "Type": "Int32",
          "IsGet": true,
          "IsSet": true
        }
      ]
    },
    {
      "Name": "Windows.Management.Update.WindowsUpdateScanCompletedEventArgs",
      "IsSealed": true,
      "Properties": [
        {
          "Name": "ExtendedError",
          "Type": "Exception",
          "IsGet": true
        },
        {
          "Name": "ProviderId",
          "Type": "String",
          "IsGet": true
        },
        {
          "Name": "Succeeded",
          "Type": "Boolean",
          "IsGet": true
        },
        {
          "Name": "Updates",
          "Type": "IReadOnlyList<WindowsUpdate>",
          "IsGet": true
        }
      ]
    },
    {
      "Name": "Windows.Management.Workplace.MdmPolicy",
      "IsStatic": true,
      "Methods": [
        {
          "Name": "GetMessagingSyncPolicy",
          "IsStatic": true,
          "ReturnType": "MessagingSyncPolicy"
        },
        {
          "Name": "IsBrowserAllowed",
          "IsStatic": true,
          "ReturnType": "Boolean"
        },
        {
          "Name": "IsCameraAllowed",
          "IsStatic": true,
          "ReturnType": "Boolean"
        },
        {
          "Name": "IsMicrosoftAccountAllowed",
          "IsStatic": true,
          "ReturnType": "Boolean"
        },
        {
          "Name": "IsStoreAllowed",
          "IsStatic": true,
          "ReturnType": "Boolean"
        }
      ]
    },
    {
      "Name": "Windows.Management.Workplace.WorkplaceSettings",
      "IsStatic": true,
      "Properties": [
        {
          "Name": "IsMicrosoftAccountOptional",
          "Type": "Boolean",
          "IsStatic": true,
          "IsGet": true
        }
      ]
    }
  ]
}