{
  "Name": "Windows.Gaming, Version=255.255.255.255, Culture=neutral, PublicKeyToken=null, ContentType=WindowsRuntime",
  "Enums": [
    {
      "Name": "Windows.Gaming.Input.ArcadeStickButtons",
      "IsFlags": true,
      "BaseType": "UInt32",
      "Values": [
        {
          "Name": "None",
          "Value": "0"
        },
        {
          "Name": "StickUp",
          "Value": "1"
        },
        {
          "Name": "StickDown",
          "Value": "2"
        },
        {
          "Name": "StickLeft",
          "Value": "4"
        },
        {
          "Name": "StickRight",
          "Value": "8"
        },
        {
          "Name": "Action1",
          "Value": "16"
        },
        {
          "Name": "Action2",
          "Value": "32"
        },
        {
          "Name": "Action3",
          "Value": "64"
        },
        {
          "Name": "Action4",
          "Value": "128"
        },
        {
          "Name": "Action5",
          "Value": "256"
        },
        {
          "Name": "Action6",
          "Value": "512"
        },
        {
          "Name": "Special1",
          "Value": "1024"
        },
        {
          "Name": "Special2",
          "Value": "2048"
        }
      ]
    },
    {
      "Name": "Windows.Gaming.Input.Custom.GipFirmwareUpdateStatus",
      "BaseType": "Int32",
      "Values": [
        {
          "Name": "Completed",
          "Value": "0"
        },
        {
          "Name": "UpToDate",
          "Value": "1"
        },
        {
          "Name": "Failed",
          "Value": "2"
        }
      ]
    },
    {
      "Name": "Windows.Gaming.Input.Custom.GipMessageClass",
      "BaseType": "Int32",
      "Values": [
        {
          "Name": "Command",
          "Value": "0"
        },
        {
          "Name": "LowLatency",
          "Value": "1"
        },
        {
          "Name": "StandardLatency",
          "Value": "2"
        }
      ]
    },
    {
      "Name": "Windows.Gaming.Input.Custom.XusbDeviceSubtype",
      "BaseType": "Int32",
      "Values": [
        {
          "Name": "Unknown",
          "Value": "0"
        },
        {
          "Name": "Gamepad",
          "Value": "1"
        },
        {
          "Name": "ArcadePad",
          "Value": "2"
        },
        {
          "Name": "ArcadeStick",
          "Value": "3"
        },
        {
          "Name": "FlightStick",
          "Value": "4"
        },
        {
          "Name": "Wheel",
          "Value": "5"
        },
        {
          "Name": "Guitar",
          "Value": "6"
        },
        {
          "Name": "GuitarAlternate",
          "Value": "7"
        },
        {
          "Name": "GuitarBass",
          "Value": "8"
        },
        {
          "Name": "DrumKit",
          "Value": "9"
        },
        {
          "Name": "DancePad",
          "Value": "10"
        }
      ]
    },
    {
      "Name": "Windows.Gaming.Input.Custom.XusbDeviceType",
      "BaseType": "Int32",
      "Values": [
        {
          "Name": "Unknown",
          "Value": "0"
        },
        {
          "Name": "Gamepad",
          "Value": "1"
        }
      ]
    },
    {
      "Name": "Windows.Gaming.Input.FlightStickButtons",
      "IsFlags": true,
      "BaseType": "UInt32",
      "Values": [
        {
          "Name": "None",
          "Value": "0"
        },
        {
          "Name": "FirePrimary",
          "Value": "1"
        },
        {
          "Name": "FireSecondary",
          "Value": "2"
        }
      ]
    },
    {
      "Name": "Windows.Gaming.Input.ForceFeedback.ConditionForceEffectKind",
      "BaseType": "Int32",
      "Values": [
        {
          "Name": "Spring",
          "Value": "0"
        },
        {
          "Name": "Damper",
          "Value": "1"
        },
        {
          "Name": "Inertia",
          "Value": "2"
        },
        {
          "Name": "Friction",
          "Value": "3"
        }
      ]
    },
    {
      "Name": "Windows.Gaming.Input.ForceFeedback.ForceFeedbackEffectAxes",
      "IsFlags": true,
      "BaseType": "UInt32",
      "Values": [
        {
          "Name": "None",
          "Value": "0"
        },
        {
          "Name": "X",
          "Value": "1"
        },
        {
          "Name": "Y",
          "Value": "2"
        },
        {
          "Name": "Z",
          "Value": "4"
        }
      ]
    },
    {
      "Name": "Windows.Gaming.Input.ForceFeedback.ForceFeedbackEffectState",
      "BaseType": "Int32",
      "Values": [
        {
          "Name": "Stopped",
          "Value": "0"
        },
        {
          "Name": "Running",
          "Value": "1"
        },
        {
          "Name": "Paused",
          "Value": "2"
        },
        {
          "Name": "Faulted",
          "Value": "3"
        }
      ]
    },
    {
      "Name": "Windows.Gaming.Input.ForceFeedback.ForceFeedbackLoadEffectResult",
      "BaseType": "Int32",
      "Values": [
        {
          "Name": "Succeeded",
          "Value": "0"
        },
        {
          "Name": "EffectStorageFull",
          "Value": "1"
        },
        {
          "Name": "EffectNotSupported",
          "Value": "2"
        }
      ]
    },
    {
      "Name": "Windows.Gaming.Input.ForceFeedback.PeriodicForceEffectKind",
      "BaseType": "Int32",
      "Values": [
        {
          "Name": "SquareWave",
          "Value": "0"
        },
        {
          "Name": "SineWave",
          "Value": "1"
        },
        {
          "Name": "TriangleWave",
          "Value": "2"
        },
        {
          "Name": "SawtoothWaveUp",
          "Value": "3"
        },
        {
          "Name": "SawtoothWaveDown",
          "Value": "4"
        }
      ]
    },
    {
      "Name": "Windows.Gaming.Input.GameControllerButtonLabel",
      "BaseType": "Int32",
      "Values": [
        {
          "Name": "None",
          "Value": "0"
        },
        {
          "Name": "XboxBack",
          "Value": "1"
        },
        {
          "Name": "XboxStart",
          "Value": "2"
        },
        {
          "Name": "XboxMenu",
          "Value": "3"
        },
        {
          "Name": "XboxView",
          "Value": "4"
        },
        {
          "Name": "XboxUp",
          "Value": "5"
        },
        {
          "Name": "XboxDown",
          "Value": "6"
        },
        {
          "Name": "XboxLeft",
          "Value": "7"
        },
        {
          "Name": "XboxRight",
          "Value": "8"
        },
        {
          "Name": "XboxA",
          "Value": "9"
        },
        {
          "Name": "XboxB",
          "Value": "10"
        },
        {
          "Name": "XboxX",
          "Value": "11"
        },
        {
          "Name": "XboxY",
          "Value": "12"
        },
        {
          "Name": "XboxLeftBumper",
          "Value": "13"
        },
        {
          "Name": "XboxLeftTrigger",
          "Value": "14"
        },
        {
          "Name": "XboxLeftStickButton",
          "Value": "15"
        },
        {
          "Name": "XboxRightBumper",
          "Value": "16"
        },
        {
          "Name": "XboxRightTrigger",
          "Value": "17"
        },
        {
          "Name": "XboxRightStickButton",
          "Value": "18"
        },
        {
          "Name": "XboxPaddle1",
          "Value": "19"
        },
        {
          "Name": "XboxPaddle2",
          "Value": "20"
        },
        {
          "Name": "XboxPaddle3",
          "Value": "21"
        },
        {
          "Name": "XboxPaddle4",
          "Value": "22"
        },
        {
          "Name": "Mode",
          "Value": "23"
        },
        {
          "Name": "Select",
          "Value": "24"
        },
        {
          "Name": "Menu",
          "Value": "25"
        },
        {
          "Name": "View",
          "Value": "26"
        },
        {
          "Name": "Back",
          "Value": "27"
        },
        {
          "Name": "Start",
          "Value": "28"
        },
        {
          "Name": "Options",
          "Value": "29"
        },
        {
          "Name": "Share",
          "Value": "30"
        },
        {
          "Name": "Up",
          "Value": "31"
        },
        {
          "Name": "Down",
          "Value": "32"
        },
        {
          "Name": "Left",
          "Value": "33"
        },
        {
          "Name": "Right",
          "Value": "34"
        },
        {
          "Name": "LetterA",
          "Value": "35"
        },
        {
          "Name": "LetterB",
          "Value": "36"
        },
        {
          "Name": "LetterC",
          "Value": "37"
        },
        {
          "Name": "LetterL",
          "Value": "38"
        },
        {
          "Name": "LetterR",
          "Value": "39"
        },
        {
          "Name": "LetterX",
          "Value": "40"
        },
        {
          "Name": "LetterY",
          "Value": "41"
        },
        {
          "Name": "LetterZ",
          "Value": "42"
        },
        {
          "Name": "Cross",
          "Value": "43"
        },
        {
          "Name": "Circle",
          "Value": "44"
        },
        {
          "Name": "Square",
          "Value": "45"
        },
        {
          "Name": "Triangle",
          "Value": "46"
        },
        {
          "Name": "LeftBumper",
          "Value": "47"
        },
        {
          "Name": "LeftTrigger",
          "Value": "48"
        },
        {
          "Name": "LeftStickButton",
          "Value": "49"
        },
        {
          "Name": "Left1",
          "Value": "50"
        },
        {
          "Name": "Left2",
          "Value": "51"
        },
        {
          "Name": "Left3",
          "Value": "52"
        },
        {
          "Name": "RightBumper",
          "Value": "53"
        },
        {
          "Name": "RightTrigger",
          "Value": "54"
        },
        {
          "Name": "RightStickButton",
          "Value": "55"
        },
        {
          "Name": "Right1",
          "Value": "56"
        },
        {
          "Name": "Right2",
          "Value": "57"
        },
        {
          "Name": "Right3",
          "Value": "58"
        },
        {
          "Name": "Paddle1",
          "Value": "59"
        },
        {
          "Name": "Paddle2",
          "Value": "60"
        },
        {
          "Name": "Paddle3",
          "Value": "61"
        },
        {
          "Name": "Paddle4",
          "Value": "62"
        },
        {
          "Name": "Plus",
          "Value": "63"
        },
        {
          "Name": "Minus",
          "Value": "64"
        },
        {
          "Name": "DownLeftArrow",
          "Value": "65"
        },
        {
          "Name": "DialLeft",
          "Value": "66"
        },
        {
          "Name": "DialRight",
          "Value": "67"
        },
        {
          "Name": "Suspension",
          "Value": "68"
        }
      ]
    },
    {
      "Name": "Windows.Gaming.Input.GameControllerSwitchKind",
      "BaseType": "Int32",
      "Values": [
        {
          "Name": "TwoWay",
          "Value": "0"
        },
        {
          "Name": "FourWay",
          "Value": "1"
        },
        {
          "Name": "EightWay",
          "Value": "2"
        }
      ]
    },
    {
      "Name": "Windows.Gaming.Input.GameControllerSwitchPosition",
      "BaseType": "Int32",
      "Values": [
        {
          "Name": "Center",
          "Value": "0"
        },
        {
          "Name": "Up",
          "Value": "1"
        },
        {
          "Name": "UpRight",
          "Value": "2"
        },
        {
          "Name": "Right",
          "Value": "3"
        },
        {
          "Name": "DownRight",
          "Value": "4"
        },
        {
          "Name": "Down",
          "Value": "5"
        },
        {
          "Name": "DownLeft",
          "Value": "6"
        },
        {
          "Name": "Left",
          "Value": "7"
        },
        {
          "Name": "UpLeft",
          "Value": "8"
        }
      ]
    },
    {
      "Name": "Windows.Gaming.Input.GamepadButtons",
      "IsFlags": true,
      "BaseType": "UInt32",
      "Values": [
        {
          "Name": "None",
          "Value": "0"
        },
        {
          "Name": "Menu",
          "Value": "1"
        },
        {
          "Name": "View",
          "Value": "2"
        },
        {
          "Name": "A",
          "Value": "4"
        },
        {
          "Name": "B",
          "Value": "8"
        },
        {
          "Name": "X",
          "Value": "16"
        },
        {
          "Name": "Y",
          "Value": "32"
        },
        {
          "Name": "DPadUp",
          "Value": "64"
        },
        {
          "Name": "DPadDown",
          "Value": "128"
        },
        {
          "Name": "DPadLeft",
          "Value": "256"
        },
        {
          "Name": "DPadRight",
          "Value": "512"
        },
        {
          "Name": "LeftShoulder",
          "Value": "1024"
        },
        {
          "Name": "RightShoulder",
          "Value": "2048"
        },
        {
          "Name": "LeftThumbstick",
          "Value": "4096"
        },
        {
          "Name": "RightThumbstick",
          "Value": "8192"
        },
        {
          "Name": "Paddle1",
          "Value": "16384"
        },
        {
          "Name": "Paddle2",
          "Value": "32768"
        },
        {
          "Name": "Paddle3",
          "Value": "65536"
        },
        {
          "Name": "Paddle4",
          "Value": "131072"
        }
      ]
    },
    {
      "Name": "Windows.Gaming.Input.OptionalUINavigationButtons",
      "IsFlags": true,
      "BaseType": "UInt32",
      "Values": [
        {
          "Name": "None",
          "Value": "0"
        },
        {
          "Name": "Context1",
          "Value": "1"
        },
        {
          "Name": "Context2",
          "Value": "2"
        },
        {
          "Name": "Context3",
          "Value": "4"
        },
        {
          "Name": "Context4",
          "Value": "8"
        },
        {
          "Name": "PageUp",
          "Value": "16"
        },
        {
          "Name": "PageDown",
          "Value": "32"
        },
        {
          "Name": "PageLeft",
          "Value": "64"
        },
        {
          "Name": "PageRight",
          "Value": "128"
        },
        {
          "Name": "ScrollUp",
          "Value": "256"
        },
        {
          "Name": "ScrollDown",
          "Value": "512"
        },
        {
          "Name": "ScrollLeft",
          "Value": "1024"
        },
        {
          "Name": "ScrollRight",
          "Value": "2048"
        }
      ]
    },
    {
      "Name": "Windows.Gaming.Input.RacingWheelButtons",
      "IsFlags": true,
      "BaseType": "UInt32",
      "Values": [
        {
          "Name": "None",
          "Value": "0"
        },
        {
          "Name": "PreviousGear",
          "Value": "1"
        },
        {
          "Name": "NextGear",
          "Value": "2"
        },
        {
          "Name": "DPadUp",
          "Value": "4"
        },
        {
          "Name": "DPadDown",
          "Value": "8"
        },
        {
          "Name": "DPadLeft",
          "Value": "16"
        },
        {
          "Name": "DPadRight",
          "Value": "32"
        },
        {
          "Name": "Button1",
          "Value": "64"
        },
        {
          "Name": "Button2",
          "Value": "128"
        },
        {
          "Name": "Button3",
          "Value": "256"
        },
        {
          "Name": "Button4",
          "Value": "512"
        },
        {
          "Name": "Button5",
          "Value": "1024"
        },
        {
          "Name": "Button6",
          "Value": "2048"
        },
        {
          "Name": "Button7",
          "Value": "4096"
        },
        {
          "Name": "Button8",
          "Value": "8192"
        },
        {
          "Name": "Button9",
          "Value": "16384"
        },
        {
          "Name": "Button10",
          "Value": "32768"
        },
        {
          "Name": "Button11",
          "Value": "65536"
        },
        {
          "Name": "Button12",
          "Value": "131072"
        },
        {
          "Name": "Button13",
          "Value": "262144"
        },
        {
          "Name": "Button14",
          "Value": "524288"
        },
        {
          "Name": "Button15",
          "Value": "1048576"
        },
        {
          "Name": "Button16",
          "Value": "2097152"
        }
      ]
    },
    {
      "Name": "Windows.Gaming.Input.RequiredUINavigationButtons",
      "IsFlags": true,
      "BaseType": "UInt32",
      "Values": [
        {
          "Name": "None",
          "Value": "0"
        },
        {
          "Name": "Menu",
          "Value": "1"
        },
        {
          "Name": "View",
          "Value": "2"
        },
        {
          "Name": "Accept",
          "Value": "4"
        },
        {
          "Name": "Cancel",
          "Value": "8"
        },
        {
          "Name": "Up",
          "Value": "16"
        },
        {
          "Name": "Down",
          "Value": "32"
        },
        {
          "Name": "Left",
          "Value": "64"
        },
        {
          "Name": "Right",
          "Value": "128"
        }
      ]
    },
    {
      "Name": "Windows.Gaming.Preview.GamesEnumeration.GameListCategory",
      "BaseType": "Int32",
      "Values": [
        {
          "Name": "Candidate",
          "Value": "0"
        },
        {
          "Name": "ConfirmedBySystem",
          "Value": "1"
        },
        {
          "Name": "ConfirmedByUser",
          "Value": "2"
        }
      ]
    },
    {
      "Name": "Windows.Gaming.Preview.GamesEnumeration.GameListEntryLaunchableState",
      "BaseType": "Int32",
      "Values": [
        {
          "Name": "NotLaunchable",
          "Value": "0"
        },
        {
          "Name": "ByLastRunningFullPath",
          "Value": "1"
        },
        {
          "Name": "ByUserProvidedPath",
          "Value": "2"
        },
        {
          "Name": "ByTile",
          "Value": "3"
        }
      ]
    },
    {
      "Name": "Windows.Gaming.UI.GameChatMessageOrigin",
      "BaseType": "Int32",
      "Values": [
        {
          "Name": "Voice",
          "Value": "0"
        },
        {
          "Name": "Text",
          "Value": "1"
        }
      ]
    },
    {
      "Name": "Windows.Gaming.UI.GameChatOverlayPosition",
      "BaseType": "Int32",
      "Values": [
        {
          "Name": "BottomCenter",
          "Value": "0"
        },
        {
          "Name": "BottomLeft",
          "Value": "1"
        },
        {
          "Name": "BottomRight",
          "Value": "2"
        },
        {
          "Name": "MiddleRight",
          "Value": "3"
        },
        {
          "Name": "MiddleLeft",
          "Value": "4"
        },
        {
          "Name": "TopCenter",
          "Value": "5"
        },
        {
          "Name": "TopLeft",
          "Value": "6"
        },
        {
          "Name": "TopRight",
          "Value": "7"
        }
      ]
    },
    {
      "Name": "Windows.Gaming.XboxLive.Storage.GameSaveErrorStatus",
      "BaseType": "Int32",
      "Values": [
        {
          "Name": "Ok",
          "Value": "0"
        },
        {
          "Name": "Abort",
          "Value": "-2147467260"
        },
        {
          "Name": "InvalidContainerName",
          "Value": "-2138898431"
        },
        {
          "Name": "NoAccess",
          "Value": "-2138898430"
        },
        {
          "Name": "OutOfLocalStorage",
          "Value": "-2138898429"
        },
        {
          "Name": "UserCanceled",
          "Value": "-2138898428"
        },
        {
          "Name": "UpdateTooBig",
          "Value": "-2138898427"
        },
        {
          "Name": "QuotaExceeded",
          "Value": "-2138898426"
        },
        {
          "Name": "ProvidedBufferTooSmall",
          "Value": "-2138898425"
        },
        {
          "Name": "BlobNotFound",
          "Value": "-2138898424"
        },
        {
          "Name": "NoXboxLiveInfo",
          "Value": "-2138898423"
        },
        {
          "Name": "ContainerNotInSync",
          "Value": "-2138898422"
        },
        {
          "Name": "ContainerSyncFailed",
          "Value": "-2138898421"
        },
        {
          "Name": "UserHasNoXboxLiveInfo",
          "Value": "-2138898420"
        },
        {
          "Name": "ObjectExpired",
          "Value": "-2138898419"
        }
      ]
    }
  ],
  "Interfaces": [
    {
      "Name": "Windows.Gaming.Input.Custom.ICustomGameControllerFactory",
      "Methods": [
        {
          "Name": "CreateGameController",
          "ReturnType": "Object",
          "Parameters": [
            {
              "Name": "provider",
              "Type": "IGameControllerProvider"
            }
          ]
        },
        {
          "Name": "OnGameControllerAdded",
          "ReturnType": "Void",
          "Parameters": [
            {
              "Name": "value",
              "Type": "IGameController"
            }
          ]
        },
        {
          "Name": "OnGameControllerRemoved",
          "ReturnType": "Void",
          "Parameters": [
            {
              "Name": "value",
              "Type": "IGameController"
            }
          ]
        }
      ]
    },
    {
      "Name": "Windows.Gaming.Input.Custom.IGameControllerInputSink",
      "Methods": [
        {
          "Name": "OnInputResumed",
          "ReturnType": "Void",
          "Parameters": [
            {
              "Name": "timestamp",
              "Type": "UInt64"
            }
          ]
        },
        {
          "Name": "OnInputSuspended",
          "ReturnType": "Void",
          "Parameters": [
            {
              "Name": "timestamp",
              "Type": "UInt64"
            }
          ]
        }
      ]
    },
    {
      "Name": "Windows.Gaming.Input.Custom.IGameControllerProvider",
      "Properties": [
        {
          "Name": "FirmwareVersionInfo",
          "Type": "GameControllerVersionInfo",
          "IsGet": true
        },
        {
          "Name": "HardwareProductId",
          "Type": "UInt16",
          "IsGet": true
        },
        {
          "Name": "HardwareVendorId",
          "Type": "UInt16",
          "IsGet": true
        },
        {
          "Name": "HardwareVersionInfo",
          "Type": "GameControllerVersionInfo",
          "IsGet": true
        },
        {
          "Name": "IsConnected",
          "Type": "Boolean",
          "IsGet": true
        }
      ]
    },
    {
      "Name": "Windows.Gaming.Input.Custom.IGipGameControllerInputSink",
      "Interfaces": [
        "IGameControllerInputSink"
      ],
      "Methods": [
        {
          "Name": "OnKeyReceived",
          "ReturnType": "Void",
          "Parameters": [
            {
              "Name": "timestamp",
              "Type": "UInt64"
            },
            {
              "Name": "keyCode",
              "Type": "Byte"
            },
            {
              "Name": "isPressed",
              "Type": "Boolean"
            }
          ]
        },
        {
          "Name": "OnMessageReceived",
          "ReturnType": "Void",
          "Parameters": [
            {
              "Name": "timestamp",
              "Type": "UInt64"
            },
            {
              "Name": "messageClass",
              "Type": "GipMessageClass"
            },
            {
              "Name": "messageId",
              "Type": "Byte"
            },
            {
              "Name": "sequenceId",
              "Type": "Byte"
            },
            {
              "Name": "messageBuffer",
              "Type": "Byte[]"
            }
          ]
        }
      ]
    },
    {
      "Name": "Windows.Gaming.Input.Custom.IHidGameControllerInputSink",
      "Interfaces": [
        "IGameControllerInputSink"
      ],
      "Methods": [
        {
          "Name": "OnInputReportReceived",
          "ReturnType": "Void",
          "Parameters": [
            {
              "Name": "timestamp",
              "Type": "UInt64"
            },
            {
              "Name": "reportId",
              "Type": "Byte"
            },
            {
              "Name": "reportBuffer",
              "Type": "Byte[]"
            }
          ]
        }
      ]
    },
    {
      "Name": "Windows.Gaming.Input.Custom.IXusbGameControllerInputSink",
      "Interfaces": [
        "IGameControllerInputSink"
      ],
      "Methods": [
        {
          "Name": "OnInputReceived",
          "ReturnType": "Void",
          "Parameters": [
            {
              "Name": "timestamp",
              "Type": "UInt64"
            },
            {
              "Name": "reportId",
              "Type": "Byte"
            },
            {
              "Name": "inputBuffer",
              "Type": "Byte[]"
            }
          ]
        }
      ]
    },
    {
      "Name": "Windows.Gaming.Input.ForceFeedback.IForceFeedbackEffect",
      "Properties": [
        {
          "Name": "Gain",
          "Type": "Double",
          "IsGet": true,
          "IsSet": true
        },
        {
          "Name": "State",
          "Type": "ForceFeedbackEffectState",
          "IsGet": true
        }
      ],
      "Methods": [
        {
          "Name": "Start",
          "ReturnType": "Void"
        },
        {
          "Name": "Stop",
          "ReturnType": "Void"
        }
      ]
    },
    {
      "Name": "Windows.Gaming.Input.IGameController",
      "Properties": [
        {
          "Name": "Headset",
          "Type": "Headset",
          "IsGet": true
        },
        {
          "Name": "IsWireless",
          "Type": "Boolean",
          "IsGet": true
        },
        {
          "Name": "User",
          "Type": "User",
          "IsGet": true
        }
      ],
      "Events": [
        {
          "Name": "HeadsetConnected",
          "Type": "TypedEventHandler<IGameController,Headset>"
        },
        {
          "Name": "HeadsetDisconnected",
          "Type": "TypedEventHandler<IGameController,Headset>"
        },
        {
          "Name": "UserChanged",
          "Type": "TypedEventHandler<IGameController,UserChangedEventArgs>"
        }
      ]
    },
    {
      "Name": "Windows.Gaming.Input.IGameControllerBatteryInfo",
      "Methods": [
        {
          "Name": "TryGetBatteryReport",
          "ReturnType": "BatteryReport"
        }
      ]
    },
    {
      "Name": "Windows.Gaming.Preview.GamesEnumeration.IGameListEntry",
      "Properties": [
        {
          "Name": "Category",
          "Type": "GameListCategory",
          "IsGet": true
        },
        {
          "Name": "DisplayInfo",
          "Type": "AppDisplayInfo",
          "IsGet": true
        },
        {
          "Name": "Properties",
          "Type": "IReadOnlyDictionary<String,Object>",
          "IsGet": true
        }
      ],
      "Methods": [
        {
          "Name": "LaunchAsync",
          "ReturnType": "IAsyncOperation<Boolean>"
        },
        {
          "Name": "SetCategoryAsync",
          "ReturnType": "IAsyncAction",
          "Parameters": [
            {
              "Name": "value",
              "Type": "GameListCategory"
            }
          ]
        }
      ]
    }
  ],
  "Structs": [
    {
      "Name": "Windows.Gaming.Input.ArcadeStickReading",
      "Fields": [
        {
          "Name": "Timestamp",
          "Type": "UInt64"
        },
        {
          "Name": "Buttons",
          "Type": "ArcadeStickButtons"
        }
      ]
    },
    {
      "Name": "Windows.Gaming.Input.Custom.GameControllerVersionInfo",
      "Fields": [
        {
          "Name": "Major",
          "Type": "UInt16"
        },
        {
          "Name": "Minor",
          "Type": "UInt16"
        },
        {
          "Name": "Build",
          "Type": "UInt16"
        },
        {
          "Name": "Revision",
          "Type": "UInt16"
        }
      ]
    },
    {
      "Name": "Windows.Gaming.Input.Custom.GipFirmwareUpdateProgress",
      "Fields": [
        {
          "Name": "PercentCompleted",
          "Type": "Double"
        },
        {
          "Name": "CurrentComponentId",
          "Type": "UInt32"
        }
      ]
    },
    {
      "Name": "Windows.Gaming.Input.FlightStickReading",
      "Fields": [
        {
          "Name": "Timestamp",
          "Type": "UInt64"
        },
        {
          "Name": "Buttons",
          "Type": "FlightStickButtons"
        },
        {
          "Name": "HatSwitch",
          "Type": "GameControllerSwitchPosition"
        },
        {
          "Name": "Roll",
          "Type": "Double"
        },
        {
          "Name": "Pitch",
          "Type": "Double"
        },
        {
          "Name": "Yaw",
          "Type": "Double"
        },
        {
          "Name": "Throttle",
          "Type": "Double"
        }
      ]
    },
    {
      "Name": "Windows.Gaming.Input.GamepadReading",
      "Fields": [
        {
          "Name": "Timestamp",
          "Type": "UInt64"
        },
        {
          "Name": "Buttons",
          "Type": "GamepadButtons"
        },
        {
          "Name": "LeftTrigger",
          "Type": "Double"
        },
        {
          "Name": "RightTrigger",
          "Type": "Double"
        },
        {
          "Name": "LeftThumbstickX",
          "Type": "Double"
        },
        {
          "Name": "LeftThumbstickY",
          "Type": "Double"
        },
        {
          "Name": "RightThumbstickX",
          "Type": "Double"
        },
        {
          "Name": "RightThumbstickY",
          "Type": "Double"
        }
      ]
    },
    {
      "Name": "Windows.Gaming.Input.GamepadVibration",
      "Fields": [
        {
          "Name": "LeftMotor",
          "Type": "Double"
        },
        {
          "Name": "RightMotor",
          "Type": "Double"
        },
        {
          "Name": "LeftTrigger",
          "Type": "Double"
        },
        {
          "Name": "RightTrigger",
          "Type": "Double"
        }
      ]
    },
    {
      "Name": "Windows.Gaming.Input.GamingInputPreviewContract"
    },
    {
      "Name": "Windows.Gaming.Input.RacingWheelReading",
      "Fields": [
        {
          "Name": "Timestamp",
          "Type": "UInt64"
        },
        {
          "Name": "Buttons",
          "Type": "RacingWheelButtons"
        },
        {
          "Name": "PatternShifterGear",
          "Type": "Int32"
        },
        {
          "Name": "Wheel",
          "Type": "Double"
        },
        {
          "Name": "Throttle",
          "Type": "Double"
        },
        {
          "Name": "Brake",
          "Type": "Double"
        },
        {
          "Name": "Clutch",
          "Type": "Double"
        },
        {
          "Name": "Handbrake",
          "Type": "Double"
        }
      ]
    },
    {
      "Name": "Windows.Gaming.Input.UINavigationReading",
      "Fields": [
        {
          "Name": "Timestamp",
          "Type": "UInt64"
        },
        {
          "Name": "RequiredButtons",
          "Type": "RequiredUINavigationButtons"
        },
        {
          "Name": "OptionalButtons",
          "Type": "OptionalUINavigationButtons"
        }
      ]
    },
    {
      "Name": "Windows.Gaming.Preview.GamesEnumerationContract"
    },
    {
      "Name": "Windows.Gaming.UI.GameChatOverlayContract"
    },
    {
      "Name": "Windows.Gaming.UI.GamingUIProviderContract"
    },
    {
      "Name": "Windows.Gaming.XboxLive.StorageApiContract"
    }
  ],
  "Classes": [
    {
      "Name": "Windows.Gaming.Input.ArcadeStick",
      "IsSealed": true,
      "Interfaces": [
        "IGameController",
        "IGameControllerBatteryInfo"
      ],
      "Properties": [
        {
          "Name": "Headset",
          "Type": "Headset",
          "IsGet": true
        },
        {
          "Name": "IsWireless",
          "Type": "Boolean",
          "IsGet": true
        },
        {
          "Name": "User",
          "Type": "User",
          "IsGet": true
        },
        {
          "Name": "ArcadeSticks",
          "Type": "IReadOnlyList<ArcadeStick>",
          "IsStatic": true,
          "IsGet": true
        }
      ],
      "Methods": [
        {
          "Name": "GetButtonLabel",
          "ReturnType": "GameControllerButtonLabel",
          "Parameters": [
            {
              "Name": "button",
              "Type": "ArcadeStickButtons"
            }
          ]
        },
        {
          "Name": "GetCurrentReading",
          "ReturnType": "ArcadeStickReading"
        },
        {
          "Name": "TryGetBatteryReport",
          "ReturnType": "BatteryReport"
        },
        {
          "Name": "FromGameController",
          "IsStatic": true,
          "ReturnType": "ArcadeStick",
          "Parameters": [
            {
              "Name": "gameController",
              "Type": "IGameController"
            }
          ]
        }
      ],
      "Events": [
        {
          "Name": "HeadsetConnected",
          "Type": "TypedEventHandler<IGameController,Headset>"
        },
        {
          "Name": "HeadsetDisconnected",
          "Type": "TypedEventHandler<IGameController,Headset>"
        },
        {
          "Name": "UserChanged",
          "Type": "TypedEventHandler<IGameController,UserChangedEventArgs>"
        },
        {
          "Name": "ArcadeStickAdded",
          "Type": "EventHandler<ArcadeStick>",
          "IsStatic": true
        },
        {
          "Name": "ArcadeStickRemoved",
          "Type": "EventHandler<ArcadeStick>",
          "IsStatic": true
        }
      ]
    },
    {
      "Name": "Windows.Gaming.Input.Custom.GameControllerFactoryManager",
      "IsStatic": true,
      "Methods": [
        {
          "Name": "TryGetFactoryControllerFromGameController",
          "IsStatic": true,
          "ReturnType": "IGameController",
          "Parameters": [
            {
              "Name": "factory",
              "Type": "ICustomGameControllerFactory"
            },
            {
              "Name": "gameController",
              "Type": "IGameController"
            }
          ]
        },
        {
          "Name": "RegisterCustomFactoryForGipInterface",
          "IsStatic": true,
          "ReturnType": "Void",
          "Parameters": [
            {
              "Name": "factory",
              "Type": "ICustomGameControllerFactory"
            },
            {
              "Name": "interfaceId",
              "Type": "Guid"
            }
          ]
        },
        {
          "Name": "RegisterCustomFactoryForHardwareId",
          "IsStatic": true,
          "ReturnType": "Void",
          "Parameters": [
            {
              "Name": "factory",
              "Type": "ICustomGameControllerFactory"
            },
            {
              "Name": "hardwareVendorId",
              "Type": "UInt16"
            },
            {
              "Name": "hardwareProductId",
              "Type": "UInt16"
            }
          ]
        },
        {
          "Name": "RegisterCustomFactoryForXusbType",
          "IsStatic": true,
          "ReturnType": "Void",
          "Parameters": [
            {
              "Name": "factory",
              "Type": "ICustomGameControllerFactory"
            },
            {
              "Name": "xusbType",
              "Type": "XusbDeviceType"
            },
            {
              "Name": "xusbSubtype",
              "Type": "XusbDeviceSubtype"
            }
          ]
        }
      ]
    },
    {
      "Name": "Windows.Gaming.Input.Custom.GipFirmwareUpdateResult",
      "IsSealed": true,
      "Properties": [
        {
          "Name": "ExtendedErrorCode",
          "Type": "UInt32",
          "IsGet": true
        },
        {
          "Name": "FinalComponentId",
          "Type": "UInt32",
          "IsGet": true
        },
        {
          "Name": "Status",
          "Type": "GipFirmwareUpdateStatus",
          "IsGet": true
        }
      ]
    },
    {
      "Name": "Windows.Gaming.Input.Custom.GipGameControllerProvider",
      "IsSealed": true,
      "Interfaces": [
        "IGameControllerProvider"
      ],
      "Properties": [
        {
          "Name": "FirmwareVersionInfo",
          "Type": "GameControllerVersionInfo",
          "IsGet": true
        },
        {
          "Name": "HardwareProductId",
          "Type": "UInt16",
          "IsGet": true
        },
        {
          "Name": "HardwareVendorId",
          "Type": "UInt16",
          "IsGet": true
        },
        {
          "Name": "HardwareVersionInfo",
          "Type": "GameControllerVersionInfo",
          "IsGet": true
        },
        {
          "Name": "IsConnected",
          "Type": "Boolean",
          "IsGet": true
        }
      ],
      "Methods": [
        {
          "Name": "SendMessage",
          "ReturnType": "Void",
          "Parameters": [
            {
              "Name": "messageClass",
              "Type": "GipMessageClass"
            },
            {
              "Name": "messageId",
              "Type": "Byte"
            },
            {
              "Name": "messageBuffer",
              "Type": "Byte[]"
            }
          ]
        },
        {
          "Name": "SendReceiveMessage",
          "ReturnType": "Void",
          "Parameters": [
            {
              "Name": "messageClass",
              "Type": "GipMessageClass"
            },
            {
              "Name": "messageId",
              "Type": "Byte"
            },
            {
              "Name": "requestMessageBuffer",
              "Type": "Byte[]"
            },
            {
              "Name": "responseMessageBuffer",
              "Type": "Byte[]",
              "Out": true
            }
          ]
        },
        {
          "Name": "UpdateFirmwareAsync",
          "ReturnType": "IAsyncOperationWithProgress<GipFirmwareUpdateResult,GipFirmwareUpdateProgress>",
          "Parameters": [
            {
              "Name": "firmwareImage",
              "Type": "IInputStream"
            }
          ]
        }
      ]
    },
    {
      "Name": "Windows.Gaming.Input.Custom.HidGameControllerProvider",
      "IsSealed": true,
      "Interfaces": [
        "IGameControllerProvider"
      ],
      "Properties": [
        {
          "Name": "FirmwareVersionInfo",
          "Type": "GameControllerVersionInfo",
          "IsGet": true
        },
        {
          "Name": "HardwareProductId",
          "Type": "UInt16",
          "IsGet": true
        },
        {
          "Name": "HardwareVendorId",
          "Type": "UInt16",
          "IsGet": true
        },
        {
          "Name": "HardwareVersionInfo",
          "Type": "GameControllerVersionInfo",
          "IsGet": true
        },
        {
          "Name": "IsConnected",
          "Type": "Boolean",
          "IsGet": true
        },
        {
          "Name": "UsageId",
          "Type": "UInt16",
          "IsGet": true
        },
        {
          "Name": "UsagePage",
          "Type": "UInt16",
          "IsGet": true
        }
      ],
      "Methods": [
        {
          "Name": "GetFeatureReport",
          "ReturnType": "Void",
          "Parameters": [
            {
              "Name": "reportId",
              "Type": "Byte"
            },
            {
              "Name": "reportBuffer",
              "Type": "Byte[]",
              "Out": true
            }
          ]
        },
        {
          "Name": "SendFeatureReport",
          "ReturnType": "Void",
          "Parameters": [
            {
              "Name": "reportId",
              "Type": "Byte"
            },
            {
              "Name": "reportBuffer",
              "Type": "Byte[]"
            }
          ]
        },
        {
          "Name": "SendOutputReport",
          "ReturnType": "Void",
          "Parameters": [
            {
              "Name": "reportId",
              "Type": "Byte"
            },
            {
              "Name": "reportBuffer",
              "Type": "Byte[]"
            }
          ]
        }
      ]
    },
    {
      "Name": "Windows.Gaming.Input.Custom.XusbGameControllerProvider",
      "IsSealed": true,
      "Interfaces": [
        "IGameControllerProvider"
      ],
      "Properties": [
        {
          "Name": "FirmwareVersionInfo",
          "Type": "GameControllerVersionInfo",
          "IsGet": true
        },
        {
          "Name": "HardwareProductId",
          "Type": "UInt16",
          "IsGet": true
        },
        {
          "Name": "HardwareVendorId",
          "Type": "UInt16",
          "IsGet": true
        },
        {
          "Name": "HardwareVersionInfo",
          "Type": "GameControllerVersionInfo",
          "IsGet": true
        },
        {
          "Name": "IsConnected",
          "Type": "Boolean",
          "IsGet": true
        }
      ],
      "Methods": [
        {
          "Name": "SetVibration",
          "ReturnType": "Void",
          "Parameters": [
            {
              "Name": "lowFrequencyMotorSpeed",
              "Type": "Double"
            },
            {
              "Name": "highFrequencyMotorSpeed",
              "Type": "Double"
            }
          ]
        }
      ]
    },
    {
      "Name": "Windows.Gaming.Input.FlightStick",
      "IsSealed": true,
      "Interfaces": [
        "IGameController",
        "IGameControllerBatteryInfo"
      ],
      "Properties": [
        {
          "Name": "HatSwitchKind",
          "Type": "GameControllerSwitchKind",
          "IsGet": true
        },
        {
          "Name": "Headset",
          "Type": "Headset",
          "IsGet": true
        },
        {
          "Name": "IsWireless",
          "Type": "Boolean",
          "IsGet": true
        },
        {
          "Name": "User",
          "Type": "User",
          "IsGet": true
        },
        {
          "Name": "FlightSticks",
          "Type": "IReadOnlyList<FlightStick>",
          "IsStatic": true,
          "IsGet": true
        }
      ],
      "Methods": [
        {
          "Name": "GetButtonLabel",
          "ReturnType": "GameControllerButtonLabel",
          "Parameters": [
            {
              "Name": "button",
              "Type": "FlightStickButtons"
            }
          ]
        },
        {
          "Name": "GetCurrentReading",
          "ReturnType": "FlightStickReading"
        },
        {
          "Name": "TryGetBatteryReport",
          "ReturnType": "BatteryReport"
        },
        {
          "Name": "FromGameController",
          "IsStatic": true,
          "ReturnType": "FlightStick",
          "Parameters": [
            {
              "Name": "gameController",
              "Type": "IGameController"
            }
          ]
        }
      ],
      "Events": [
        {
          "Name": "HeadsetConnected",
          "Type": "TypedEventHandler<IGameController,Headset>"
        },
        {
          "Name": "HeadsetDisconnected",
          "Type": "TypedEventHandler<IGameController,Headset>"
        },
        {
          "Name": "UserChanged",
          "Type": "TypedEventHandler<IGameController,UserChangedEventArgs>"
        },
        {
          "Name": "FlightStickAdded",
          "Type": "EventHandler<FlightStick>",
          "IsStatic": true
        },
        {
          "Name": "FlightStickRemoved",
          "Type": "EventHandler<FlightStick>",
          "IsStatic": true
        }
      ]
    },
    {
      "Name": "Windows.Gaming.Input.ForceFeedback.ConditionForceEffect",
      "IsSealed": true,
      "Interfaces": [
        "IForceFeedbackEffect"
      ],
      "Constructors": [
        {
          "Parameters": [
            {
              "Name": "effectKind",
              "Type": "ConditionForceEffectKind"
            }
          ]
        }
      ],
      "Properties": [
        {
          "Name": "Kind",
          "Type": "ConditionForceEffectKind",
          "IsGet": true
        },
        {
          "Name": "Gain",
          "Type": "Double",
          "IsGet": true,
          "IsSet": true
        },
        {
          "Name": "State",
          "Type": "ForceFeedbackEffectState",
          "IsGet": true
        }
      ],
      "Methods": [
        {
          "Name": "Start",
          "ReturnType": "Void"
        },
        {
          "Name": "Stop",
          "ReturnType": "Void"
        },
        {
          "Name": "SetParameters",
          "ReturnType": "Void",
          "Parameters": [
            {
              "Name": "direction",
              "Type": "Vector3"
            },
            {
              "Name": "positiveCoefficient",
              "Type": "Single"
            },
            {
              "Name": "negativeCoefficient",
              "Type": "Single"
            },
            {
              "Name": "maxPositiveMagnitude",
              "Type": "Single"
            },
            {
              "Name": "maxNegativeMagnitude",
              "Type": "Single"
            },
            {
              "Name": "deadZone",
              "Type": "Single"
            },
            {
              "Name": "bias",
              "Type": "Single"
            }
          ]
        }
      ]
    },
    {
      "Name": "Windows.Gaming.Input.ForceFeedback.ConstantForceEffect",
      "IsSealed": true,
      "Interfaces": [
        "IForceFeedbackEffect"
      ],
      "Properties": [
        {
          "Name": "Gain",
          "Type": "Double",
          "IsGet": true,
          "IsSet": true
        },
        {
          "Name": "State",
          "Type": "ForceFeedbackEffectState",
          "IsGet": true
        }
      ],
      "Methods": [
        {
          "Name": "Start",
          "ReturnType": "Void"
        },
        {
          "Name": "Stop",
          "ReturnType": "Void"
        },
        {
          "Name": "SetParameters",
          "ReturnType": "Void",
          "Parameters": [
            {
              "Name": "vector",
              "Type": "Vector3"
            },
            {
              "Name": "duration",
              "Type": "TimeSpan"
            }
          ]
        },
        {
          "Name": "SetParametersWithEnvelope",
          "ReturnType": "Void",
          "Parameters": [
            {
              "Name": "vector",
              "Type": "Vector3"
            },
            {
              "Name": "attackGain",
              "Type": "Single"
            },
            {
              "Name": "sustainGain",
              "Type": "Single"
            },
            {
              "Name": "releaseGain",
              "Type": "Single"
            },
            {
              "Name": "startDelay",
              "Type": "TimeSpan"
            },
            {
              "Name": "attackDuration",
              "Type": "TimeSpan"
            },
            {
              "Name": "sustainDuration",
              "Type": "TimeSpan"
            },
            {
              "Name": "releaseDuration",
              "Type": "TimeSpan"
            },
            {
              "Name": "repeatCount",
              "Type": "UInt32"
            }
          ]
        }
      ]
    },
    {
      "Name": "Windows.Gaming.Input.ForceFeedback.ForceFeedbackMotor",
      "IsSealed": true,
      "Properties": [
        {
          "Name": "MasterGain",
          "Type": "Double",
          "IsGet": true,
          "IsSet": true
        },
        {
          "Name": "AreEffectsPaused",
          "Type": "Boolean",
          "IsGet": true
        },
        {
          "Name": "IsEnabled",
          "Type": "Boolean",
          "IsGet": true
        },
        {
          "Name": "SupportedAxes",
          "Type": "ForceFeedbackEffectAxes",
          "IsGet": true
        }
      ],
      "Methods": [
        {
          "Name": "LoadEffectAsync",
          "ReturnType": "IAsyncOperation<ForceFeedbackLoadEffectResult>",
          "Parameters": [
            {
              "Name": "effect",
              "Type": "IForceFeedbackEffect"
            }
          ]
        },
        {
          "Name": "PauseAllEffects",
          "ReturnType": "Void"
        },
        {
          "Name": "ResumeAllEffects",
          "ReturnType": "Void"
        },
        {
          "Name": "StopAllEffects",
          "ReturnType": "Void"
        },
        {
          "Name": "TryDisableAsync",
          "ReturnType": "IAsyncOperation<Boolean>"
        },
        {
          "Name": "TryEnableAsync",
          "ReturnType": "IAsyncOperation<Boolean>"
        },
        {
          "Name": "TryResetAsync",
          "ReturnType": "IAsyncOperation<Boolean>"
        },
        {
          "Name": "TryUnloadEffectAsync",
          "ReturnType": "IAsyncOperation<Boolean>",
          "Parameters": [
            {
              "Name": "effect",
              "Type": "IForceFeedbackEffect"
            }
          ]
        }
      ]
    },
    {
      "Name": "Windows.Gaming.Input.ForceFeedback.PeriodicForceEffect",
      "IsSealed": true,
      "Interfaces": [
        "IForceFeedbackEffect"
      ],
      "Constructors": [
        {
          "Parameters": [
            {
              "Name": "effectKind",
              "Type": "PeriodicForceEffectKind"
            }
          ]
        }
      ],
      "Properties": [
        {
          "Name": "Gain",
          "Type": "Double",
          "IsGet": true,
          "IsSet": true
        },
        {
          "Name": "State",
          "Type": "ForceFeedbackEffectState",
          "IsGet": true
        },
        {
          "Name": "Kind",
          "Type": "PeriodicForceEffectKind",
          "IsGet": true
        }
      ],
      "Methods": [
        {
          "Name": "Start",
          "ReturnType": "Void"
        },
        {
          "Name": "Stop",
          "ReturnType": "Void"
        },
        {
          "Name": "SetParameters",
          "ReturnType": "Void",
          "Parameters": [
            {
              "Name": "vector",
              "Type": "Vector3"
            },
            {
              "Name": "frequency",
              "Type": "Single"
            },
            {
              "Name": "phase",
              "Type": "Single"
            },
            {
              "Name": "bias",
              "Type": "Single"
            },
            {
              "Name": "duration",
              "Type": "TimeSpan"
            }
          ]
        },
        {
          "Name": "SetParametersWithEnvelope",
          "ReturnType": "Void",
          "Parameters": [
            {
              "Name": "vector",
              "Type": "Vector3"
            },
            {
              "Name": "frequency",
              "Type": "Single"
            },
            {
              "Name": "phase",
              "Type": "Single"
            },
            {
              "Name": "bias",
              "Type": "Single"
            },
            {
              "Name": "attackGain",
              "Type": "Single"
            },
            {
              "Name": "sustainGain",
              "Type": "Single"
            },
            {
              "Name": "releaseGain",
              "Type": "Single"
            },
            {
              "Name": "startDelay",
              "Type": "TimeSpan"
            },
            {
              "Name": "attackDuration",
              "Type": "TimeSpan"
            },
            {
              "Name": "sustainDuration",
              "Type": "TimeSpan"
            },
            {
              "Name": "releaseDuration",
              "Type": "TimeSpan"
            },
            {
              "Name": "repeatCount",
              "Type": "UInt32"
            }
          ]
        }
      ]
    },
    {
      "Name": "Windows.Gaming.Input.ForceFeedback.RampForceEffect",
      "IsSealed": true,
      "Interfaces": [
        "IForceFeedbackEffect"
      ],
      "Properties": [
        {
          "Name": "Gain",
          "Type": "Double",
          "IsGet": true,
          "IsSet": true
        },
        {
          "Name": "State",
          "Type": "ForceFeedbackEffectState",
          "IsGet": true
        }
      ],
      "Methods": [
        {
          "Name": "Start",
          "ReturnType": "Void"
        },
        {
          "Name": "Stop",
          "ReturnType": "Void"
        },
        {
          "Name": "SetParameters",
          "ReturnType": "Void",
          "Parameters": [
            {
              "Name": "startVector",
              "Type": "Vector3"
            },
            {
              "Name": "endVector",
              "Type": "Vector3"
            },
            {
              "Name": "duration",
              "Type": "TimeSpan"
            }
          ]
        },
        {
          "Name": "SetParametersWithEnvelope",
          "ReturnType": "Void",
          "Parameters": [
            {
              "Name": "startVector",
              "Type": "Vector3"
            },
            {
              "Name": "endVector",
              "Type": "Vector3"
            },
            {
              "Name": "attackGain",
              "Type": "Single"
            },
            {
              "Name": "sustainGain",
              "Type": "Single"
            },
            {
              "Name": "releaseGain",
              "Type": "Single"
            },
            {
              "Name": "startDelay",
              "Type": "TimeSpan"
            },
            {
              "Name": "attackDuration",
              "Type": "TimeSpan"
            },
            {
              "Name": "sustainDuration",
              "Type": "TimeSpan"
            },
            {
              "Name": "releaseDuration",
              "Type": "TimeSpan"
            },
            {
              "Name": "repeatCount",
              "Type": "UInt32"
            }
          ]
        }
      ]
    },
    {
      "Name": "Windows.Gaming.Input.Gamepad",
      "IsSealed": true,
      "Interfaces": [
        "IGameController",
        "IGameControllerBatteryInfo"
      ],
      "Properties": [
        {
          "Name": "Headset",
          "Type": "Headset",
          "IsGet": true
        },
        {
          "Name": "IsWireless",
          "Type": "Boolean",
          "IsGet": true
        },
        {
          "Name": "User",
          "Type": "User",
          "IsGet": true
        },
        {
          "Name": "Vibration",
          "Type": "GamepadVibration",
          "IsGet": true,
          "IsSet": true
        },
        {
          "Name": "Gamepads",
          "Type": "IReadOnlyList<Gamepad>",
          "IsStatic": true,
          "IsGet": true
        }
      ],
      "Methods": [
        {
          "Name": "GetCurrentReading",
          "ReturnType": "GamepadReading"
        },
        {
          "Name": "GetButtonLabel",
          "ReturnType": "GameControllerButtonLabel",
          "Parameters": [
            {
              "Name": "button",
              "Type": "GamepadButtons"
            }
          ]
        },
        {
          "Name": "TryGetBatteryReport",
          "ReturnType": "BatteryReport"
        },
        {
          "Name": "FromGameController",
          "IsStatic": true,
          "ReturnType": "Gamepad",
          "Parameters": [
            {
              "Name": "gameController",
              "Type": "IGameController"
            }
          ]
        }
      ],
      "Events": [
        {
          "Name": "HeadsetConnected",
          "Type": "TypedEventHandler<IGameController,Headset>"
        },
        {
          "Name": "HeadsetDisconnected",
          "Type": "TypedEventHandler<IGameController,Headset>"
        },
        {
          "Name": "UserChanged",
          "Type": "TypedEventHandler<IGameController,UserChangedEventArgs>"
        },
        {
          "Name": "GamepadAdded",
          "Type": "EventHandler<Gamepad>",
          "IsStatic": true
        },
        {
          "Name": "GamepadRemoved",
          "Type": "EventHandler<Gamepad>",
          "IsStatic": true
        }
      ]
    },
    {
      "Name": "Windows.Gaming.Input.Headset",
      "IsSealed": true,
      "Interfaces": [
        "IGameControllerBatteryInfo"
      ],
      "Properties": [
        {
          "Name": "CaptureDeviceId",
          "Type": "String",
          "IsGet": true
        },
        {
          "Name": "RenderDeviceId",
          "Type": "String",
          "IsGet": true
        }
      ],
      "Methods": [
        {
          "Name": "TryGetBatteryReport",
          "ReturnType": "BatteryReport"
        }
      ]
    },
    {
      "Name": "Windows.Gaming.Input.Preview.GameControllerProviderInfo",
      "IsStatic": true,
      "Methods": [
        {
          "Name": "GetParentProviderId",
          "IsStatic": true,
          "ReturnType": "String",
          "Parameters": [
            {
              "Name": "provider",
              "Type": "IGameControllerProvider"
            }
          ]
        },
        {
          "Name": "GetProviderId",
          "IsStatic": true,
          "ReturnType": "String",
          "Parameters": [
            {
              "Name": "provider",
              "Type": "IGameControllerProvider"
            }
          ]
        }
      ]
    },
    {
      "Name": "Windows.Gaming.Input.RacingWheel",
      "IsSealed": true,
      "Interfaces": [
        "IGameController",
        "IGameControllerBatteryInfo"
      ],
      "Properties": [
        {
          "Name": "Headset",
          "Type": "Headset",
          "IsGet": true
        },
        {
          "Name": "IsWireless",
          "Type": "Boolean",
          "IsGet": true
        },
        {
          "Name": "User",
          "Type": "User",
          "IsGet": true
        },
        {
          "Name": "HasClutch",
          "Type": "Boolean",
          "IsGet": true
        },
        {
          "Name": "HasHandbrake",
          "Type": "Boolean",
          "IsGet": true
        },
        {
          "Name": "HasPatternShifter",
          "Type": "Boolean",
          "IsGet": true
        },
        {
          "Name": "MaxPatternShifterGear",
          "Type": "Int32",
          "IsGet": true
        },
        {
          "Name": "MaxWheelAngle",
          "Type": "Double",
          "IsGet": true
        },
        {
          "Name": "WheelMotor",
          "Type": "ForceFeedbackMotor",
          "IsGet": true
        },
        {
          "Name": "RacingWheels",
          "Type": "IReadOnlyList<RacingWheel>",
          "IsStatic": true,
          "IsGet": true
        }
      ],
      "Methods": [
        {
          "Name": "GetButtonLabel",
          "ReturnType": "GameControllerButtonLabel",
          "Parameters": [
            {
              "Name": "button",
              "Type": "RacingWheelButtons"
            }
          ]
        },
        {
          "Name": "GetCurrentReading",
          "ReturnType": "RacingWheelReading"
        },
        {
          "Name": "TryGetBatteryReport",
          "ReturnType": "BatteryReport"
        },
        {
          "Name": "FromGameController",
          "IsStatic": true,
          "ReturnType": "RacingWheel",
          "Parameters": [
            {
              "Name": "gameController",
              "Type": "IGameController"
            }
          ]
        }
      ],
      "Events": [
        {
          "Name": "HeadsetConnected",
          "Type": "TypedEventHandler<IGameController,Headset>"
        },
        {
          "Name": "HeadsetDisconnected",
          "Type": "TypedEventHandler<IGameController,Headset>"
        },
        {
          "Name": "UserChanged",
          "Type": "TypedEventHandler<IGameController,UserChangedEventArgs>"
        },
        {
          "Name": "RacingWheelAdded",
          "Type": "EventHandler<RacingWheel>",
          "IsStatic": true
        },
        {
          "Name": "RacingWheelRemoved",
          "Type": "EventHandler<RacingWheel>",
          "IsStatic": true
        }
      ]
    },
    {
      "Name": "Windows.Gaming.Input.RawGameController",
      "IsSealed": true,
      "Interfaces": [
        "IGameController",
        "IGameControllerBatteryInfo"
      ],
      "Properties": [
        {
          "Name": "Headset",
          "Type": "Headset",
          "IsGet": true
        },
        {
          "Name": "IsWireless",
          "Type": "Boolean",
          "IsGet": true
        },
        {
          "Name": "User",
          "Type": "User",
          "IsGet": true
        },
        {
          "Name": "AxisCount",
          "Type": "Int32",
          "IsGet": true
        },
        {
          "Name": "ButtonCount",
          "Type": "Int32",
          "IsGet": true
        },
        {
          "Name": "ForceFeedbackMotors",
          "Type": "IReadOnlyList<ForceFeedbackMotor>",
          "IsGet": true
        },
        {
          "Name": "HardwareProductId",
          "Type": "UInt16",
          "IsGet": true
        },
        {
          "Name": "HardwareVendorId",
          "Type": "UInt16",
          "IsGet": true
        },
        {
          "Name": "SwitchCount",
          "Type": "Int32",
          "IsGet": true
        },
        {
          "Name": "DisplayName",
          "Type": "String",
          "IsGet": true
        },
        {
          "Name": "NonRoamableId",
          "Type": "String",
          "IsGet": true
        },
        {
          "Name": "SimpleHapticsControllers",
          "Type": "IReadOnlyList<SimpleHapticsController>",
          "IsGet": true
        },
        {
          "Name": "RawGameControllers",
          "Type": "IReadOnlyList<RawGameController>",
          "IsStatic": true,
          "IsGet": true
        }
      ],
      "Methods": [
        {
          "Name": "GetButtonLabel",
          "ReturnType": "GameControllerButtonLabel",
          "Parameters": [
            {
              "Name": "buttonIndex",
              "Type": "Int32"
            }
          ]
        },
        {
          "Name": "GetCurrentReading",
          "ReturnType": "UInt64",
          "Parameters": [
            {
              "Name": "buttonArray",
              "Type": "Boolean[]",
              "Out": true
            },
            {
              "Name": "switchArray",
              "Type": "GameControllerSwitchPosition[]",
              "Out": true
            },
            {
              "Name": "axisArray",
              "Type": "Double[]",
              "Out": true
            }
          ]
        },
        {
          "Name": "GetSwitchKind",
          "ReturnType": "GameControllerSwitchKind",
          "Parameters": [
            {
              "Name": "switchIndex",
              "Type": "Int32"
            }
          ]
        },
        {
          "Name": "TryGetBatteryReport",
          "ReturnType": "BatteryReport"
        },
        {
          "Name": "FromGameController",
          "IsStatic": true,
          "ReturnType": "RawGameController",
          "Parameters": [
            {
              "Name": "gameController",
              "Type": "IGameController"
            }
          ]
        }
      ],
      "Events": [
        {
          "Name": "HeadsetConnected",
          "Type": "TypedEventHandler<IGameController,Headset>"
        },
        {
          "Name": "HeadsetDisconnected",
          "Type": "TypedEventHandler<IGameController,Headset>"
        },
        {
          "Name": "UserChanged",
          "Type": "TypedEventHandler<IGameController,UserChangedEventArgs>"
        },
        {
          "Name": "RawGameControllerAdded",
          "Type": "EventHandler<RawGameController>",
          "IsStatic": true
        },
        {
          "Name": "RawGameControllerRemoved",
          "Type": "EventHandler<RawGameController>",
          "IsStatic": true
        }
      ]
    },
    {
      "Name": "Windows.Gaming.Input.UINavigationController",
      "IsSealed": true,
      "Interfaces": [
        "IGameController",
        "IGameControllerBatteryInfo"
      ],
      "Properties": [
        {
          "Name": "Headset",
          "Type": "Headset",
          "IsGet": true
        },
        {
          "Name": "IsWireless",
          "Type": "Boolean",
          "IsGet": true
        },
        {
          "Name": "User",
          "Type": "User",
          "IsGet": true
        },
        {
          "Name": "UINavigationControllers",
          "Type": "IReadOnlyList<UINavigationController>",
          "IsStatic": true,
          "IsGet": true
        }
      ],
      "Methods": [
        {
          "Name": "GetCurrentReading",
          "ReturnType": "UINavigationReading"
        },
        {
          "Name": "GetOptionalButtonLabel",
          "ReturnType": "GameControllerButtonLabel",
          "Parameters": [
            {
              "Name": "button",
              "Type": "OptionalUINavigationButtons"
            }
          ]
        },
        {
          "Name": "GetRequiredButtonLabel",
          "ReturnType": "GameControllerButtonLabel",
          "Parameters": [
            {
              "Name": "button",
              "Type": "RequiredUINavigationButtons"
            }
          ]
        },
        {
          "Name": "TryGetBatteryReport",
          "ReturnType": "BatteryReport"
        },
        {
          "Name": "FromGameController",
          "IsStatic": true,
          "ReturnType": "UINavigationController",
          "Parameters": [
            {
              "Name": "gameController",
              "Type": "IGameController"
            }
          ]
        }
      ],
      "Events": [
        {
          "Name": "HeadsetConnected",
          "Type": "TypedEventHandler<IGameController,Headset>"
        },
        {
          "Name": "HeadsetDisconnected",
          "Type": "TypedEventHandler<IGameController,Headset>"
        },
        {
          "Name": "UserChanged",
          "Type": "TypedEventHandler<IGameController,UserChangedEventArgs>"
        },
        {
          "Name": "UINavigationControllerAdded",
          "Type": "EventHandler<UINavigationController>",
          "IsStatic": true
        },
        {
          "Name": "UINavigationControllerRemoved",
          "Type": "EventHandler<UINavigationController>",
          "IsStatic": true
        }
      ]
    },
    {
      "Name": "Windows.Gaming.Preview.GamesEnumeration.GameList",
      "IsStatic": true,
      "Methods": [
        {
          "Name": "MergeEntriesAsync",
          "IsStatic": true,
          "ReturnType": "IAsyncOperation<GameListEntry>",
          "Parameters": [
            {
              "Name": "left",
              "Type": "GameListEntry"
            },
            {
              "Name": "right",
              "Type": "GameListEntry"
            }
          ]
        },
        {
          "Name": "UnmergeEntryAsync",
          "IsStatic": true,
          "ReturnType": "IAsyncOperation<IReadOnlyList<GameListEntry>>",
          "Parameters": [
            {
              "Name": "mergedEntry",
              "Type": "GameListEntry"
            }
          ]
        },
        {
          "Name": "FindAllAsync",
          "IsStatic": true,
          "ReturnType": "IAsyncOperation<IReadOnlyList<GameListEntry>>"
        },
        {
          "Name": "FindAllAsync",
          "IsStatic": true,
          "ReturnType": "IAsyncOperation<IReadOnlyList<GameListEntry>>",
          "Parameters": [
            {
              "Name": "packageFamilyName",
              "Type": "String"
            }
          ]
        }
      ],
      "Events": [
        {
          "Name": "GameAdded",
          "Type": "GameListChangedEventHandler",
          "IsStatic": true
        },
        {
          "Name": "GameRemoved",
          "Type": "GameListRemovedEventHandler",
          "IsStatic": true
        },
        {
          "Name": "GameUpdated",
          "Type": "GameListChangedEventHandler",
          "IsStatic": true
        }
      ]
    },
    {
      "Name": "Windows.Gaming.Preview.GamesEnumeration.GameListEntry",
      "IsSealed": true,
      "Interfaces": [
        "IGameListEntry"
      ],
      "Properties": [
        {
          "Name": "Category",
          "Type": "GameListCategory",
          "IsGet": true
        },
        {
          "Name": "DisplayInfo",
          "Type": "AppDisplayInfo",
          "IsGet": true
        },
        {
          "Name": "Properties",
          "Type": "IReadOnlyDictionary<String,Object>",
          "IsGet": true
        },
        {
          "Name": "GameModeConfiguration",
          "Type": "GameModeConfiguration",
          "IsGet": true
        },
        {
          "Name": "LaunchParameters",
          "Type": "String",
          "IsGet": true
        },
        {
          "Name": "LaunchableState",
          "Type": "GameListEntryLaunchableState",
          "IsGet": true
        },
        {
          "Name": "LauncherExecutable",
          "Type": "IStorageFile",
          "IsGet": true
        },
        {
          "Name": "TitleId",
          "Type": "String",
          "IsGet": true
        }
      ],
      "Methods": [
        {
          "Name": "LaunchAsync",
          "ReturnType": "IAsyncOperation<Boolean>"
        },
        {
          "Name": "SetCategoryAsync",
          "ReturnType": "IAsyncAction",
          "Parameters": [
            {
              "Name": "value",
              "Type": "GameListCategory"
            }
          ]
        },
        {
          "Name": "SetLauncherExecutableFileAsync",
          "ReturnType": "IAsyncAction",
          "Parameters": [
            {
              "Name": "executableFile",
              "Type": "IStorageFile"
            }
          ]
        },
        {
          "Name": "SetLauncherExecutableFileAsync",
          "ReturnType": "IAsyncAction",
          "Parameters": [
            {
              "Name": "executableFile",
              "Type": "IStorageFile"
            },
            {
              "Name": "launchParams",
              "Type": "String"
            }
          ]
        },
        {
          "Name": "SetTitleIdAsync",
          "ReturnType": "IAsyncAction",
          "Parameters": [
            {
              "Name": "id",
              "Type": "String"
            }
          ]
        }
      ]
    },
    {
      "Name": "Windows.Gaming.Preview.GamesEnumeration.GameModeConfiguration",
      "IsSealed": true,
      "Properties": [
        {
          "Name": "PercentGpuTimeAllocatedToGame",
          "Type": "Nullable<Int32>",
          "IsGet": true,
          "IsSet": true
        },
        {
          "Name": "PercentGpuMemoryAllocatedToSystemCompositor",
          "Type": "Nullable<Int32>",
          "IsGet": true,
          "IsSet": true
        },
        {
          "Name": "PercentGpuMemoryAllocatedToGame",
          "Type": "Nullable<Int32>",
          "IsGet": true,
          "IsSet": true
        },
        {
          "Name": "MaxCpuCount",
          "Type": "Nullable<Int32>",
          "IsGet": true,
          "IsSet": true
        },
        {
          "Name": "IsEnabled",
          "Type": "Boolean",
          "IsGet": true,
          "IsSet": true
        },
        {
          "Name": "CpuExclusivityMaskLow",
          "Type": "Nullable<Int32>",
          "IsGet": true,
          "IsSet": true
        },
        {
          "Name": "CpuExclusivityMaskHigh",
          "Type": "Nullable<Int32>",
          "IsGet": true,
          "IsSet": true
        },
        {
          "Name": "AffinitizeToExclusiveCpus",
          "Type": "Boolean",
          "IsGet": true,
          "IsSet": true
        },
        {
          "Name": "RelatedProcessNames",
          "Type": "IList<String>",
          "IsGet": true
        }
      ],
      "Methods": [
        {
          "Name": "SaveAsync",
          "ReturnType": "IAsyncAction"
        }
      ]
    },
    {
      "Name": "Windows.Gaming.Preview.GamesEnumeration.GameModeUserConfiguration",
      "IsSealed": true,
      "Properties": [
        {
          "Name": "GamingRelatedProcessNames",
          "Type": "IList<String>",
          "IsGet": true
        }
      ],
      "Methods": [
        {
          "Name": "SaveAsync",
          "ReturnType": "IAsyncAction"
        },
        {
          "Name": "GetDefault",
          "IsStatic": true,
          "ReturnType": "GameModeUserConfiguration"
        }
      ]
    },
    {
      "Name": "Windows.Gaming.UI.GameBar",
      "IsStatic": true,
      "Properties": [
        {
          "Name": "IsInputRedirected",
          "Type": "Boolean",
          "IsStatic": true,
          "IsGet": true
        },
        {
          "Name": "Visible",
          "Type": "Boolean",
          "IsStatic": true,
          "IsGet": true
        }
      ],
      "Events": [
        {
          "Name": "IsInputRedirectedChanged",
          "Type": "EventHandler<Object>",
          "IsStatic": true
        },
        {
          "Name": "VisibilityChanged",
          "Type": "EventHandler<Object>",
          "IsStatic": true
        }
      ]
    },
    {
      "Name": "Windows.Gaming.UI.GameChatMessageReceivedEventArgs",
      "IsSealed": true,
      "Properties": [
        {
          "Name": "AppDisplayName",
          "Type": "String",
          "IsGet": true
        },
        {
          "Name": "AppId",
          "Type": "String",
          "IsGet": true
        },
        {
          "Name": "Message",
          "Type": "String",
          "IsGet": true
        },
        {
          "Name": "Origin",
          "Type": "GameChatMessageOrigin",
          "IsGet": true
        },
        {
          "Name": "SenderName",
          "Type": "String",
          "IsGet": true
        }
      ]
    },
    {
      "Name": "Windows.Gaming.UI.GameChatOverlay",
      "IsSealed": true,
      "Properties": [
        {
          "Name": "DesiredPosition",
          "Type": "GameChatOverlayPosition",
          "IsGet": true,
          "IsSet": true
        }
      ],
      "Methods": [
        {
          "Name": "AddMessage",
          "ReturnType": "Void",
          "Parameters": [
            {
              "Name": "sender",
              "Type": "String"
            },
            {
              "Name": "message",
              "Type": "String"
            },
            {
              "Name": "origin",
              "Type": "GameChatMessageOrigin"
            }
          ]
        },
        {
          "Name": "GetDefault",
          "IsStatic": true,
          "ReturnType": "GameChatOverlay"
        }
      ]
    },
    {
      "Name": "Windows.Gaming.UI.GameChatOverlayMessageSource",
      "IsSealed": true,
      "Methods": [
        {
          "Name": "SetDelayBeforeClosingAfterMessageReceived",
          "ReturnType": "Void",
          "Parameters": [
            {
              "Name": "value",
              "Type": "TimeSpan"
            }
          ]
        }
      ],
      "Events": [
        {
          "Name": "MessageReceived",
          "Type": "TypedEventHandler<GameChatOverlayMessageSource,GameChatMessageReceivedEventArgs>"
        }
      ]
    },
    {
      "Name": "Windows.Gaming.UI.GameUIProviderActivatedEventArgs",
      "IsSealed": true,
      "Interfaces": [
        "IActivatedEventArgs"
      ],
      "Properties": [
        {
          "Name": "Kind",
          "Type": "ActivationKind",
          "IsGet": true
        },
        {
          "Name": "PreviousExecutionState",
          "Type": "ApplicationExecutionState",
          "IsGet": true
        },
        {
          "Name": "SplashScreen",
          "Type": "SplashScreen",
          "IsGet": true
        },
        {
          "Name": "GameUIArgs",
          "Type": "ValueSet",
          "IsGet": true
        }
      ],
      "Methods": [
        {
          "Name": "ReportCompleted",
          "ReturnType": "Void",
          "Parameters": [
            {
              "Name": "results",
              "Type": "ValueSet"
            }
          ]
        }
      ]
    },
    {
      "Name": "Windows.Gaming.XboxLive.Storage.GameSaveBlobGetResult",
      "IsSealed": true,
      "Properties": [
        {
          "Name": "Status",
          "Type": "GameSaveErrorStatus",
          "IsGet": true
        },
        {
          "Name": "Value",
          "Type": "IReadOnlyDictionary<String,IBuffer>",
          "IsGet": true
        }
      ]
    },
    {
      "Name": "Windows.Gaming.XboxLive.Storage.GameSaveBlobInfo",
      "IsSealed": true,
      "Properties": [
        {
          "Name": "Name",
          "Type": "String",
          "IsGet": true
        },
        {
          "Name": "Size",
          "Type": "UInt32",
          "IsGet": true
        }
      ]
    },
    {
      "Name": "Windows.Gaming.XboxLive.Storage.GameSaveBlobInfoGetResult",
      "IsSealed": true,
      "Properties": [
        {
          "Name": "Status",
          "Type": "GameSaveErrorStatus",
          "IsGet": true
        },
        {
          "Name": "Value",
          "Type": "IReadOnlyList<GameSaveBlobInfo>",
          "IsGet": true
        }
      ]
    },
    {
      "Name": "Windows.Gaming.XboxLive.Storage.GameSaveBlobInfoQuery",
      "IsSealed": true,
      "Methods": [
        {
          "Name": "GetBlobInfoAsync",
          "ReturnType": "IAsyncOperation<GameSaveBlobInfoGetResult>"
        },
        {
          "Name": "GetBlobInfoAsync",
          "ReturnType": "IAsyncOperation<GameSaveBlobInfoGetResult>",
          "Parameters": [
            {
              "Name": "startIndex",
              "Type": "UInt32"
            },
            {
              "Name": "maxNumberOfItems",
              "Type": "UInt32"
            }
          ]
        },
        {
          "Name": "GetItemCountAsync",
          "ReturnType": "IAsyncOperation<UInt32>"
        }
      ]
    },
    {
      "Name": "Windows.Gaming.XboxLive.Storage.GameSaveContainer",
      "IsSealed": true,
      "Properties": [
        {
          "Name": "Name",
          "Type": "String",
          "IsGet": true
        },
        {
          "Name": "Provider",
          "Type": "GameSaveProvider",
          "IsGet": true
        }
      ],
      "Methods": [
        {
          "Name": "SubmitUpdatesAsync",
          "ReturnType": "IAsyncOperation<GameSaveOperationResult>",
          "Parameters": [
            {
              "Name": "blobsToWrite",
              "Type": "IReadOnlyDictionary<String,IBuffer>"
            },
            {
              "Name": "blobsToDelete",
              "Type": "IEnumerable<String>"
            },
            {
              "Name": "displayName",
              "Type": "String"
            }
          ]
        },
        {
          "Name": "ReadAsync",
          "ReturnType": "IAsyncOperation<GameSaveOperationResult>",
          "Parameters": [
            {
              "Name": "blobsToRead",
              "Type": "IReadOnlyDictionary<String,IBuffer>"
            }
          ]
        },
        {
          "Name": "GetAsync",
          "ReturnType": "IAsyncOperation<GameSaveBlobGetResult>",
          "Parameters": [
            {
              "Name": "blobsToRead",
              "Type": "IEnumerable<String>"
            }
          ]
        },
        {
          "Name": "SubmitPropertySetUpdatesAsync",
          "ReturnType": "IAsyncOperation<GameSaveOperationResult>",
          "Parameters": [
            {
              "Name": "blobsToWrite",
              "Type": "IPropertySet"
            },
            {
              "Name": "blobsToDelete",
              "Type": "IEnumerable<String>"
            },
            {
              "Name": "displayName",
              "Type": "String"
            }
          ]
        },
        {
          "Name": "CreateBlobInfoQuery",
          "ReturnType": "GameSaveBlobInfoQuery",
          "Parameters": [
            {
              "Name": "blobNamePrefix",
              "Type": "String"
            }
          ]
        }
      ]
    },
    {
      "Name": "Windows.Gaming.XboxLive.Storage.GameSaveContainerInfo",
      "IsSealed": true,
      "Properties": [
        {
          "Name": "DisplayName",
          "Type": "String",
          "IsGet": true
        },
        {
          "Name": "LastModifiedTime",
          "Type": "DateTimeOffset",
          "IsGet": true
        },
        {
          "Name": "Name",
          "Type": "String",
          "IsGet": true
        },
        {
          "Name": "NeedsSync",
          "Type": "Boolean",
          "IsGet": true
        },
        {
          "Name": "TotalSize",
          "Type": "UInt64",
          "IsGet": true
        }
      ]
    },
    {
      "Name": "Windows.Gaming.XboxLive.Storage.GameSaveContainerInfoGetResult",
      "IsSealed": true,
      "Properties": [
        {
          "Name": "Status",
          "Type": "GameSaveErrorStatus",
          "IsGet": true
        },
        {
          "Name": "Value",
          "Type": "IReadOnlyList<GameSaveContainerInfo>",
          "IsGet": true
        }
      ]
    },
    {
      "Name": "Windows.Gaming.XboxLive.Storage.GameSaveContainerInfoQuery",
      "IsSealed": true,
      "Methods": [
        {
          "Name": "GetContainerInfoAsync",
          "ReturnType": "IAsyncOperation<GameSaveContainerInfoGetResult>"
        },
        {
          "Name": "GetContainerInfoAsync",
          "ReturnType": "IAsyncOperation<GameSaveContainerInfoGetResult>",
          "Parameters": [
            {
              "Name": "startIndex",
              "Type": "UInt32"
            },
            {
              "Name": "maxNumberOfItems",
              "Type": "UInt32"
            }
          ]
        },
        {
          "Name": "GetItemCountAsync",
          "ReturnType": "IAsyncOperation<UInt32>"
        }
      ]
    },
    {
      "Name": "Windows.Gaming.XboxLive.Storage.GameSaveOperationResult",
      "IsSealed": true,
      "Properties": [
        {
          "Name": "Status",
          "Type": "GameSaveErrorStatus",
          "IsGet": true
        }
      ]
    },
    {
      "Name": "Windows.Gaming.XboxLive.Storage.GameSaveProvider",
      "IsSealed": true,
      "Properties": [
        {
          "Name": "ContainersChangedSinceLastSync",
          "Type": "IReadOnlyList<String>",
          "IsGet": true
        },
        {
          "Name": "User",
          "Type": "User",
          "IsGet": true
        }
      ],
      "Methods": [
        {
          "Name": "CreateContainer",
          "ReturnType": "GameSaveContainer",
          "Parameters": [
            {
              "Name": "name",
              "Type": "String"
            }
          ]
        },
        {
          "Name": "DeleteContainerAsync",
          "ReturnType": "IAsyncOperation<GameSaveOperationResult>",
          "Parameters": [
            {
              "Name": "name",
              "Type": "String"
            }
          ]
        },
        {
          "Name": "CreateContainerInfoQuery",
          "ReturnType": "GameSaveContainerInfoQuery"
        },
        {
          "Name": "CreateContainerInfoQuery",
          "ReturnType": "GameSaveContainerInfoQuery",
          "Parameters": [
            {
              "Name": "containerNamePrefix",
              "Type": "String"
            }
          ]
        },
        {
          "Name": "GetRemainingBytesInQuotaAsync",
          "ReturnType": "IAsyncOperation<Int64>"
        },
        {
          "Name": "GetForUserAsync",
          "IsStatic": true,
          "ReturnType": "IAsyncOperation<GameSaveProviderGetResult>",
          "Parameters": [
            {
              "Name": "user",
              "Type": "User"
            },
            {
              "Name": "serviceConfigId",
              "Type": "String"
            }
          ]
        },
        {
          "Name": "GetSyncOnDemandForUserAsync",
          "IsStatic": true,
          "ReturnType": "IAsyncOperation<GameSaveProviderGetResult>",
          "Parameters": [
            {
              "Name": "user",
              "Type": "User"
            },
            {
              "Name": "serviceConfigId",
              "Type": "String"
            }
          ]
        }
      ]
    },
    {
      "Name": "Windows.Gaming.XboxLive.Storage.GameSaveProviderGetResult",
      "IsSealed": true,
      "Properties": [
        {
          "Name": "Status",
          "Type": "GameSaveErrorStatus",
          "IsGet": true
        },
        {
          "Name": "Value",
          "Type": "GameSaveProvider",
          "IsGet": true
        }
      ]
    }
  ],
  "Delegates": [
    {
      "Name": "Windows.Gaming.Preview.GamesEnumeration.GameListChangedEventHandler",
      "ReturnType": "Void",
      "Parameters": [
        {
          "Name": "game",
          "Type": "GameListEntry"
        }
      ]
    },
    {
      "Name": "Windows.Gaming.Preview.GamesEnumeration.GameListRemovedEventHandler",
      "ReturnType": "Void",
      "Parameters": [
        {
          "Name": "identifier",
          "Type": "String"
        }
      ]
    }
  ]
}