{
  "Name": "Windows.Management, Version=255.255.255.255, Culture=neutral, PublicKeyToken=null, ContentType=WindowsRuntime",
  "Enums": [
    {
      "Name": "Windows.Management.Deployment.DeploymentProgressState",
      "BaseType": "Int32",
      "Values": [
        {
          "Name": "Queued",
          "Value": "0"
        },
        {
          "Name": "Processing",
          "Value": "1"
        }
      ]
    },
    {
      "Name": "Windows.Management.Deployment.DeploymentOptions",
      "IsFlags": true,
      "BaseType": "UInt32",
      "Values": [
        {
          "Name": "None",
          "Value": "0"
        },
        {
          "Name": "ForceApplicationShutdown",
          "Value": "1"
        },
        {
          "Name": "DevelopmentMode",
          "Value": "2"
        },
        {
          "Name": "InstallAllResources",
          "Value": "32"
        },
        {
          "Name": "ForceTargetApplicationShutdown",
          "Value": "64"
        }
      ]
    },
    {
      "Name": "Windows.Management.Deployment.RemovalOptions",
      "IsFlags": true,
      "BaseType": "UInt32",
      "Values": [
        {
          "Name": "None",
          "Value": "0"
        },
        {
          "Name": "PreserveApplicationData",
          "Value": "4096"
        }
      ]
    },
    {
      "Name": "Windows.Management.Deployment.PackageTypes",
      "IsFlags": true,
      "BaseType": "UInt32",
      "Values": [
        {
          "Name": "None",
          "Value": "0"
        },
        {
          "Name": "Main",
          "Value": "1"
        },
        {
          "Name": "Framework",
          "Value": "2"
        },
        {
          "Name": "Resource",
          "Value": "4"
        },
        {
          "Name": "Bundle",
          "Value": "8"
        },
        {
          "Name": "Xap",
          "Value": "16"
        }
      ]
    },
    {
      "Name": "Windows.Management.Deployment.PackageInstallState",
      "BaseType": "Int32",
      "Values": [
        {
          "Name": "NotInstalled",
          "Value": "0"
        },
        {
          "Name": "Staged",
          "Value": "1"
        },
        {
          "Name": "Installed",
          "Value": "2"
        }
      ]
    },
    {
      "Name": "Windows.Management.Deployment.PackageState",
      "BaseType": "Int32",
      "Values": [
        {
          "Name": "Normal",
          "Value": "0"
        },
        {
          "Name": "LicenseInvalid",
          "Value": "1"
        },
        {
          "Name": "Modified",
          "Value": "2"
        },
        {
          "Name": "Tampered",
          "Value": "3"
        }
      ]
    },
    {
      "Name": "Windows.Management.Deployment.PackageStatus",
      "IsFlags": true,
      "BaseType": "UInt32",
      "Values": [
        {
          "Name": "OK",
          "Value": "0"
        },
        {
          "Name": "LicenseIssue",
          "Value": "1"
        },
        {
          "Name": "Modified",
          "Value": "2"
        },
        {
          "Name": "Tampered",
          "Value": "4"
        },
        {
          "Name": "Disabled",
          "Value": "8"
        }
      ]
    }
  ],
  "Structs": [
    {
      "Name": "Windows.Management.Deployment.DeploymentProgress",
      "Fields": [
        {
          "Name": "state",
          "Type": "DeploymentProgressState"
        },
        {
          "Name": "percentage",
          "Type": "UInt32"
        }
      ]
    },
    {
      "Name": "Windows.Management.Orchestration.OrchestrationContract"
    },
    {
      "Name": "Windows.Management.Deployment.Preview.DeploymentPreviewContract"
    },
    {
      "Name": "Windows.Management.Workplace.WorkplaceSettingsContract"
    }
  ],
  "Classes": [
    {
      "Name": "Windows.Management.Deployment.DeploymentResult",
      "IsSealed": true,
      "Properties": [
        {
          "Name": "ActivityId",
          "Type": "Guid",
          "IsGet": true
        },
        {
          "Name": "ErrorText",
          "Type": "String",
          "IsGet": true
        },
        {
          "Name": "ExtendedErrorCode",
          "Type": "Exception",
          "IsGet": true
        }
      ]
    },
    {
      "Name": "Windows.Management.Deployment.PackageUserInformation",
      "IsSealed": true,
      "Properties": [
        {
          "Name": "InstallState",
          "Type": "PackageInstallState",
          "IsGet": true
        },
        {
          "Name": "UserSecurityId",
          "Type": "String",
          "IsGet": true
        }
      ]
    },
    {
      "Name": "Windows.Management.Deployment.PackageVolume",
      "IsSealed": true,
      "Properties": [
        {
          "Name": "IsOffline",
          "Type": "Boolean",
          "IsGet": true
        },
        {
          "Name": "IsSystemVolume",
          "Type": "Boolean",
          "IsGet": true
        },
        {
          "Name": "MountPoint",
          "Type": "String",
          "IsGet": true
        },
        {
          "Name": "Name",
          "Type": "String",
          "IsGet": true
        },
        {
          "Name": "PackageStorePath",
          "Type": "String",
          "IsGet": true
        },
        {
          "Name": "SupportsHardLinks",
          "Type": "Boolean",
          "IsGet": true
        }
      ],
      "Methods": [
        {
          "Name": "FindPackages",
          "ReturnType": "IList<Package>"
        },
        {
          "Name": "FindPackages",
          "ReturnType": "IList<Package>",
          "Parameters": [
            {
              "Name": "packageName",
              "Type": "String"
            },
            {
              "Name": "packagePublisher",
              "Type": "String"
            }
          ]
        },
        {
          "Name": "FindPackages",
          "ReturnType": "IList<Package>",
          "Parameters": [
            {
              "Name": "packageFamilyName",
              "Type": "String"
            }
          ]
        },
        {
          "Name": "FindPackagesWithPackageTypes",
          "ReturnType": "IList<Package>",
          "Parameters": [
            {
              "Name": "packageTypes",
              "Type": "PackageTypes"
            }
          ]
        },
        {
          "Name": "FindPackagesWithPackageTypes",
          "ReturnType": "IList<Package>",
          "Parameters": [
            {
              "Name": "packageTypes",
              "Type": "PackageTypes"
            },
            {
              "Name": "packageName",
              "Type": "String"
            },
            {
              "Name": "packagePublisher",
              "Type": "String"
            }
          ]
        },
        {
          "Name": "FindPackagesWithPackageTypes",
          "ReturnType": "IList<Package>",
          "Parameters": [
            {
              "Name": "packageTypes",
              "Type": "PackageTypes"
            },
            {
              "Name": "packageFamilyName",
              "Type": "String"
            }
          ]
        },
        {
          "Name": "FindPackage",
          "ReturnType": "IList<Package>",
          "Parameters": [
            {
              "Name": "packageFullName",
              "Type": "String"
            }
          ]
        },
        {
          "Name": "FindPackagesForUser",
          "ReturnType": "IList<Package>",
          "Parameters": [
            {
              "Name": "userSecurityId",
              "Type": "String"
            }
          ]
        },
        {
          "Name": "FindPackagesForUser",
          "ReturnType": "IList<Package>",
          "Parameters": [
            {
              "Name": "userSecurityId",
              "Type": "String"
            },
            {
              "Name": "packageName",
              "Type": "String"
            },
            {
              "Name": "packagePublisher",
              "Type": "String"
            }
          ]
        },
        {
          "Name": "FindPackagesForUser",
          "ReturnType": "IList<Package>",
          "Parameters": [
            {
              "Name": "userSecurityId",
              "Type": "String"
            },
            {
              "Name": "packageFamilyName",
              "Type": "String"
            }
          ]
        },
        {
          "Name": "FindPackagesForUserWithPackageTypes",
          "ReturnType": "IList<Package>",
          "Parameters": [
            {
              "Name": "userSecurityId",
              "Type": "String"
            },
            {
              "Name": "packageTypes",
              "Type": "PackageTypes"
            }
          ]
        },
        {
          "Name": "FindPackagesForUserWithPackageTypes",
          "ReturnType": "IList<Package>",
          "Parameters": [
            {
              "Name": "userSecurityId",
              "Type": "String"
            },
            {
              "Name": "packageTypes",
              "Type": "PackageTypes"
            },
            {
              "Name": "packageName",
              "Type": "String"
            },
            {
              "Name": "packagePublisher",
              "Type": "String"
            }
          ]
        },
        {
          "Name": "FindPackagesForUserWithPackageTypes",
          "ReturnType": "IList<Package>",
          "Parameters": [
            {
              "Name": "userSecurityId",
              "Type": "String"
            },
            {
              "Name": "packageTypes",
              "Type": "PackageTypes"
            },
            {
              "Name": "packageFamilyName",
              "Type": "String"
            }
          ]
        },
        {
          "Name": "FindPackageForUser",
          "ReturnType": "IList<Package>",
          "Parameters": [
            {
              "Name": "userSecurityId",
              "Type": "String"
            },
            {
              "Name": "packageFullName",
              "Type": "String"
            }
          ]
        }
      ]
    },
    {
      "Name": "Windows.Management.Deployment.PackageManager",
      "IsSealed": true,
      "Methods": [
        {
          "Name": "AddPackageAsync",
          "ReturnType": "IAsyncOperationWithProgress<DeploymentResult,DeploymentProgress>",
          "Parameters": [
            {
              "Name": "packageUri",
              "Type": "Uri"
            },
            {
              "Name": "dependencyPackageUris",
              "Type": "IEnumerable<Uri>"
            },
            {
              "Name": "deploymentOptions",
              "Type": "DeploymentOptions"
            }
          ]
        },
        {
          "Name": "UpdatePackageAsync",
          "ReturnType": "IAsyncOperationWithProgress<DeploymentResult,DeploymentProgress>",
          "Parameters": [
            {
              "Name": "packageUri",
              "Type": "Uri"
            },
            {
              "Name": "dependencyPackageUris",
              "Type": "IEnumerable<Uri>"
            },
            {
              "Name": "deploymentOptions",
              "Type": "DeploymentOptions"
            }
          ]
        },
        {
          "Name": "RemovePackageAsync",
          "ReturnType": "IAsyncOperationWithProgress<DeploymentResult,DeploymentProgress>",
          "Parameters": [
            {
              "Name": "packageFullName",
              "Type": "String"
            }
          ]
        },
        {
          "Name": "StagePackageAsync",
          "ReturnType": "IAsyncOperationWithProgress<DeploymentResult,DeploymentProgress>",
          "Parameters": [
            {
              "Name": "packageUri",
              "Type": "Uri"
            },
            {
              "Name": "dependencyPackageUris",
              "Type": "IEnumerable<Uri>"
            }
          ]
        },
        {
          "Name": "RegisterPackageAsync",
          "ReturnType": "IAsyncOperationWithProgress<DeploymentResult,DeploymentProgress>",
          "Parameters": [
            {
              "Name": "manifestUri",
              "Type": "Uri"
            },
            {
              "Name": "dependencyPackageUris",
              "Type": "IEnumerable<Uri>"
            },
            {
              "Name": "deploymentOptions",
              "Type": "DeploymentOptions"
            }
          ]
        },
        {
          "Name": "FindPackages",
          "ReturnType": "IEnumerable<Package>"
        },
        {
          "Name": "FindPackagesForUser",
          "ReturnType": "IEnumerable<Package>",
          "Parameters": [
            {
              "Name": "userSecurityId",
              "Type": "String"
            }
          ]
        },
        {
          "Name": "FindPackages",
          "ReturnType": "IEnumerable<Package>",
          "Parameters": [
            {
              "Name": "packageName",
              "Type": "String"
            },
            {
              "Name": "packagePublisher",
              "Type": "String"
            }
          ]
        },
        {
          "Name": "FindPackagesForUser",
          "ReturnType": "IEnumerable<Package>",
          "Parameters": [
            {
              "Name": "userSecurityId",
              "Type": "String"
            },
            {
              "Name": "packageName",
              "Type": "String"
            },
            {
              "Name": "packagePublisher",
              "Type": "String"
            }
          ]
        },
        {
          "Name": "FindUsers",
          "ReturnType": "IEnumerable<PackageUserInformation>",
          "Parameters": [
            {
              "Name": "packageFullName",
              "Type": "String"
            }
          ]
        },
        {
          "Name": "SetPackageState",
          "ReturnType": "Void",
          "Parameters": [
            {
              "Name": "packageFullName",
              "Type": "String"
            },
            {
              "Name": "packageState",
              "Type": "PackageState"
            }
          ]
        },
        {
          "Name": "FindPackage",
          "ReturnType": "Package",
          "Parameters": [
            {
              "Name": "packageFullName",
              "Type": "String"
            }
          ]
        },
        {
          "Name": "CleanupPackageForUserAsync",
          "ReturnType": "IAsyncOperationWithProgress<DeploymentResult,DeploymentProgress>",
          "Parameters": [
            {
              "Name": "packageName",
              "Type": "String"
            },
            {
              "Name": "userSecurityId",
              "Type": "String"
            }
          ]
        },
        {
          "Name": "FindPackages",
          "ReturnType": "IEnumerable<Package>",
          "Parameters": [
            {
              "Name": "packageFamilyName",
              "Type": "String"
            }
          ]
        },
        {
          "Name": "FindPackagesForUser",
          "ReturnType": "IEnumerable<Package>",
          "Parameters": [
            {
              "Name": "userSecurityId",
              "Type": "String"
            },
            {
              "Name": "packageFamilyName",
              "Type": "String"
            }
          ]
        },
        {
          "Name": "FindPackageForUser",
          "ReturnType": "Package",
          "Parameters": [
            {
              "Name": "userSecurityId",
              "Type": "String"
            },
            {
              "Name": "packageFullName",
              "Type": "String"
            }
          ]
        },
        {
          "Name": "RemovePackageAsync",
          "ReturnType": "IAsyncOperationWithProgress<DeploymentResult,DeploymentProgress>",
          "Parameters": [
            {
              "Name": "packageFullName",
              "Type": "String"
            },
            {
              "Name": "removalOptions",
              "Type": "RemovalOptions"
            }
          ]
        },
        {
          "Name": "StagePackageAsync",
          "ReturnType": "IAsyncOperationWithProgress<DeploymentResult,DeploymentProgress>",
          "Parameters": [
            {
              "Name": "packageUri",
              "Type": "Uri"
            },
            {
              "Name": "dependencyPackageUris",
              "Type": "IEnumerable<Uri>"
            },
            {
              "Name": "deploymentOptions",
              "Type": "DeploymentOptions"
            }
          ]
        },
        {
          "Name": "RegisterPackageByFullNameAsync",
          "ReturnType": "IAsyncOperationWithProgress<DeploymentResult,DeploymentProgress>",
          "Parameters": [
            {
              "Name": "mainPackageFullName",
              "Type": "String"
            },
            {
              "Name": "dependencyPackageFullNames",
              "Type": "IEnumerable<String>"
            },
            {
              "Name": "deploymentOptions",
              "Type": "DeploymentOptions"
            }
          ]
        },
        {
          "Name": "FindPackagesWithPackageTypes",
          "ReturnType": "IEnumerable<Package>",
          "Parameters": [
            {
              "Name": "packageTypes",
              "Type": "PackageTypes"
            }
          ]
        },
        {
          "Name": "FindPackagesForUserWithPackageTypes",
          "ReturnType": "IEnumerable<Package>",
          "Parameters": [
            {
              "Name": "userSecurityId",
              "Type": "String"
            },
            {
              "Name": "packageTypes",
              "Type": "PackageTypes"
            }
          ]
        },
        {
          "Name": "FindPackagesWithPackageTypes",
          "ReturnType": "IEnumerable<Package>",
          "Parameters": [
            {
              "Name": "packageName",
              "Type": "String"
            },
            {
              "Name": "packagePublisher",
              "Type": "String"
            },
            {
              "Name": "packageTypes",
              "Type": "PackageTypes"
            }
          ]
        },
        {
          "Name": "FindPackagesForUserWithPackageTypes",
          "ReturnType": "IEnumerable<Package>",
          "Parameters": [
            {
              "Name": "userSecurityId",
              "Type": "String"
            },
            {
              "Name": "packageName",
              "Type": "String"
            },
            {
              "Name": "packagePublisher",
              "Type": "String"
            },
            {
              "Name": "packageTypes",
              "Type": "PackageTypes"
            }
          ]
        },
        {
          "Name": "FindPackagesWithPackageTypes",
          "ReturnType": "IEnumerable<Package>",
          "Parameters": [
            {
              "Name": "packageFamilyName",
              "Type": "String"
            },
            {
              "Name": "packageTypes",
              "Type": "PackageTypes"
            }
          ]
        },
        {
          "Name": "FindPackagesForUserWithPackageTypes",
          "ReturnType": "IEnumerable<Package>",
          "Parameters": [
            {
              "Name": "userSecurityId",
              "Type": "String"
            },
            {
              "Name": "packageFamilyName",
              "Type": "String"
            },
            {
              "Name": "packageTypes",
              "Type": "PackageTypes"
            }
          ]
        },
        {
          "Name": "StageUserDataAsync",
          "ReturnType": "IAsyncOperationWithProgress<DeploymentResult,DeploymentProgress>",
          "Parameters": [
            {
              "Name": "packageFullName",
              "Type": "String"
            }
          ]
        },
        {
          "Name": "AddPackageVolumeAsync",
          "ReturnType": "IAsyncOperation<PackageVolume>",
          "Parameters": [
            {
              "Name": "packageStorePath",
              "Type": "String"
            }
          ]
        },
        {
          "Name": "AddPackageAsync",
          "ReturnType": "IAsyncOperationWithProgress<DeploymentResult,DeploymentProgress>",
          "Parameters": [
            {
              "Name": "packageUri",
              "Type": "Uri"
            },
            {
              "Name": "dependencyPackageUris",
              "Type": "IEnumerable<Uri>"
            },
            {
              "Name": "deploymentOptions",
              "Type": "DeploymentOptions"
            },
            {
              "Name": "targetVolume",
              "Type": "PackageVolume"
            }
          ]
        },
        {
          "Name": "ClearPackageStatus",
          "ReturnType": "Void",
          "Parameters": [
            {
              "Name": "packageFullName",
              "Type": "String"
            },
            {
              "Name": "status",
              "Type": "PackageStatus"
            }
          ]
        },
        {
          "Name": "RegisterPackageAsync",
          "ReturnType": "IAsyncOperationWithProgress<DeploymentResult,DeploymentProgress>",
          "Parameters": [
            {
              "Name": "manifestUri",
              "Type": "Uri"
            },
            {
              "Name": "dependencyPackageUris",
              "Type": "IEnumerable<Uri>"
            },
            {
              "Name": "deploymentOptions",
              "Type": "DeploymentOptions"
            },
            {
              "Name": "appDataVolume",
              "Type": "PackageVolume"
            }
          ]
        },
        {
          "Name": "FindPackageVolume",
          "ReturnType": "PackageVolume",
          "Parameters": [
            {
              "Name": "volumeName",
              "Type": "String"
            }
          ]
        },
        {
          "Name": "FindPackageVolumes",
          "ReturnType": "IEnumerable<PackageVolume>"
        },
        {
          "Name": "GetDefaultPackageVolume",
          "ReturnType": "PackageVolume"
        },
        {
          "Name": "MovePackageToVolumeAsync",
          "ReturnType": "IAsyncOperationWithProgress<DeploymentResult,DeploymentProgress>",
          "Parameters": [
            {
              "Name": "packageFullName",
              "Type": "String"
            },
            {
              "Name": "deploymentOptions",
              "Type": "DeploymentOptions"
            },
            {
              "Name": "targetVolume",
              "Type": "PackageVolume"
            }
          ]
        },
        {
          "Name": "RemovePackageVolumeAsync",
          "ReturnType": "IAsyncOperationWithProgress<DeploymentResult,DeploymentProgress>",
          "Parameters": [
            {
              "Name": "volume",
              "Type": "PackageVolume"
            }
          ]
        },
        {
          "Name": "SetDefaultPackageVolume",
          "ReturnType": "Void",
          "Parameters": [
            {
              "Name": "volume",
              "Type": "PackageVolume"
            }
          ]
        },
        {
          "Name": "SetPackageStatus",
          "ReturnType": "Void",
          "Parameters": [
            {
              "Name": "packageFullName",
              "Type": "String"
            },
            {
              "Name": "status",
              "Type": "PackageStatus"
            }
          ]
        },
        {
          "Name": "SetPackageVolumeOfflineAsync",
          "ReturnType": "IAsyncOperationWithProgress<DeploymentResult,DeploymentProgress>",
          "Parameters": [
            {
              "Name": "packageVolume",
              "Type": "PackageVolume"
            }
          ]
        },
        {
          "Name": "SetPackageVolumeOnlineAsync",
          "ReturnType": "IAsyncOperationWithProgress<DeploymentResult,DeploymentProgress>",
          "Parameters": [
            {
              "Name": "packageVolume",
              "Type": "PackageVolume"
            }
          ]
        },
        {
          "Name": "StagePackageAsync",
          "ReturnType": "IAsyncOperationWithProgress<DeploymentResult,DeploymentProgress>",
          "Parameters": [
            {
              "Name": "packageUri",
              "Type": "Uri"
            },
            {
              "Name": "dependencyPackageUris",
              "Type": "IEnumerable<Uri>"
            },
            {
              "Name": "deploymentOptions",
              "Type": "DeploymentOptions"
            },
            {
              "Name": "targetVolume",
              "Type": "PackageVolume"
            }
          ]
        },
        {
          "Name": "StageUserDataAsync",
          "ReturnType": "IAsyncOperationWithProgress<DeploymentResult,DeploymentProgress>",
          "Parameters": [
            {
              "Name": "packageFullName",
              "Type": "String"
            },
            {
              "Name": "deploymentOptions",
              "Type": "DeploymentOptions"
            }
          ]
        }
      ]
    },
    {
      "Name": "Windows.Management.Core.ApplicationDataManager",
      "IsSealed": true,
      "Methods": [
        {
          "Name": "CreateForPackageFamily",
          "IsStatic": true,
          "ReturnType": "ApplicationData",
          "Parameters": [
            {
              "Name": "packageFamilyName",
              "Type": "String"
            }
          ]
        }
      ]
    },
    {
      "Name": "Windows.Management.Workplace.MdmPolicy",
      "IsStatic": true,
      "Methods": [
        {
          "Name": "IsBrowserAllowed",
          "IsStatic": true,
          "ReturnType": "Boolean"
        },
        {
          "Name": "IsCameraAllowed",
          "IsStatic": true,
          "ReturnType": "Boolean"
        },
        {
          "Name": "IsMicrosoftAccountAllowed",
          "IsStatic": true,
          "ReturnType": "Boolean"
        },
        {
          "Name": "IsStoreAllowed",
          "IsStatic": true,
          "ReturnType": "Boolean"
        }
      ]
    },
    {
      "Name": "Windows.Management.Orchestration.CurrentAppOrchestration",
      "IsSealed": true,
      "Methods": [
        {
          "Name": "StartSingleAppMode",
          "ReturnType": "SingleAppModeContext"
        },
        {
          "Name": "GetForCurrentView",
          "IsStatic": true,
          "ReturnType": "CurrentAppOrchestration"
        }
      ]
    },
    {
      "Name": "Windows.Management.Orchestration.SingleAppModeContext",
      "IsSealed": true,
      "Interfaces": [
        "IDisposable"
      ],
      "Methods": [
        {
          "Name": "Dispose",
          "ReturnType": "Void"
        }
      ]
    },
    {
      "Name": "Windows.Management.Deployment.Preview.InstalledClassicAppInfo",
      "IsSealed": true,
      "Properties": [
        {
          "Name": "DisplayName",
          "Type": "String",
          "IsGet": true
        },
        {
          "Name": "DisplayVersion",
          "Type": "String",
          "IsGet": true
        }
      ]
    },
    {
      "Name": "Windows.Management.Deployment.Preview.ClassicAppManager",
      "IsStatic": true,
      "Methods": [
        {
          "Name": "FindInstalledApp",
          "IsStatic": true,
          "ReturnType": "InstalledClassicAppInfo",
          "Parameters": [
            {
              "Name": "appUninstallKey",
              "Type": "String"
            }
          ]
        }
      ]
    },
    {
      "Name": "Windows.Management.Workplace.WorkplaceSettings",
      "IsStatic": true,
      "Properties": [
        {
          "Name": "IsMicrosoftAccountOptional",
          "Type": "Boolean",
          "IsStatic": true,
          "IsGet": true
        }
      ]
    }
  ]
}