{
  "Name": "Windows.System, Version=255.255.255.255, Culture=neutral, PublicKeyToken=null, ContentType=WindowsRuntime",
  "Classes": [
    {
      "IsSealed": true,
      "Interfaces": [],
      "Constructors": [],
      "Properties": [],
      "Fields": [],
      "Methods": [
        {
          "Name": "RequestActive",
          "ReturnType": "Void"
        },
        {
          "Name": "RequestRelease",
          "ReturnType": "Void"
        }
      ],
      "Events": [],
      "Name": "Windows.System.Display.DisplayRequest"
    },
    {
      "IsStatic": true,
      "Interfaces": [],
      "Constructors": [],
      "Properties": [
        {
          "Name": "AccountName",
          "Type": "String",
          "IsStatic": true,
          "IsGet": true
        },
        {
          "Name": "DisplayName",
          "Type": "String",
          "IsStatic": true,
          "IsGet": true
        },
        {
          "Name": "DomainName",
          "Type": "String",
          "IsStatic": true,
          "IsGet": true
        },
        {
          "Name": "FirstName",
          "Type": "String",
          "IsStatic": true,
          "IsGet": true
        },
        {
          "Name": "GuestHost",
          "Type": "String",
          "IsStatic": true,
          "IsGet": true
        },
        {
          "Name": "LastName",
          "Type": "String",
          "IsStatic": true,
          "IsGet": true
        },
        {
          "Name": "PrincipalName",
          "Type": "String",
          "IsStatic": true,
          "IsGet": true
        },
        {
          "Name": "ProviderName",
          "Type": "String",
          "IsStatic": true,
          "IsGet": true
        },
        {
          "Name": "SessionInitiationProtocolUri",
          "Type": "String",
          "IsStatic": true,
          "IsGet": true
        }
      ],
      "Fields": [],
      "Methods": [],
      "Events": [],
      "Name": "Windows.System.KnownUserProperties"
    },
    {
      "IsStatic": true,
      "Interfaces": [],
      "Constructors": [],
      "Properties": [],
      "Fields": [],
      "Methods": [
        {
          "Name": "LaunchFileAsync",
          "IsStatic": true,
          "ReturnType": "IAsyncOperation<Boolean>",
          "Parameters": [
            {
              "Name": "file",
              "Type": "IStorageFile"
            }
          ]
        },
        {
          "Name": "LaunchFileAsync",
          "IsStatic": true,
          "ReturnType": "IAsyncOperation<Boolean>",
          "Parameters": [
            {
              "Name": "file",
              "Type": "IStorageFile"
            },
            {
              "Name": "options",
              "Type": "LauncherOptions"
            }
          ]
        },
        {
          "Name": "LaunchUriAsync",
          "IsStatic": true,
          "ReturnType": "IAsyncOperation<Boolean>",
          "Parameters": [
            {
              "Name": "uri",
              "Type": "Uri"
            }
          ]
        },
        {
          "Name": "LaunchUriAsync",
          "IsStatic": true,
          "ReturnType": "IAsyncOperation<Boolean>",
          "Parameters": [
            {
              "Name": "uri",
              "Type": "Uri"
            },
            {
              "Name": "options",
              "Type": "LauncherOptions"
            }
          ]
        }
      ],
      "Events": [],
      "Name": "Windows.System.Launcher"
    },
    {
      "IsSealed": true,
      "Interfaces": [],
      "Constructors": [],
      "Properties": [
        {
          "Name": "ContentType",
          "Type": "String",
          "IsGet": true,
          "IsSet": true
        },
        {
          "Name": "DesiredRemainingView",
          "Type": "ViewSizePreference",
          "IsGet": true,
          "IsSet": true
        },
        {
          "Name": "DisplayApplicationPicker",
          "Type": "Boolean",
          "IsGet": true,
          "IsSet": true
        },
        {
          "Name": "FallbackUri",
          "Type": "Uri",
          "IsGet": true,
          "IsSet": true
        },
        {
          "Name": "PreferredApplicationDisplayName",
          "Type": "String",
          "IsGet": true,
          "IsSet": true
        },
        {
          "Name": "PreferredApplicationPackageFamilyName",
          "Type": "String",
          "IsGet": true,
          "IsSet": true
        },
        {
          "Name": "TargetApplicationPackageFamilyName",
          "Type": "String",
          "IsGet": true,
          "IsSet": true
        },
        {
          "Name": "TreatAsUntrusted",
          "Type": "Boolean",
          "IsGet": true,
          "IsSet": true
        },
        {
          "Name": "UI",
          "Type": "LauncherUIOptions",
          "IsGet": true
        }
      ],
      "Fields": [],
      "Methods": [],
      "Events": [],
      "Name": "Windows.System.LauncherOptions"
    },
    {
      "IsSealed": true,
      "Interfaces": [],
      "Constructors": [],
      "Properties": [
        {
          "Name": "InvocationPoint",
          "Type": "Nullable<Point>",
          "IsGet": true,
          "IsSet": true
        },
        {
          "Name": "PreferredPlacement",
          "Type": "Placement",
          "IsGet": true,
          "IsSet": true
        },
        {
          "Name": "SelectionRect",
          "Type": "Nullable<Rect>",
          "IsGet": true,
          "IsSet": true
        }
      ],
      "Fields": [],
      "Methods": [],
      "Events": [],
      "Name": "Windows.System.LauncherUIOptions"
    },
    {
      "IsStatic": true,
      "Interfaces": [],
      "Constructors": [],
      "Properties": [
        {
          "Name": "BatteryStatus",
          "Type": "BatteryStatus",
          "IsStatic": true,
          "IsGet": true
        },
        {
          "Name": "PowerSavingStatus",
          "Type": "PowerSavingStatus",
          "IsStatic": true,
          "IsGet": true
        },
        {
          "Name": "PowerSupplyStatus",
          "Type": "PowerSupplyStatus",
          "IsStatic": true,
          "IsGet": true
        },
        {
          "Name": "RemainingChargePercent",
          "Type": "Int32",
          "IsStatic": true,
          "IsGet": true
        }
      ],
      "Fields": [],
      "Methods": [],
      "Events": [
        {
          "Name": "BatteryStatusChanged",
          "Type": "EventHandler<Object>",
          "IsStatic": true
        },
        {
          "Name": "PowerSavingStatusChanged",
          "Type": "EventHandler<Object>",
          "IsStatic": true
        },
        {
          "Name": "PowerSupplyStatusChanged",
          "Type": "EventHandler<Object>",
          "IsStatic": true
        },
        {
          "Name": "RemainingChargePercentChanged",
          "Type": "EventHandler<Object>",
          "IsStatic": true
        }
      ],
      "Name": "Windows.System.PowerManager"
    },
    {
      "IsStatic": true,
      "Interfaces": [],
      "Constructors": [],
      "Properties": [],
      "Fields": [],
      "Methods": [
        {
          "Name": "GetPackageSpecificToken",
          "IsStatic": true,
          "ReturnType": "HardwareToken",
          "Parameters": [
            {
              "Name": "nonce",
              "Type": "IBuffer"
            }
          ]
        }
      ],
      "Events": [],
      "Name": "Windows.System.Profile.HardwareIdentification"
    },
    {
      "IsSealed": true,
      "Interfaces": [],
      "Constructors": [],
      "Properties": [
        {
          "Name": "Certificate",
          "Type": "IBuffer",
          "IsGet": true
        },
        {
          "Name": "Id",
          "Type": "IBuffer",
          "IsGet": true
        },
        {
          "Name": "Signature",
          "Type": "IBuffer",
          "IsGet": true
        }
      ],
      "Fields": [],
      "Methods": [],
      "Events": [],
      "Name": "Windows.System.Profile.HardwareToken"
    },
    {
      "IsStatic": true,
      "Interfaces": [],
      "Constructors": [],
      "Properties": [
        {
          "Name": "BatteryLifeDescription",
          "Type": "String",
          "IsStatic": true,
          "IsGet": true
        },
        {
          "Name": "DisplayDescription",
          "Type": "String",
          "IsStatic": true,
          "IsGet": true
        },
        {
          "Name": "DisplayModelName",
          "Type": "String",
          "IsStatic": true,
          "IsGet": true
        },
        {
          "Name": "FormFactor",
          "Type": "String",
          "IsStatic": true,
          "IsGet": true
        },
        {
          "Name": "FrontCameraDescription",
          "Type": "String",
          "IsStatic": true,
          "IsGet": true
        },
        {
          "Name": "GraphicsDescription",
          "Type": "String",
          "IsStatic": true,
          "IsGet": true
        },
        {
          "Name": "HasNfc",
          "Type": "String",
          "IsStatic": true,
          "IsGet": true
        },
        {
          "Name": "HasOpticalDrive",
          "Type": "String",
          "IsStatic": true,
          "IsGet": true
        },
        {
          "Name": "HasSdSlot",
          "Type": "String",
          "IsStatic": true,
          "IsGet": true
        },
        {
          "Name": "IsFeatured",
          "Type": "String",
          "IsStatic": true,
          "IsGet": true
        },
        {
          "Name": "IsOfficeInstalled",
          "Type": "String",
          "IsStatic": true,
          "IsGet": true
        },
        {
          "Name": "ManufacturerName",
          "Type": "String",
          "IsStatic": true,
          "IsGet": true
        },
        {
          "Name": "Memory",
          "Type": "String",
          "IsStatic": true,
          "IsGet": true
        },
        {
          "Name": "ModelName",
          "Type": "String",
          "IsStatic": true,
          "IsGet": true
        },
        {
          "Name": "Price",
          "Type": "String",
          "IsStatic": true,
          "IsGet": true
        },
        {
          "Name": "ProcessorDescription",
          "Type": "String",
          "IsStatic": true,
          "IsGet": true
        },
        {
          "Name": "RearCameraDescription",
          "Type": "String",
          "IsStatic": true,
          "IsGet": true
        },
        {
          "Name": "RetailAccessCode",
          "Type": "String",
          "IsStatic": true,
          "IsGet": true
        },
        {
          "Name": "ScreenSize",
          "Type": "String",
          "IsStatic": true,
          "IsGet": true
        },
        {
          "Name": "StorageDescription",
          "Type": "String",
          "IsStatic": true,
          "IsGet": true
        },
        {
          "Name": "Weight",
          "Type": "String",
          "IsStatic": true,
          "IsGet": true
        },
        {
          "Name": "WindowsVersion",
          "Type": "String",
          "IsStatic": true,
          "IsGet": true
        }
      ],
      "Fields": [],
      "Methods": [],
      "Events": [],
      "Name": "Windows.System.Profile.KnownRetailInfoProperties"
    },
    {
      "IsStatic": true,
      "Interfaces": [],
      "Constructors": [],
      "Properties": [
        {
          "Name": "IsDemoModeEnabled",
          "Type": "Boolean",
          "IsStatic": true,
          "IsGet": true
        },
        {
          "Name": "Properties",
          "Type": "IReadOnlyDictionary<String,Object>",
          "IsStatic": true,
          "IsGet": true
        }
      ],
      "Fields": [],
      "Methods": [],
      "Events": [],
      "Name": "Windows.System.Profile.RetailInfo"
    },
    {
      "IsStatic": true,
      "Interfaces": [],
      "Constructors": [],
      "Properties": [
        {
          "Name": "SerialNumber",
          "Type": "String",
          "IsStatic": true,
          "IsGet": true
        }
      ],
      "Fields": [],
      "Methods": [],
      "Events": [],
      "Name": "Windows.System.Profile.SystemManufacturers.SmbiosInformation"
    },
    {
      "IsStatic": true,
      "Interfaces": [],
      "Constructors": [],
      "Properties": [
        {
          "Name": "IsRemote",
          "Type": "Boolean",
          "IsStatic": true,
          "IsGet": true
        }
      ],
      "Fields": [],
      "Methods": [],
      "Events": [],
      "Name": "Windows.System.RemoteDesktop.InteractiveSession"
    },
    {
      "IsSealed": true,
      "Interfaces": [],
      "Constructors": [
        {
          "Parameters": [
            {
              "Name": "handler",
              "Type": "WorkItemHandler"
            }
          ]
        },
        {
          "Parameters": [
            {
              "Name": "handler",
              "Type": "WorkItemHandler"
            },
            {
              "Name": "priority",
              "Type": "WorkItemPriority"
            }
          ]
        },
        {
          "Parameters": [
            {
              "Name": "handler",
              "Type": "WorkItemHandler"
            },
            {
              "Name": "priority",
              "Type": "WorkItemPriority"
            },
            {
              "Name": "options",
              "Type": "WorkItemOptions"
            }
          ]
        }
      ],
      "Properties": [],
      "Fields": [],
      "Methods": [
        {
          "Name": "RunAsync",
          "ReturnType": "IAsyncAction"
        }
      ],
      "Events": [],
      "Name": "Windows.System.Threading.Core.PreallocatedWorkItem"
    },
    {
      "IsSealed": true,
      "Interfaces": [],
      "Constructors": [],
      "Properties": [],
      "Fields": [],
      "Methods": [
        {
          "Name": "AttachToEvent",
          "IsStatic": true,
          "ReturnType": "SignalNotifier",
          "Parameters": [
            {
              "Name": "name",
              "Type": "String"
            },
            {
              "Name": "handler",
              "Type": "SignalHandler"
            }
          ]
        },
        {
          "Name": "AttachToEvent",
          "IsStatic": true,
          "ReturnType": "SignalNotifier",
          "Parameters": [
            {
              "Name": "name",
              "Type": "String"
            },
            {
              "Name": "handler",
              "Type": "SignalHandler"
            },
            {
              "Name": "timeout",
              "Type": "TimeSpan"
            }
          ]
        },
        {
          "Name": "AttachToSemaphore",
          "IsStatic": true,
          "ReturnType": "SignalNotifier",
          "Parameters": [
            {
              "Name": "name",
              "Type": "String"
            },
            {
              "Name": "handler",
              "Type": "SignalHandler"
            }
          ]
        },
        {
          "Name": "AttachToSemaphore",
          "IsStatic": true,
          "ReturnType": "SignalNotifier",
          "Parameters": [
            {
              "Name": "name",
              "Type": "String"
            },
            {
              "Name": "handler",
              "Type": "SignalHandler"
            },
            {
              "Name": "timeout",
              "Type": "TimeSpan"
            }
          ]
        },
        {
          "Name": "Enable",
          "ReturnType": "Void"
        },
        {
          "Name": "Terminate",
          "ReturnType": "Void"
        }
      ],
      "Events": [],
      "Name": "Windows.System.Threading.Core.SignalNotifier"
    },
    {
      "IsStatic": true,
      "Interfaces": [],
      "Constructors": [],
      "Properties": [],
      "Fields": [],
      "Methods": [
        {
          "Name": "RunAsync",
          "IsStatic": true,
          "ReturnType": "IAsyncAction",
          "Parameters": [
            {
              "Name": "handler",
              "Type": "WorkItemHandler"
            }
          ]
        },
        {
          "Name": "RunAsync",
          "IsStatic": true,
          "ReturnType": "IAsyncAction",
          "Parameters": [
            {
              "Name": "handler",
              "Type": "WorkItemHandler"
            },
            {
              "Name": "priority",
              "Type": "WorkItemPriority"
            }
          ]
        },
        {
          "Name": "RunAsync",
          "IsStatic": true,
          "ReturnType": "IAsyncAction",
          "Parameters": [
            {
              "Name": "handler",
              "Type": "WorkItemHandler"
            },
            {
              "Name": "priority",
              "Type": "WorkItemPriority"
            },
            {
              "Name": "options",
              "Type": "WorkItemOptions"
            }
          ]
        }
      ],
      "Events": [],
      "Name": "Windows.System.Threading.ThreadPool"
    },
    {
      "IsSealed": true,
      "Interfaces": [],
      "Constructors": [],
      "Properties": [
        {
          "Name": "Delay",
          "Type": "TimeSpan",
          "IsGet": true
        },
        {
          "Name": "Period",
          "Type": "TimeSpan",
          "IsGet": true
        }
      ],
      "Fields": [],
      "Methods": [
        {
          "Name": "Cancel",
          "ReturnType": "Void"
        },
        {
          "Name": "CreatePeriodicTimer",
          "IsStatic": true,
          "ReturnType": "ThreadPoolTimer",
          "Parameters": [
            {
              "Name": "handler",
              "Type": "TimerElapsedHandler"
            },
            {
              "Name": "period",
              "Type": "TimeSpan"
            }
          ]
        },
        {
          "Name": "CreatePeriodicTimer",
          "IsStatic": true,
          "ReturnType": "ThreadPoolTimer",
          "Parameters": [
            {
              "Name": "handler",
              "Type": "TimerElapsedHandler"
            },
            {
              "Name": "period",
              "Type": "TimeSpan"
            },
            {
              "Name": "destroyed",
              "Type": "TimerDestroyedHandler"
            }
          ]
        },
        {
          "Name": "CreateTimer",
          "IsStatic": true,
          "ReturnType": "ThreadPoolTimer",
          "Parameters": [
            {
              "Name": "handler",
              "Type": "TimerElapsedHandler"
            },
            {
              "Name": "delay",
              "Type": "TimeSpan"
            }
          ]
        },
        {
          "Name": "CreateTimer",
          "IsStatic": true,
          "ReturnType": "ThreadPoolTimer",
          "Parameters": [
            {
              "Name": "handler",
              "Type": "TimerElapsedHandler"
            },
            {
              "Name": "delay",
              "Type": "TimeSpan"
            },
            {
              "Name": "destroyed",
              "Type": "TimerDestroyedHandler"
            }
          ]
        }
      ],
      "Events": [],
      "Name": "Windows.System.Threading.ThreadPoolTimer"
    },
    {
      "IsSealed": true,
      "Interfaces": [],
      "Constructors": [],
      "Properties": [
        {
          "Name": "AuthenticationStatus",
          "Type": "UserAuthenticationStatus",
          "IsGet": true
        },
        {
          "Name": "DisplayName",
          "Type": "String",
          "IsGet": true
        },
        {
          "Name": "NonRoamableId",
          "Type": "String",
          "IsGet": true
        },
        {
          "Name": "Properties",
          "Type": "IPropertySet",
          "IsGet": true
        },
        {
          "Name": "Type",
          "Type": "UserType",
          "IsGet": true
        }
      ],
      "Fields": [],
      "Methods": [
        {
          "Name": "CreateWatcher",
          "IsStatic": true,
          "ReturnType": "UserWatcher"
        },
        {
          "Name": "FindAllAsync",
          "IsStatic": true,
          "ReturnType": "IAsyncOperation<IReadOnlyList<User>>"
        },
        {
          "Name": "FindAllAsync",
          "IsStatic": true,
          "ReturnType": "IAsyncOperation<IReadOnlyList<User>>",
          "Parameters": [
            {
              "Name": "type",
              "Type": "UserType"
            }
          ]
        },
        {
          "Name": "FindAllAsync",
          "IsStatic": true,
          "ReturnType": "IAsyncOperation<IReadOnlyList<User>>",
          "Parameters": [
            {
              "Name": "type",
              "Type": "UserType"
            },
            {
              "Name": "status",
              "Type": "UserAuthenticationStatus"
            }
          ]
        },
        {
          "Name": "GetFromId",
          "IsStatic": true,
          "ReturnType": "User",
          "Parameters": [
            {
              "Name": "nonRoamableId",
              "Type": "String"
            }
          ]
        },
        {
          "Name": "GetPicture",
          "ReturnType": "IRandomAccessStreamReference",
          "Parameters": [
            {
              "Name": "desiredSize",
              "Type": "UserPictureSize"
            }
          ]
        }
      ],
      "Events": [],
      "Name": "Windows.System.User"
    },
    {
      "IsSealed": true,
      "Interfaces": [],
      "Constructors": [],
      "Properties": [],
      "Fields": [],
      "Methods": [
        {
          "Name": "Complete",
          "ReturnType": "Void"
        }
      ],
      "Events": [],
      "Name": "Windows.System.UserAuthenticationStatusChangeDeferral"
    },
    {
      "IsSealed": true,
      "Interfaces": [],
      "Constructors": [],
      "Properties": [
        {
          "Name": "CurrentStatus",
          "Type": "UserAuthenticationStatus",
          "IsGet": true
        },
        {
          "Name": "NewStatus",
          "Type": "UserAuthenticationStatus",
          "IsGet": true
        },
        {
          "Name": "User",
          "Type": "User",
          "IsGet": true
        }
      ],
      "Fields": [],
      "Methods": [
        {
          "Name": "GetDeferral",
          "ReturnType": "UserAuthenticationStatusChangeDeferral"
        }
      ],
      "Events": [],
      "Name": "Windows.System.UserAuthenticationStatusChangingEventArgs"
    },
    {
      "IsSealed": true,
      "Interfaces": [],
      "Constructors": [],
      "Properties": [
        {
          "Name": "User",
          "Type": "User",
          "IsGet": true
        }
      ],
      "Fields": [],
      "Methods": [],
      "Events": [],
      "Name": "Windows.System.UserChangedEventArgs"
    },
    {
      "IsStatic": true,
      "Interfaces": [],
      "Constructors": [],
      "Properties": [
        {
          "Name": "AdvertisingId",
          "Type": "String",
          "IsStatic": true,
          "IsGet": true
        }
      ],
      "Fields": [],
      "Methods": [],
      "Events": [],
      "Name": "Windows.System.UserProfile.AdvertisingManager"
    },
    {
      "IsStatic": true,
      "Interfaces": [],
      "Constructors": [],
      "Properties": [
        {
          "Name": "Calendars",
          "Type": "IReadOnlyList<String>",
          "IsStatic": true,
          "IsGet": true
        },
        {
          "Name": "Clocks",
          "Type": "IReadOnlyList<String>",
          "IsStatic": true,
          "IsGet": true
        },
        {
          "Name": "Currencies",
          "Type": "IReadOnlyList<String>",
          "IsStatic": true,
          "IsGet": true
        },
        {
          "Name": "HomeGeographicRegion",
          "Type": "String",
          "IsStatic": true,
          "IsGet": true
        },
        {
          "Name": "Languages",
          "Type": "IReadOnlyList<String>",
          "IsStatic": true,
          "IsGet": true
        },
        {
          "Name": "WeekStartsOn",
          "Type": "DayOfWeek",
          "IsStatic": true,
          "IsGet": true
        }
      ],
      "Fields": [],
      "Methods": [],
      "Events": [],
      "Name": "Windows.System.UserProfile.GlobalizationPreferences"
    },
    {
      "IsStatic": true,
      "Interfaces": [],
      "Constructors": [],
      "Properties": [
        {
          "Name": "OriginalImageFile",
          "Type": "Uri",
          "IsStatic": true,
          "IsGet": true
        }
      ],
      "Fields": [],
      "Methods": [
        {
          "Name": "GetImageStream",
          "IsStatic": true,
          "ReturnType": "IRandomAccessStream"
        },
        {
          "Name": "RequestSetImageFeedAsync",
          "IsStatic": true,
          "ReturnType": "IAsyncOperation<SetImageFeedResult>",
          "Parameters": [
            {
              "Name": "syndicationFeedUri",
              "Type": "Uri"
            }
          ]
        },
        {
          "Name": "SetImageFileAsync",
          "IsStatic": true,
          "ReturnType": "IAsyncAction",
          "Parameters": [
            {
              "Name": "value",
              "Type": "IStorageFile"
            }
          ]
        },
        {
          "Name": "SetImageStreamAsync",
          "IsStatic": true,
          "ReturnType": "IAsyncAction",
          "Parameters": [
            {
              "Name": "value",
              "Type": "IRandomAccessStream"
            }
          ]
        },
        {
          "Name": "TryRemoveImageFeed",
          "IsStatic": true,
          "ReturnType": "Boolean"
        }
      ],
      "Events": [],
      "Name": "Windows.System.UserProfile.LockScreen"
    },
    {
      "IsStatic": true,
      "Interfaces": [],
      "Constructors": [],
      "Properties": [
        {
          "Name": "AccountPictureChangeEnabled",
          "Type": "Boolean",
          "IsStatic": true,
          "IsGet": true
        },
        {
          "Name": "NameAccessAllowed",
          "Type": "Boolean",
          "IsStatic": true,
          "IsGet": true
        }
      ],
      "Fields": [],
      "Methods": [
        {
          "Name": "GetAccountPicture",
          "IsStatic": true,
          "ReturnType": "IStorageFile",
          "Parameters": [
            {
              "Name": "kind",
              "Type": "AccountPictureKind"
            }
          ]
        },
        {
          "Name": "GetDisplayNameAsync",
          "IsStatic": true,
          "ReturnType": "IAsyncOperation<String>"
        },
        {
          "Name": "GetDomainNameAsync",
          "IsStatic": true,
          "ReturnType": "IAsyncOperation<String>"
        },
        {
          "Name": "GetFirstNameAsync",
          "IsStatic": true,
          "ReturnType": "IAsyncOperation<String>"
        },
        {
          "Name": "GetLastNameAsync",
          "IsStatic": true,
          "ReturnType": "IAsyncOperation<String>"
        },
        {
          "Name": "GetPrincipalNameAsync",
          "IsStatic": true,
          "ReturnType": "IAsyncOperation<String>"
        },
        {
          "Name": "GetSessionInitiationProtocolUriAsync",
          "IsStatic": true,
          "ReturnType": "IAsyncOperation<Uri>"
        },
        {
          "Name": "SetAccountPictureAsync",
          "IsStatic": true,
          "ReturnType": "IAsyncOperation<SetAccountPictureResult>",
          "Parameters": [
            {
              "Name": "image",
              "Type": "IStorageFile"
            }
          ]
        },
        {
          "Name": "SetAccountPictureFromStreamAsync",
          "IsStatic": true,
          "ReturnType": "IAsyncOperation<SetAccountPictureResult>",
          "Parameters": [
            {
              "Name": "image",
              "Type": "IRandomAccessStream"
            }
          ]
        },
        {
          "Name": "SetAccountPicturesAsync",
          "IsStatic": true,
          "ReturnType": "IAsyncOperation<SetAccountPictureResult>",
          "Parameters": [
            {
              "Name": "smallImage",
              "Type": "IStorageFile"
            },
            {
              "Name": "largeImage",
              "Type": "IStorageFile"
            },
            {
              "Name": "video",
              "Type": "IStorageFile"
            }
          ]
        },
        {
          "Name": "SetAccountPicturesFromStreamsAsync",
          "IsStatic": true,
          "ReturnType": "IAsyncOperation<SetAccountPictureResult>",
          "Parameters": [
            {
              "Name": "smallImage",
              "Type": "IRandomAccessStream"
            },
            {
              "Name": "largeImage",
              "Type": "IRandomAccessStream"
            },
            {
              "Name": "video",
              "Type": "IRandomAccessStream"
            }
          ]
        }
      ],
      "Events": [
        {
          "Name": "AccountPictureChanged",
          "Type": "EventHandler<Object>",
          "IsStatic": true
        }
      ],
      "Name": "Windows.System.UserProfile.UserInformation"
    },
    {
      "IsSealed": true,
      "Interfaces": [],
      "Constructors": [],
      "Properties": [
        {
          "Name": "Status",
          "Type": "UserWatcherStatus",
          "IsGet": true
        }
      ],
      "Fields": [],
      "Methods": [
        {
          "Name": "Start",
          "ReturnType": "Void"
        },
        {
          "Name": "Stop",
          "ReturnType": "Void"
        }
      ],
      "Events": [
        {
          "Name": "Added",
          "Type": "TypedEventHandler<UserWatcher,UserChangedEventArgs>"
        },
        {
          "Name": "AuthenticationStatusChanged",
          "Type": "TypedEventHandler<UserWatcher,UserChangedEventArgs>"
        },
        {
          "Name": "AuthenticationStatusChanging",
          "Type": "TypedEventHandler<UserWatcher,UserAuthenticationStatusChangingEventArgs>"
        },
        {
          "Name": "EnumerationCompleted",
          "Type": "TypedEventHandler<UserWatcher,Object>"
        },
        {
          "Name": "Removed",
          "Type": "TypedEventHandler<UserWatcher,UserChangedEventArgs>"
        },
        {
          "Name": "Stopped",
          "Type": "TypedEventHandler<UserWatcher,Object>"
        },
        {
          "Name": "Updated",
          "Type": "TypedEventHandler<UserWatcher,UserChangedEventArgs>"
        }
      ],
      "Name": "Windows.System.UserWatcher"
    }
  ],
  "Structs": [],
  "Interfaces": [],
  "Enums": [
    {
      "BaseType": "Int32",
      "Values": [
        {
          "Name": "NotPresent",
          "Value": "0"
        },
        {
          "Name": "Discharging",
          "Value": "1"
        },
        {
          "Name": "Idle",
          "Value": "2"
        },
        {
          "Name": "Charging",
          "Value": "3"
        }
      ],
      "Name": "Windows.System.BatteryStatus"
    },
    {
      "BaseType": "Int32",
      "Values": [
        {
          "Name": "Disabled",
          "Value": "0"
        },
        {
          "Name": "Off",
          "Value": "1"
        },
        {
          "Name": "On",
          "Value": "2"
        }
      ],
      "Name": "Windows.System.PowerSavingStatus"
    },
    {
      "BaseType": "Int32",
      "Values": [
        {
          "Name": "NotPresent",
          "Value": "0"
        },
        {
          "Name": "Inadequate",
          "Value": "1"
        },
        {
          "Name": "Adequate",
          "Value": "2"
        }
      ],
      "Name": "Windows.System.PowerSupplyStatus"
    },
    {
      "BaseType": "Int32",
      "Values": [
        {
          "Name": "X86",
          "Value": "0"
        },
        {
          "Name": "Arm",
          "Value": "5"
        },
        {
          "Name": "X64",
          "Value": "9"
        },
        {
          "Name": "Neutral",
          "Value": "11"
        },
        {
          "Name": "Unknown",
          "Value": "65535"
        }
      ],
      "Name": "Windows.System.ProcessorArchitecture"
    },
    {
      "IsFlags": true,
      "BaseType": "UInt32",
      "Values": [
        {
          "Name": "None",
          "Value": "0"
        },
        {
          "Name": "TimeSliced",
          "Value": "1"
        }
      ],
      "Name": "Windows.System.Threading.WorkItemOptions"
    },
    {
      "BaseType": "Int32",
      "Values": [
        {
          "Name": "Low",
          "Value": "-1"
        },
        {
          "Name": "Normal",
          "Value": "0"
        },
        {
          "Name": "High",
          "Value": "1"
        }
      ],
      "Name": "Windows.System.Threading.WorkItemPriority"
    },
    {
      "BaseType": "Int32",
      "Values": [
        {
          "Name": "Unauthenticated",
          "Value": "0"
        },
        {
          "Name": "LocallyAuthenticated",
          "Value": "1"
        },
        {
          "Name": "RemotelyAuthenticated",
          "Value": "2"
        }
      ],
      "Name": "Windows.System.UserAuthenticationStatus"
    },
    {
      "BaseType": "Int32",
      "Values": [
        {
          "Name": "Size64x64",
          "Value": "0"
        },
        {
          "Name": "Size208x208",
          "Value": "1"
        },
        {
          "Name": "Size424x424",
          "Value": "2"
        },
        {
          "Name": "Size1080x1080",
          "Value": "3"
        }
      ],
      "Name": "Windows.System.UserPictureSize"
    },
    {
      "BaseType": "Int32",
      "Values": [
        {
          "Name": "SmallImage",
          "Value": "0"
        },
        {
          "Name": "LargeImage",
          "Value": "1"
        },
        {
          "Name": "Video",
          "Value": "2"
        }
      ],
      "Name": "Windows.System.UserProfile.AccountPictureKind"
    },
    {
      "BaseType": "Int32",
      "Values": [
        {
          "Name": "Success",
          "Value": "0"
        },
        {
          "Name": "ChangeDisabled",
          "Value": "1"
        },
        {
          "Name": "LargeOrDynamicError",
          "Value": "2"
        },
        {
          "Name": "VideoFrameSizeError",
          "Value": "3"
        },
        {
          "Name": "FileSizeError",
          "Value": "4"
        },
        {
          "Name": "Failure",
          "Value": "5"
        }
      ],
      "Name": "Windows.System.UserProfile.SetAccountPictureResult"
    },
    {
      "BaseType": "Int32",
      "Values": [
        {
          "Name": "Success",
          "Value": "0"
        },
        {
          "Name": "ChangeDisabled",
          "Value": "1"
        },
        {
          "Name": "UserCanceled",
          "Value": "2"
        }
      ],
      "Name": "Windows.System.UserProfile.SetImageFeedResult"
    },
    {
      "BaseType": "Int32",
      "Values": [
        {
          "Name": "LocalUser",
          "Value": "0"
        },
        {
          "Name": "RemoteUser",
          "Value": "1"
        },
        {
          "Name": "LocalGuest",
          "Value": "2"
        },
        {
          "Name": "RemoteGuest",
          "Value": "3"
        }
      ],
      "Name": "Windows.System.UserType"
    },
    {
      "BaseType": "Int32",
      "Values": [
        {
          "Name": "Created",
          "Value": "0"
        },
        {
          "Name": "Started",
          "Value": "1"
        },
        {
          "Name": "EnumerationCompleted",
          "Value": "2"
        },
        {
          "Name": "Stopping",
          "Value": "3"
        },
        {
          "Name": "Stopped",
          "Value": "4"
        },
        {
          "Name": "Aborted",
          "Value": "5"
        }
      ],
      "Name": "Windows.System.UserWatcherStatus"
    },
    {
      "BaseType": "Int32",
      "Values": [
        {
          "Name": "None",
          "Value": "0"
        },
        {
          "Name": "LeftButton",
          "Value": "1"
        },
        {
          "Name": "RightButton",
          "Value": "2"
        },
        {
          "Name": "Cancel",
          "Value": "3"
        },
        {
          "Name": "MiddleButton",
          "Value": "4"
        },
        {
          "Name": "XButton1",
          "Value": "5"
        },
        {
          "Name": "XButton2",
          "Value": "6"
        },
        {
          "Name": "Back",
          "Value": "8"
        },
        {
          "Name": "Tab",
          "Value": "9"
        },
        {
          "Name": "Clear",
          "Value": "12"
        },
        {
          "Name": "Enter",
          "Value": "13"
        },
        {
          "Name": "Shift",
          "Value": "16"
        },
        {
          "Name": "Control",
          "Value": "17"
        },
        {
          "Name": "Menu",
          "Value": "18"
        },
        {
          "Name": "Pause",
          "Value": "19"
        },
        {
          "Name": "CapitalLock",
          "Value": "20"
        },
        {
          "Name": "Kana",
          "Value": "21"
        },
        {
          "Name": "Hangul",
          "Value": "21"
        },
        {
          "Name": "Junja",
          "Value": "23"
        },
        {
          "Name": "Final",
          "Value": "24"
        },
        {
          "Name": "Hanja",
          "Value": "25"
        },
        {
          "Name": "Kanji",
          "Value": "25"
        },
        {
          "Name": "Escape",
          "Value": "27"
        },
        {
          "Name": "Convert",
          "Value": "28"
        },
        {
          "Name": "NonConvert",
          "Value": "29"
        },
        {
          "Name": "Accept",
          "Value": "30"
        },
        {
          "Name": "ModeChange",
          "Value": "31"
        },
        {
          "Name": "Space",
          "Value": "32"
        },
        {
          "Name": "PageUp",
          "Value": "33"
        },
        {
          "Name": "PageDown",
          "Value": "34"
        },
        {
          "Name": "End",
          "Value": "35"
        },
        {
          "Name": "Home",
          "Value": "36"
        },
        {
          "Name": "Left",
          "Value": "37"
        },
        {
          "Name": "Up",
          "Value": "38"
        },
        {
          "Name": "Right",
          "Value": "39"
        },
        {
          "Name": "Down",
          "Value": "40"
        },
        {
          "Name": "Select",
          "Value": "41"
        },
        {
          "Name": "Print",
          "Value": "42"
        },
        {
          "Name": "Execute",
          "Value": "43"
        },
        {
          "Name": "Snapshot",
          "Value": "44"
        },
        {
          "Name": "Insert",
          "Value": "45"
        },
        {
          "Name": "Delete",
          "Value": "46"
        },
        {
          "Name": "Help",
          "Value": "47"
        },
        {
          "Name": "Number0",
          "Value": "48"
        },
        {
          "Name": "Number1",
          "Value": "49"
        },
        {
          "Name": "Number2",
          "Value": "50"
        },
        {
          "Name": "Number3",
          "Value": "51"
        },
        {
          "Name": "Number4",
          "Value": "52"
        },
        {
          "Name": "Number5",
          "Value": "53"
        },
        {
          "Name": "Number6",
          "Value": "54"
        },
        {
          "Name": "Number7",
          "Value": "55"
        },
        {
          "Name": "Number8",
          "Value": "56"
        },
        {
          "Name": "Number9",
          "Value": "57"
        },
        {
          "Name": "A",
          "Value": "65"
        },
        {
          "Name": "B",
          "Value": "66"
        },
        {
          "Name": "C",
          "Value": "67"
        },
        {
          "Name": "D",
          "Value": "68"
        },
        {
          "Name": "E",
          "Value": "69"
        },
        {
          "Name": "F",
          "Value": "70"
        },
        {
          "Name": "G",
          "Value": "71"
        },
        {
          "Name": "H",
          "Value": "72"
        },
        {
          "Name": "I",
          "Value": "73"
        },
        {
          "Name": "J",
          "Value": "74"
        },
        {
          "Name": "K",
          "Value": "75"
        },
        {
          "Name": "L",
          "Value": "76"
        },
        {
          "Name": "M",
          "Value": "77"
        },
        {
          "Name": "N",
          "Value": "78"
        },
        {
          "Name": "O",
          "Value": "79"
        },
        {
          "Name": "P",
          "Value": "80"
        },
        {
          "Name": "Q",
          "Value": "81"
        },
        {
          "Name": "R",
          "Value": "82"
        },
        {
          "Name": "S",
          "Value": "83"
        },
        {
          "Name": "T",
          "Value": "84"
        },
        {
          "Name": "U",
          "Value": "85"
        },
        {
          "Name": "V",
          "Value": "86"
        },
        {
          "Name": "W",
          "Value": "87"
        },
        {
          "Name": "X",
          "Value": "88"
        },
        {
          "Name": "Y",
          "Value": "89"
        },
        {
          "Name": "Z",
          "Value": "90"
        },
        {
          "Name": "LeftWindows",
          "Value": "91"
        },
        {
          "Name": "RightWindows",
          "Value": "92"
        },
        {
          "Name": "Application",
          "Value": "93"
        },
        {
          "Name": "Sleep",
          "Value": "95"
        },
        {
          "Name": "NumberPad0",
          "Value": "96"
        },
        {
          "Name": "NumberPad1",
          "Value": "97"
        },
        {
          "Name": "NumberPad2",
          "Value": "98"
        },
        {
          "Name": "NumberPad3",
          "Value": "99"
        },
        {
          "Name": "NumberPad4",
          "Value": "100"
        },
        {
          "Name": "NumberPad5",
          "Value": "101"
        },
        {
          "Name": "NumberPad6",
          "Value": "102"
        },
        {
          "Name": "NumberPad7",
          "Value": "103"
        },
        {
          "Name": "NumberPad8",
          "Value": "104"
        },
        {
          "Name": "NumberPad9",
          "Value": "105"
        },
        {
          "Name": "Multiply",
          "Value": "106"
        },
        {
          "Name": "Add",
          "Value": "107"
        },
        {
          "Name": "Separator",
          "Value": "108"
        },
        {
          "Name": "Subtract",
          "Value": "109"
        },
        {
          "Name": "Decimal",
          "Value": "110"
        },
        {
          "Name": "Divide",
          "Value": "111"
        },
        {
          "Name": "F1",
          "Value": "112"
        },
        {
          "Name": "F2",
          "Value": "113"
        },
        {
          "Name": "F3",
          "Value": "114"
        },
        {
          "Name": "F4",
          "Value": "115"
        },
        {
          "Name": "F5",
          "Value": "116"
        },
        {
          "Name": "F6",
          "Value": "117"
        },
        {
          "Name": "F7",
          "Value": "118"
        },
        {
          "Name": "F8",
          "Value": "119"
        },
        {
          "Name": "F9",
          "Value": "120"
        },
        {
          "Name": "F10",
          "Value": "121"
        },
        {
          "Name": "F11",
          "Value": "122"
        },
        {
          "Name": "F12",
          "Value": "123"
        },
        {
          "Name": "F13",
          "Value": "124"
        },
        {
          "Name": "F14",
          "Value": "125"
        },
        {
          "Name": "F15",
          "Value": "126"
        },
        {
          "Name": "F16",
          "Value": "127"
        },
        {
          "Name": "F17",
          "Value": "128"
        },
        {
          "Name": "F18",
          "Value": "129"
        },
        {
          "Name": "F19",
          "Value": "130"
        },
        {
          "Name": "F20",
          "Value": "131"
        },
        {
          "Name": "F21",
          "Value": "132"
        },
        {
          "Name": "F22",
          "Value": "133"
        },
        {
          "Name": "F23",
          "Value": "134"
        },
        {
          "Name": "F24",
          "Value": "135"
        },
        {
          "Name": "NumberKeyLock",
          "Value": "144"
        },
        {
          "Name": "Scroll",
          "Value": "145"
        },
        {
          "Name": "LeftShift",
          "Value": "160"
        },
        {
          "Name": "RightShift",
          "Value": "161"
        },
        {
          "Name": "LeftControl",
          "Value": "162"
        },
        {
          "Name": "RightControl",
          "Value": "163"
        },
        {
          "Name": "LeftMenu",
          "Value": "164"
        },
        {
          "Name": "RightMenu",
          "Value": "165"
        },
        {
          "Name": "GoBack",
          "Value": "166"
        },
        {
          "Name": "GoForward",
          "Value": "167"
        },
        {
          "Name": "Refresh",
          "Value": "168"
        },
        {
          "Name": "Stop",
          "Value": "169"
        },
        {
          "Name": "Search",
          "Value": "170"
        },
        {
          "Name": "Favorites",
          "Value": "171"
        },
        {
          "Name": "GoHome",
          "Value": "172"
        }
      ],
      "Name": "Windows.System.VirtualKey"
    },
    {
      "IsFlags": true,
      "BaseType": "UInt32",
      "Values": [
        {
          "Name": "None",
          "Value": "0"
        },
        {
          "Name": "Control",
          "Value": "1"
        },
        {
          "Name": "Menu",
          "Value": "2"
        },
        {
          "Name": "Shift",
          "Value": "4"
        },
        {
          "Name": "Windows",
          "Value": "8"
        }
      ],
      "Name": "Windows.System.VirtualKeyModifiers"
    }
  ],
  "Delegates": [
    {
      "ReturnType": "Void",
      "Parameters": [
        {
          "Name": "timer",
          "Type": "ThreadPoolTimer"
        }
      ],
      "Name": "Windows.System.Threading.TimerElapsedHandler"
    },
    {
      "ReturnType": "Void",
      "Parameters": [
        {
          "Name": "timer",
          "Type": "ThreadPoolTimer"
        }
      ],
      "Name": "Windows.System.Threading.TimerDestroyedHandler"
    },
    {
      "ReturnType": "Void",
      "Parameters": [
        {
          "Name": "operation",
          "Type": "IAsyncAction"
        }
      ],
      "Name": "Windows.System.Threading.WorkItemHandler"
    },
    {
      "ReturnType": "Void",
      "Parameters": [
        {
          "Name": "signalNotifier",
          "Type": "SignalNotifier"
        },
        {
          "Name": "timedOut",
          "Type": "Boolean"
        }
      ],
      "Name": "Windows.System.Threading.Core.SignalHandler"
    }
  ]
}