{
  "Name": "Windows.Management, Version=255.255.255.255, Culture=neutral, PublicKeyToken=null, ContentType=WindowsRuntime",
  "Enums": [
    {
      "Name": "Windows.Management.Deployment.AddPackageByAppInstallerOptions",
      "IsFlags": true,
      "BaseType": "UInt32",
      "Values": [
        {
          "Name": "None",
          "Value": "0"
        },
        {
          "Name": "InstallAllResources",
          "Value": "32"
        },
        {
          "Name": "ForceTargetAppShutdown",
          "Value": "64"
        },
        {
          "Name": "RequiredContentGroupOnly",
          "Value": "256"
        }
      ]
    },
    {
      "Name": "Windows.Management.Deployment.DeploymentOptions",
      "IsFlags": true,
      "BaseType": "UInt32",
      "Values": [
        {
          "Name": "None",
          "Value": "0"
        },
        {
          "Name": "ForceApplicationShutdown",
          "Value": "1"
        },
        {
          "Name": "DevelopmentMode",
          "Value": "2"
        },
        {
          "Name": "InstallAllResources",
          "Value": "32"
        },
        {
          "Name": "ForceTargetApplicationShutdown",
          "Value": "64"
        },
        {
          "Name": "RequiredContentGroupOnly",
          "Value": "256"
        },
        {
          "Name": "ForceUpdateFromAnyVersion",
          "Value": "262144"
        }
      ]
    },
    {
      "Name": "Windows.Management.Deployment.DeploymentProgressState",
      "BaseType": "Int32",
      "Values": [
        {
          "Name": "Queued",
          "Value": "0"
        },
        {
          "Name": "Processing",
          "Value": "1"
        }
      ]
    },
    {
      "Name": "Windows.Management.Deployment.PackageInstallState",
      "BaseType": "Int32",
      "Values": [
        {
          "Name": "NotInstalled",
          "Value": "0"
        },
        {
          "Name": "Staged",
          "Value": "1"
        },
        {
          "Name": "Installed",
          "Value": "2"
        },
        {
          "Name": "Paused",
          "Value": "6"
        }
      ]
    },
    {
      "Name": "Windows.Management.Deployment.PackageState",
      "BaseType": "Int32",
      "Values": [
        {
          "Name": "Normal",
          "Value": "0"
        },
        {
          "Name": "LicenseInvalid",
          "Value": "1"
        },
        {
          "Name": "Modified",
          "Value": "2"
        },
        {
          "Name": "Tampered",
          "Value": "3"
        }
      ]
    },
    {
      "Name": "Windows.Management.Deployment.PackageStatus",
      "IsFlags": true,
      "BaseType": "UInt32",
      "Values": [
        {
          "Name": "OK",
          "Value": "0"
        },
        {
          "Name": "LicenseIssue",
          "Value": "1"
        },
        {
          "Name": "Modified",
          "Value": "2"
        },
        {
          "Name": "Tampered",
          "Value": "4"
        },
        {
          "Name": "Disabled",
          "Value": "8"
        }
      ]
    },
    {
      "Name": "Windows.Management.Deployment.PackageTypes",
      "IsFlags": true,
      "BaseType": "UInt32",
      "Values": [
        {
          "Name": "None",
          "Value": "0"
        },
        {
          "Name": "Main",
          "Value": "1"
        },
        {
          "Name": "Framework",
          "Value": "2"
        },
        {
          "Name": "Resource",
          "Value": "4"
        },
        {
          "Name": "Bundle",
          "Value": "8"
        },
        {
          "Name": "Xap",
          "Value": "16"
        },
        {
          "Name": "Optional",
          "Value": "32"
        }
      ]
    },
    {
      "Name": "Windows.Management.Deployment.RemovalOptions",
      "IsFlags": true,
      "BaseType": "UInt32",
      "Values": [
        {
          "Name": "None",
          "Value": "0"
        },
        {
          "Name": "PreserveApplicationData",
          "Value": "4096"
        },
        {
          "Name": "RemoveForAllUsers",
          "Value": "524288"
        }
      ]
    },
    {
      "Name": "Windows.Management.MdmAlertDataType",
      "BaseType": "Int32",
      "Values": [
        {
          "Name": "String",
          "Value": "0"
        },
        {
          "Name": "Base64",
          "Value": "1"
        },
        {
          "Name": "Boolean",
          "Value": "2"
        },
        {
          "Name": "Integer",
          "Value": "3"
        }
      ]
    },
    {
      "Name": "Windows.Management.MdmAlertMark",
      "BaseType": "Int32",
      "Values": [
        {
          "Name": "None",
          "Value": "0"
        },
        {
          "Name": "Fatal",
          "Value": "1"
        },
        {
          "Name": "Critical",
          "Value": "2"
        },
        {
          "Name": "Warning",
          "Value": "3"
        },
        {
          "Name": "Informational",
          "Value": "4"
        }
      ]
    },
    {
      "Name": "Windows.Management.MdmSessionState",
      "BaseType": "Int32",
      "Values": [
        {
          "Name": "NotStarted",
          "Value": "0"
        },
        {
          "Name": "Starting",
          "Value": "1"
        },
        {
          "Name": "Connecting",
          "Value": "2"
        },
        {
          "Name": "Communicating",
          "Value": "3"
        },
        {
          "Name": "AlertStatusAvailable",
          "Value": "4"
        },
        {
          "Name": "Retrying",
          "Value": "5"
        },
        {
          "Name": "Completed",
          "Value": "6"
        }
      ]
    },
    {
      "Name": "Windows.Management.Policies.NamedPolicyKind",
      "BaseType": "Int32",
      "Values": [
        {
          "Name": "Invalid",
          "Value": "0"
        },
        {
          "Name": "Binary",
          "Value": "1"
        },
        {
          "Name": "Boolean",
          "Value": "2"
        },
        {
          "Name": "Int32",
          "Value": "3"
        },
        {
          "Name": "Int64",
          "Value": "4"
        },
        {
          "Name": "String",
          "Value": "5"
        }
      ]
    },
    {
      "Name": "Windows.Management.Workplace.MessagingSyncPolicy",
      "BaseType": "Int32",
      "Values": [
        {
          "Name": "Disallowed",
          "Value": "0"
        },
        {
          "Name": "Allowed",
          "Value": "1"
        },
        {
          "Name": "Required",
          "Value": "2"
        }
      ]
    }
  ],
  "Structs": [
    {
      "Name": "Windows.Management.Deployment.DeploymentProgress",
      "Fields": [
        {
          "Name": "state",
          "Type": "DeploymentProgressState"
        },
        {
          "Name": "percentage",
          "Type": "UInt32"
        }
      ]
    },
    {
      "Name": "Windows.Management.Deployment.Preview.DeploymentPreviewContract"
    },
    {
      "Name": "Windows.Management.Workplace.WorkplaceSettingsContract"
    }
  ],
  "Classes": [
    {
      "Name": "Windows.Management.Core.ApplicationDataManager",
      "IsSealed": true,
      "Methods": [
        {
          "Name": "CreateForPackageFamily",
          "IsStatic": true,
          "ReturnType": "ApplicationData",
          "Parameters": [
            {
              "Name": "packageFamilyName",
              "Type": "String"
            }
          ]
        }
      ]
    },
    {
      "Name": "Windows.Management.Deployment.DeploymentResult",
      "IsSealed": true,
      "Properties": [
        {
          "Name": "ActivityId",
          "Type": "Guid",
          "IsGet": true
        },
        {
          "Name": "ErrorText",
          "Type": "String",
          "IsGet": true
        },
        {
          "Name": "ExtendedErrorCode",
          "Type": "Exception",
          "IsGet": true
        },
        {
          "Name": "IsRegistered",
          "Type": "Boolean",
          "IsGet": true
        }
      ]
    },
    {
      "Name": "Windows.Management.Deployment.PackageManager",
      "IsSealed": true,
      "Properties": [
        {
          "Name": "DebugSettings",
          "Type": "PackageManagerDebugSettings",
          "IsGet": true
        }
      ],
      "Methods": [
        {
          "Name": "StagePackageAsync",
          "ReturnType": "IAsyncOperationWithProgress<DeploymentResult,DeploymentProgress>",
          "Parameters": [
            {
              "Name": "packageUri",
              "Type": "Uri"
            },
            {
              "Name": "dependencyPackageUris",
              "Type": "IEnumerable<Uri>"
            },
            {
              "Name": "options",
              "Type": "DeploymentOptions"
            },
            {
              "Name": "targetVolume",
              "Type": "PackageVolume"
            },
            {
              "Name": "optionalPackageFamilyNames",
              "Type": "IEnumerable<String>"
            },
            {
              "Name": "packageUrisToInstall",
              "Type": "IEnumerable<Uri>"
            },
            {
              "Name": "relatedPackageUris",
              "Type": "IEnumerable<Uri>"
            }
          ]
        },
        {
          "Name": "RequestAddPackageAsync",
          "ReturnType": "IAsyncOperationWithProgress<DeploymentResult,DeploymentProgress>",
          "Parameters": [
            {
              "Name": "packageUri",
              "Type": "Uri"
            },
            {
              "Name": "dependencyPackageUris",
              "Type": "IEnumerable<Uri>"
            },
            {
              "Name": "deploymentOptions",
              "Type": "DeploymentOptions"
            },
            {
              "Name": "targetVolume",
              "Type": "PackageVolume"
            },
            {
              "Name": "optionalPackageFamilyNames",
              "Type": "IEnumerable<String>"
            },
            {
              "Name": "relatedPackageUris",
              "Type": "IEnumerable<Uri>"
            }
          ]
        },
        {
          "Name": "RequestAddPackageAsync",
          "ReturnType": "IAsyncOperationWithProgress<DeploymentResult,DeploymentProgress>",
          "Parameters": [
            {
              "Name": "packageUri",
              "Type": "Uri"
            },
            {
              "Name": "dependencyPackageUris",
              "Type": "IEnumerable<Uri>"
            },
            {
              "Name": "deploymentOptions",
              "Type": "DeploymentOptions"
            },
            {
              "Name": "targetVolume",
              "Type": "PackageVolume"
            },
            {
              "Name": "optionalPackageFamilyNames",
              "Type": "IEnumerable<String>"
            },
            {
              "Name": "relatedPackageUris",
              "Type": "IEnumerable<Uri>"
            },
            {
              "Name": "packageUrisToInstall",
              "Type": "IEnumerable<Uri>"
            }
          ]
        },
        {
          "Name": "DeprovisionPackageForAllUsersAsync",
          "ReturnType": "IAsyncOperationWithProgress<DeploymentResult,DeploymentProgress>",
          "Parameters": [
            {
              "Name": "packageFamilyName",
              "Type": "String"
            }
          ]
        },
        {
          "Name": "AddPackageAsync",
          "ReturnType": "IAsyncOperationWithProgress<DeploymentResult,DeploymentProgress>",
          "Parameters": [
            {
              "Name": "packageUri",
              "Type": "Uri"
            },
            {
              "Name": "dependencyPackageUris",
              "Type": "IEnumerable<Uri>"
            },
            {
              "Name": "deploymentOptions",
              "Type": "DeploymentOptions"
            }
          ]
        },
        {
          "Name": "UpdatePackageAsync",
          "ReturnType": "IAsyncOperationWithProgress<DeploymentResult,DeploymentProgress>",
          "Parameters": [
            {
              "Name": "packageUri",
              "Type": "Uri"
            },
            {
              "Name": "dependencyPackageUris",
              "Type": "IEnumerable<Uri>"
            },
            {
              "Name": "deploymentOptions",
              "Type": "DeploymentOptions"
            }
          ]
        },
        {
          "Name": "RemovePackageAsync",
          "ReturnType": "IAsyncOperationWithProgress<DeploymentResult,DeploymentProgress>",
          "Parameters": [
            {
              "Name": "packageFullName",
              "Type": "String"
            }
          ]
        },
        {
          "Name": "StagePackageAsync",
          "ReturnType": "IAsyncOperationWithProgress<DeploymentResult,DeploymentProgress>",
          "Parameters": [
            {
              "Name": "packageUri",
              "Type": "Uri"
            },
            {
              "Name": "dependencyPackageUris",
              "Type": "IEnumerable<Uri>"
            }
          ]
        },
        {
          "Name": "RegisterPackageAsync",
          "ReturnType": "IAsyncOperationWithProgress<DeploymentResult,DeploymentProgress>",
          "Parameters": [
            {
              "Name": "manifestUri",
              "Type": "Uri"
            },
            {
              "Name": "dependencyPackageUris",
              "Type": "IEnumerable<Uri>"
            },
            {
              "Name": "deploymentOptions",
              "Type": "DeploymentOptions"
            }
          ]
        },
        {
          "Name": "FindPackages",
          "ReturnType": "IEnumerable<Package>"
        },
        {
          "Name": "FindPackagesForUser",
          "ReturnType": "IEnumerable<Package>",
          "Parameters": [
            {
              "Name": "userSecurityId",
              "Type": "String"
            }
          ]
        },
        {
          "Name": "FindPackages",
          "ReturnType": "IEnumerable<Package>",
          "Parameters": [
            {
              "Name": "packageName",
              "Type": "String"
            },
            {
              "Name": "packagePublisher",
              "Type": "String"
            }
          ]
        },
        {
          "Name": "FindPackagesForUser",
          "ReturnType": "IEnumerable<Package>",
          "Parameters": [
            {
              "Name": "userSecurityId",
              "Type": "String"
            },
            {
              "Name": "packageName",
              "Type": "String"
            },
            {
              "Name": "packagePublisher",
              "Type": "String"
            }
          ]
        },
        {
          "Name": "FindUsers",
          "ReturnType": "IEnumerable<PackageUserInformation>",
          "Parameters": [
            {
              "Name": "packageFullName",
              "Type": "String"
            }
          ]
        },
        {
          "Name": "SetPackageState",
          "ReturnType": "Void",
          "Parameters": [
            {
              "Name": "packageFullName",
              "Type": "String"
            },
            {
              "Name": "packageState",
              "Type": "PackageState"
            }
          ]
        },
        {
          "Name": "FindPackage",
          "ReturnType": "Package",
          "Parameters": [
            {
              "Name": "packageFullName",
              "Type": "String"
            }
          ]
        },
        {
          "Name": "CleanupPackageForUserAsync",
          "ReturnType": "IAsyncOperationWithProgress<DeploymentResult,DeploymentProgress>",
          "Parameters": [
            {
              "Name": "packageName",
              "Type": "String"
            },
            {
              "Name": "userSecurityId",
              "Type": "String"
            }
          ]
        },
        {
          "Name": "FindPackages",
          "ReturnType": "IEnumerable<Package>",
          "Parameters": [
            {
              "Name": "packageFamilyName",
              "Type": "String"
            }
          ]
        },
        {
          "Name": "FindPackagesForUser",
          "ReturnType": "IEnumerable<Package>",
          "Parameters": [
            {
              "Name": "userSecurityId",
              "Type": "String"
            },
            {
              "Name": "packageFamilyName",
              "Type": "String"
            }
          ]
        },
        {
          "Name": "FindPackageForUser",
          "ReturnType": "Package",
          "Parameters": [
            {
              "Name": "userSecurityId",
              "Type": "String"
            },
            {
              "Name": "packageFullName",
              "Type": "String"
            }
          ]
        },
        {
          "Name": "RemovePackageAsync",
          "ReturnType": "IAsyncOperationWithProgress<DeploymentResult,DeploymentProgress>",
          "Parameters": [
            {
              "Name": "packageFullName",
              "Type": "String"
            },
            {
              "Name": "removalOptions",
              "Type": "RemovalOptions"
            }
          ]
        },
        {
          "Name": "StagePackageAsync",
          "ReturnType": "IAsyncOperationWithProgress<DeploymentResult,DeploymentProgress>",
          "Parameters": [
            {
              "Name": "packageUri",
              "Type": "Uri"
            },
            {
              "Name": "dependencyPackageUris",
              "Type": "IEnumerable<Uri>"
            },
            {
              "Name": "deploymentOptions",
              "Type": "DeploymentOptions"
            }
          ]
        },
        {
          "Name": "RegisterPackageByFullNameAsync",
          "ReturnType": "IAsyncOperationWithProgress<DeploymentResult,DeploymentProgress>",
          "Parameters": [
            {
              "Name": "mainPackageFullName",
              "Type": "String"
            },
            {
              "Name": "dependencyPackageFullNames",
              "Type": "IEnumerable<String>"
            },
            {
              "Name": "deploymentOptions",
              "Type": "DeploymentOptions"
            }
          ]
        },
        {
          "Name": "FindPackagesWithPackageTypes",
          "ReturnType": "IEnumerable<Package>",
          "Parameters": [
            {
              "Name": "packageTypes",
              "Type": "PackageTypes"
            }
          ]
        },
        {
          "Name": "FindPackagesForUserWithPackageTypes",
          "ReturnType": "IEnumerable<Package>",
          "Parameters": [
            {
              "Name": "userSecurityId",
              "Type": "String"
            },
            {
              "Name": "packageTypes",
              "Type": "PackageTypes"
            }
          ]
        },
        {
          "Name": "FindPackagesWithPackageTypes",
          "ReturnType": "IEnumerable<Package>",
          "Parameters": [
            {
              "Name": "packageName",
              "Type": "String"
            },
            {
              "Name": "packagePublisher",
              "Type": "String"
            },
            {
              "Name": "packageTypes",
              "Type": "PackageTypes"
            }
          ]
        },
        {
          "Name": "FindPackagesForUserWithPackageTypes",
          "ReturnType": "IEnumerable<Package>",
          "Parameters": [
            {
              "Name": "userSecurityId",
              "Type": "String"
            },
            {
              "Name": "packageName",
              "Type": "String"
            },
            {
              "Name": "packagePublisher",
              "Type": "String"
            },
            {
              "Name": "packageTypes",
              "Type": "PackageTypes"
            }
          ]
        },
        {
          "Name": "FindPackagesWithPackageTypes",
          "ReturnType": "IEnumerable<Package>",
          "Parameters": [
            {
              "Name": "packageFamilyName",
              "Type": "String"
            },
            {
              "Name": "packageTypes",
              "Type": "PackageTypes"
            }
          ]
        },
        {
          "Name": "FindPackagesForUserWithPackageTypes",
          "ReturnType": "IEnumerable<Package>",
          "Parameters": [
            {
              "Name": "userSecurityId",
              "Type": "String"
            },
            {
              "Name": "packageFamilyName",
              "Type": "String"
            },
            {
              "Name": "packageTypes",
              "Type": "PackageTypes"
            }
          ]
        },
        {
          "Name": "StageUserDataAsync",
          "ReturnType": "IAsyncOperationWithProgress<DeploymentResult,DeploymentProgress>",
          "Parameters": [
            {
              "Name": "packageFullName",
              "Type": "String"
            }
          ]
        },
        {
          "Name": "AddPackageVolumeAsync",
          "ReturnType": "IAsyncOperation<PackageVolume>",
          "Parameters": [
            {
              "Name": "packageStorePath",
              "Type": "String"
            }
          ]
        },
        {
          "Name": "AddPackageAsync",
          "ReturnType": "IAsyncOperationWithProgress<DeploymentResult,DeploymentProgress>",
          "Parameters": [
            {
              "Name": "packageUri",
              "Type": "Uri"
            },
            {
              "Name": "dependencyPackageUris",
              "Type": "IEnumerable<Uri>"
            },
            {
              "Name": "deploymentOptions",
              "Type": "DeploymentOptions"
            },
            {
              "Name": "targetVolume",
              "Type": "PackageVolume"
            }
          ]
        },
        {
          "Name": "ClearPackageStatus",
          "ReturnType": "Void",
          "Parameters": [
            {
              "Name": "packageFullName",
              "Type": "String"
            },
            {
              "Name": "status",
              "Type": "PackageStatus"
            }
          ]
        },
        {
          "Name": "RegisterPackageAsync",
          "ReturnType": "IAsyncOperationWithProgress<DeploymentResult,DeploymentProgress>",
          "Parameters": [
            {
              "Name": "manifestUri",
              "Type": "Uri"
            },
            {
              "Name": "dependencyPackageUris",
              "Type": "IEnumerable<Uri>"
            },
            {
              "Name": "deploymentOptions",
              "Type": "DeploymentOptions"
            },
            {
              "Name": "appDataVolume",
              "Type": "PackageVolume"
            }
          ]
        },
        {
          "Name": "FindPackageVolume",
          "ReturnType": "PackageVolume",
          "Parameters": [
            {
              "Name": "volumeName",
              "Type": "String"
            }
          ]
        },
        {
          "Name": "FindPackageVolumes",
          "ReturnType": "IEnumerable<PackageVolume>"
        },
        {
          "Name": "GetDefaultPackageVolume",
          "ReturnType": "PackageVolume"
        },
        {
          "Name": "MovePackageToVolumeAsync",
          "ReturnType": "IAsyncOperationWithProgress<DeploymentResult,DeploymentProgress>",
          "Parameters": [
            {
              "Name": "packageFullName",
              "Type": "String"
            },
            {
              "Name": "deploymentOptions",
              "Type": "DeploymentOptions"
            },
            {
              "Name": "targetVolume",
              "Type": "PackageVolume"
            }
          ]
        },
        {
          "Name": "RemovePackageVolumeAsync",
          "ReturnType": "IAsyncOperationWithProgress<DeploymentResult,DeploymentProgress>",
          "Parameters": [
            {
              "Name": "volume",
              "Type": "PackageVolume"
            }
          ]
        },
        {
          "Name": "SetDefaultPackageVolume",
          "ReturnType": "Void",
          "Parameters": [
            {
              "Name": "volume",
              "Type": "PackageVolume"
            }
          ]
        },
        {
          "Name": "SetPackageStatus",
          "ReturnType": "Void",
          "Parameters": [
            {
              "Name": "packageFullName",
              "Type": "String"
            },
            {
              "Name": "status",
              "Type": "PackageStatus"
            }
          ]
        },
        {
          "Name": "SetPackageVolumeOfflineAsync",
          "ReturnType": "IAsyncOperationWithProgress<DeploymentResult,DeploymentProgress>",
          "Parameters": [
            {
              "Name": "packageVolume",
              "Type": "PackageVolume"
            }
          ]
        },
        {
          "Name": "SetPackageVolumeOnlineAsync",
          "ReturnType": "IAsyncOperationWithProgress<DeploymentResult,DeploymentProgress>",
          "Parameters": [
            {
              "Name": "packageVolume",
              "Type": "PackageVolume"
            }
          ]
        },
        {
          "Name": "StagePackageAsync",
          "ReturnType": "IAsyncOperationWithProgress<DeploymentResult,DeploymentProgress>",
          "Parameters": [
            {
              "Name": "packageUri",
              "Type": "Uri"
            },
            {
              "Name": "dependencyPackageUris",
              "Type": "IEnumerable<Uri>"
            },
            {
              "Name": "deploymentOptions",
              "Type": "DeploymentOptions"
            },
            {
              "Name": "targetVolume",
              "Type": "PackageVolume"
            }
          ]
        },
        {
          "Name": "StageUserDataAsync",
          "ReturnType": "IAsyncOperationWithProgress<DeploymentResult,DeploymentProgress>",
          "Parameters": [
            {
              "Name": "packageFullName",
              "Type": "String"
            },
            {
              "Name": "deploymentOptions",
              "Type": "DeploymentOptions"
            }
          ]
        },
        {
          "Name": "GetPackageVolumesAsync",
          "ReturnType": "IAsyncOperation<IReadOnlyList<PackageVolume>>"
        },
        {
          "Name": "AddPackageAsync",
          "ReturnType": "IAsyncOperationWithProgress<DeploymentResult,DeploymentProgress>",
          "Parameters": [
            {
              "Name": "packageUri",
              "Type": "Uri"
            },
            {
              "Name": "dependencyPackageUris",
              "Type": "IEnumerable<Uri>"
            },
            {
              "Name": "deploymentOptions",
              "Type": "DeploymentOptions"
            },
            {
              "Name": "targetVolume",
              "Type": "PackageVolume"
            },
            {
              "Name": "optionalPackageFamilyNames",
              "Type": "IEnumerable<String>"
            },
            {
              "Name": "externalPackageUris",
              "Type": "IEnumerable<Uri>"
            }
          ]
        },
        {
          "Name": "StagePackageAsync",
          "ReturnType": "IAsyncOperationWithProgress<DeploymentResult,DeploymentProgress>",
          "Parameters": [
            {
              "Name": "packageUri",
              "Type": "Uri"
            },
            {
              "Name": "dependencyPackageUris",
              "Type": "IEnumerable<Uri>"
            },
            {
              "Name": "deploymentOptions",
              "Type": "DeploymentOptions"
            },
            {
              "Name": "targetVolume",
              "Type": "PackageVolume"
            },
            {
              "Name": "optionalPackageFamilyNames",
              "Type": "IEnumerable<String>"
            },
            {
              "Name": "externalPackageUris",
              "Type": "IEnumerable<Uri>"
            }
          ]
        },
        {
          "Name": "RegisterPackageByFamilyNameAsync",
          "ReturnType": "IAsyncOperationWithProgress<DeploymentResult,DeploymentProgress>",
          "Parameters": [
            {
              "Name": "mainPackageFamilyName",
              "Type": "String"
            },
            {
              "Name": "dependencyPackageFamilyNames",
              "Type": "IEnumerable<String>"
            },
            {
              "Name": "deploymentOptions",
              "Type": "DeploymentOptions"
            },
            {
              "Name": "appDataVolume",
              "Type": "PackageVolume"
            },
            {
              "Name": "optionalPackageFamilyNames",
              "Type": "IEnumerable<String>"
            }
          ]
        },
        {
          "Name": "ProvisionPackageForAllUsersAsync",
          "ReturnType": "IAsyncOperationWithProgress<DeploymentResult,DeploymentProgress>",
          "Parameters": [
            {
              "Name": "packageFamilyName",
              "Type": "String"
            }
          ]
        },
        {
          "Name": "AddPackageByAppInstallerFileAsync",
          "ReturnType": "IAsyncOperationWithProgress<DeploymentResult,DeploymentProgress>",
          "Parameters": [
            {
              "Name": "appInstallerFileUri",
              "Type": "Uri"
            },
            {
              "Name": "options",
              "Type": "AddPackageByAppInstallerOptions"
            },
            {
              "Name": "targetVolume",
              "Type": "PackageVolume"
            }
          ]
        },
        {
          "Name": "RequestAddPackageByAppInstallerFileAsync",
          "ReturnType": "IAsyncOperationWithProgress<DeploymentResult,DeploymentProgress>",
          "Parameters": [
            {
              "Name": "appInstallerFileUri",
              "Type": "Uri"
            },
            {
              "Name": "options",
              "Type": "AddPackageByAppInstallerOptions"
            },
            {
              "Name": "targetVolume",
              "Type": "PackageVolume"
            }
          ]
        },
        {
          "Name": "AddPackageAsync",
          "ReturnType": "IAsyncOperationWithProgress<DeploymentResult,DeploymentProgress>",
          "Parameters": [
            {
              "Name": "packageUri",
              "Type": "Uri"
            },
            {
              "Name": "dependencyPackageUris",
              "Type": "IEnumerable<Uri>"
            },
            {
              "Name": "options",
              "Type": "DeploymentOptions"
            },
            {
              "Name": "targetVolume",
              "Type": "PackageVolume"
            },
            {
              "Name": "optionalPackageFamilyNames",
              "Type": "IEnumerable<String>"
            },
            {
              "Name": "packageUrisToInstall",
              "Type": "IEnumerable<Uri>"
            },
            {
              "Name": "relatedPackageUris",
              "Type": "IEnumerable<Uri>"
            }
          ]
        }
      ]
    },
    {
      "Name": "Windows.Management.Deployment.PackageManagerDebugSettings",
      "IsSealed": true,
      "Methods": [
        {
          "Name": "SetContentGroupStateAsync",
          "ReturnType": "IAsyncAction",
          "Parameters": [
            {
              "Name": "package",
              "Type": "Package"
            },
            {
              "Name": "contentGroupName",
              "Type": "String"
            },
            {
              "Name": "state",
              "Type": "PackageContentGroupState"
            }
          ]
        },
        {
          "Name": "SetContentGroupStateAsync",
          "ReturnType": "IAsyncAction",
          "Parameters": [
            {
              "Name": "package",
              "Type": "Package"
            },
            {
              "Name": "contentGroupName",
              "Type": "String"
            },
            {
              "Name": "state",
              "Type": "PackageContentGroupState"
            },
            {
              "Name": "completionPercentage",
              "Type": "Double"
            }
          ]
        }
      ]
    },
    {
      "Name": "Windows.Management.Deployment.PackageUserInformation",
      "IsSealed": true,
      "Properties": [
        {
          "Name": "InstallState",
          "Type": "PackageInstallState",
          "IsGet": true
        },
        {
          "Name": "UserSecurityId",
          "Type": "String",
          "IsGet": true
        }
      ]
    },
    {
      "Name": "Windows.Management.Deployment.PackageVolume",
      "IsSealed": true,
      "Properties": [
        {
          "Name": "IsOffline",
          "Type": "Boolean",
          "IsGet": true
        },
        {
          "Name": "IsSystemVolume",
          "Type": "Boolean",
          "IsGet": true
        },
        {
          "Name": "MountPoint",
          "Type": "String",
          "IsGet": true
        },
        {
          "Name": "Name",
          "Type": "String",
          "IsGet": true
        },
        {
          "Name": "PackageStorePath",
          "Type": "String",
          "IsGet": true
        },
        {
          "Name": "SupportsHardLinks",
          "Type": "Boolean",
          "IsGet": true
        },
        {
          "Name": "IsAppxInstallSupported",
          "Type": "Boolean",
          "IsGet": true
        },
        {
          "Name": "IsFullTrustPackageSupported",
          "Type": "Boolean",
          "IsGet": true
        }
      ],
      "Methods": [
        {
          "Name": "FindPackages",
          "ReturnType": "IList<Package>"
        },
        {
          "Name": "FindPackages",
          "ReturnType": "IList<Package>",
          "Parameters": [
            {
              "Name": "packageName",
              "Type": "String"
            },
            {
              "Name": "packagePublisher",
              "Type": "String"
            }
          ]
        },
        {
          "Name": "FindPackages",
          "ReturnType": "IList<Package>",
          "Parameters": [
            {
              "Name": "packageFamilyName",
              "Type": "String"
            }
          ]
        },
        {
          "Name": "FindPackagesWithPackageTypes",
          "ReturnType": "IList<Package>",
          "Parameters": [
            {
              "Name": "packageTypes",
              "Type": "PackageTypes"
            }
          ]
        },
        {
          "Name": "FindPackagesWithPackageTypes",
          "ReturnType": "IList<Package>",
          "Parameters": [
            {
              "Name": "packageTypes",
              "Type": "PackageTypes"
            },
            {
              "Name": "packageName",
              "Type": "String"
            },
            {
              "Name": "packagePublisher",
              "Type": "String"
            }
          ]
        },
        {
          "Name": "FindPackagesWithPackageTypes",
          "ReturnType": "IList<Package>",
          "Parameters": [
            {
              "Name": "packageTypes",
              "Type": "PackageTypes"
            },
            {
              "Name": "packageFamilyName",
              "Type": "String"
            }
          ]
        },
        {
          "Name": "FindPackage",
          "ReturnType": "IList<Package>",
          "Parameters": [
            {
              "Name": "packageFullName",
              "Type": "String"
            }
          ]
        },
        {
          "Name": "FindPackagesForUser",
          "ReturnType": "IList<Package>",
          "Parameters": [
            {
              "Name": "userSecurityId",
              "Type": "String"
            }
          ]
        },
        {
          "Name": "FindPackagesForUser",
          "ReturnType": "IList<Package>",
          "Parameters": [
            {
              "Name": "userSecurityId",
              "Type": "String"
            },
            {
              "Name": "packageName",
              "Type": "String"
            },
            {
              "Name": "packagePublisher",
              "Type": "String"
            }
          ]
        },
        {
          "Name": "FindPackagesForUser",
          "ReturnType": "IList<Package>",
          "Parameters": [
            {
              "Name": "userSecurityId",
              "Type": "String"
            },
            {
              "Name": "packageFamilyName",
              "Type": "String"
            }
          ]
        },
        {
          "Name": "FindPackagesForUserWithPackageTypes",
          "ReturnType": "IList<Package>",
          "Parameters": [
            {
              "Name": "userSecurityId",
              "Type": "String"
            },
            {
              "Name": "packageTypes",
              "Type": "PackageTypes"
            }
          ]
        },
        {
          "Name": "FindPackagesForUserWithPackageTypes",
          "ReturnType": "IList<Package>",
          "Parameters": [
            {
              "Name": "userSecurityId",
              "Type": "String"
            },
            {
              "Name": "packageTypes",
              "Type": "PackageTypes"
            },
            {
              "Name": "packageName",
              "Type": "String"
            },
            {
              "Name": "packagePublisher",
              "Type": "String"
            }
          ]
        },
        {
          "Name": "FindPackagesForUserWithPackageTypes",
          "ReturnType": "IList<Package>",
          "Parameters": [
            {
              "Name": "userSecurityId",
              "Type": "String"
            },
            {
              "Name": "packageTypes",
              "Type": "PackageTypes"
            },
            {
              "Name": "packageFamilyName",
              "Type": "String"
            }
          ]
        },
        {
          "Name": "FindPackageForUser",
          "ReturnType": "IList<Package>",
          "Parameters": [
            {
              "Name": "userSecurityId",
              "Type": "String"
            },
            {
              "Name": "packageFullName",
              "Type": "String"
            }
          ]
        },
        {
          "Name": "GetAvailableSpaceAsync",
          "ReturnType": "IAsyncOperation<UInt64>"
        }
      ]
    },
    {
      "Name": "Windows.Management.Deployment.Preview.ClassicAppManager",
      "IsStatic": true,
      "Methods": [
        {
          "Name": "FindInstalledApp",
          "IsStatic": true,
          "ReturnType": "InstalledClassicAppInfo",
          "Parameters": [
            {
              "Name": "appUninstallKey",
              "Type": "String"
            }
          ]
        }
      ]
    },
    {
      "Name": "Windows.Management.Deployment.Preview.InstalledClassicAppInfo",
      "IsSealed": true,
      "Properties": [
        {
          "Name": "DisplayName",
          "Type": "String",
          "IsGet": true
        },
        {
          "Name": "DisplayVersion",
          "Type": "String",
          "IsGet": true
        }
      ]
    },
    {
      "Name": "Windows.Management.MdmAlert",
      "IsSealed": true,
      "Properties": [
        {
          "Name": "Type",
          "Type": "String",
          "IsGet": true,
          "IsSet": true
        },
        {
          "Name": "Target",
          "Type": "String",
          "IsGet": true,
          "IsSet": true
        },
        {
          "Name": "Source",
          "Type": "String",
          "IsGet": true,
          "IsSet": true
        },
        {
          "Name": "Mark",
          "Type": "MdmAlertMark",
          "IsGet": true,
          "IsSet": true
        },
        {
          "Name": "Format",
          "Type": "MdmAlertDataType",
          "IsGet": true,
          "IsSet": true
        },
        {
          "Name": "Data",
          "Type": "String",
          "IsGet": true,
          "IsSet": true
        },
        {
          "Name": "Status",
          "Type": "UInt32",
          "IsGet": true
        }
      ]
    },
    {
      "Name": "Windows.Management.MdmSession",
      "IsSealed": true,
      "Properties": [
        {
          "Name": "Alerts",
          "Type": "IReadOnlyList<MdmAlert>",
          "IsGet": true
        },
        {
          "Name": "ExtendedError",
          "Type": "Exception",
          "IsGet": true
        },
        {
          "Name": "Id",
          "Type": "String",
          "IsGet": true
        },
        {
          "Name": "State",
          "Type": "MdmSessionState",
          "IsGet": true
        }
      ],
      "Methods": [
        {
          "Name": "AttachAsync",
          "ReturnType": "IAsyncAction"
        },
        {
          "Name": "Delete",
          "ReturnType": "Void"
        },
        {
          "Name": "StartAsync",
          "ReturnType": "IAsyncAction"
        },
        {
          "Name": "StartAsync",
          "ReturnType": "IAsyncAction",
          "Parameters": [
            {
              "Name": "alerts",
              "Type": "IEnumerable<MdmAlert>"
            }
          ]
        }
      ]
    },
    {
      "Name": "Windows.Management.MdmSessionManager",
      "IsStatic": true,
      "Properties": [
        {
          "Name": "SessionIds",
          "Type": "IReadOnlyList<String>",
          "IsStatic": true,
          "IsGet": true
        }
      ],
      "Methods": [
        {
          "Name": "TryCreateSession",
          "IsStatic": true,
          "ReturnType": "MdmSession"
        },
        {
          "Name": "DeleteSessionById",
          "IsStatic": true,
          "ReturnType": "Void",
          "Parameters": [
            {
              "Name": "sessionId",
              "Type": "String"
            }
          ]
        },
        {
          "Name": "GetSessionById",
          "IsStatic": true,
          "ReturnType": "MdmSession",
          "Parameters": [
            {
              "Name": "sessionId",
              "Type": "String"
            }
          ]
        }
      ]
    },
    {
      "Name": "Windows.Management.Policies.NamedPolicy",
      "IsStatic": true,
      "Methods": [
        {
          "Name": "GetPolicyFromPath",
          "IsStatic": true,
          "ReturnType": "NamedPolicyData",
          "Parameters": [
            {
              "Name": "area",
              "Type": "String"
            },
            {
              "Name": "name",
              "Type": "String"
            }
          ]
        },
        {
          "Name": "GetPolicyFromPathForUser",
          "IsStatic": true,
          "ReturnType": "NamedPolicyData",
          "Parameters": [
            {
              "Name": "user",
              "Type": "User"
            },
            {
              "Name": "area",
              "Type": "String"
            },
            {
              "Name": "name",
              "Type": "String"
            }
          ]
        }
      ]
    },
    {
      "Name": "Windows.Management.Policies.NamedPolicyData",
      "IsSealed": true,
      "Properties": [
        {
          "Name": "Area",
          "Type": "String",
          "IsGet": true
        },
        {
          "Name": "IsManaged",
          "Type": "Boolean",
          "IsGet": true
        },
        {
          "Name": "IsUserPolicy",
          "Type": "Boolean",
          "IsGet": true
        },
        {
          "Name": "Kind",
          "Type": "NamedPolicyKind",
          "IsGet": true
        },
        {
          "Name": "Name",
          "Type": "String",
          "IsGet": true
        },
        {
          "Name": "User",
          "Type": "User",
          "IsGet": true
        }
      ],
      "Methods": [
        {
          "Name": "GetBoolean",
          "ReturnType": "Boolean"
        },
        {
          "Name": "GetBinary",
          "ReturnType": "IBuffer"
        },
        {
          "Name": "GetInt32",
          "ReturnType": "Int32"
        },
        {
          "Name": "GetInt64",
          "ReturnType": "Int64"
        },
        {
          "Name": "GetString",
          "ReturnType": "String"
        }
      ],
      "Events": [
        {
          "Name": "Changed",
          "Type": "TypedEventHandler<NamedPolicyData,Object>"
        }
      ]
    },
    {
      "Name": "Windows.Management.Update.PreviewBuildsManager",
      "IsSealed": true,
      "Properties": [
        {
          "Name": "ArePreviewBuildsAllowed",
          "Type": "Boolean",
          "IsGet": true,
          "IsSet": true
        }
      ],
      "Methods": [
        {
          "Name": "GetCurrentState",
          "ReturnType": "PreviewBuildsState"
        },
        {
          "Name": "SyncAsync",
          "ReturnType": "IAsyncOperation<Boolean>"
        },
        {
          "Name": "GetDefault",
          "IsStatic": true,
          "ReturnType": "PreviewBuildsManager"
        },
        {
          "Name": "IsSupported",
          "IsStatic": true,
          "ReturnType": "Boolean"
        }
      ]
    },
    {
      "Name": "Windows.Management.Update.PreviewBuildsState",
      "IsSealed": true,
      "Properties": [
        {
          "Name": "Properties",
          "Type": "ValueSet",
          "IsGet": true
        }
      ]
    },
    {
      "Name": "Windows.Management.Workplace.MdmPolicy",
      "IsStatic": true,
      "Methods": [
        {
          "Name": "GetMessagingSyncPolicy",
          "IsStatic": true,
          "ReturnType": "MessagingSyncPolicy"
        },
        {
          "Name": "IsBrowserAllowed",
          "IsStatic": true,
          "ReturnType": "Boolean"
        },
        {
          "Name": "IsCameraAllowed",
          "IsStatic": true,
          "ReturnType": "Boolean"
        },
        {
          "Name": "IsMicrosoftAccountAllowed",
          "IsStatic": true,
          "ReturnType": "Boolean"
        },
        {
          "Name": "IsStoreAllowed",
          "IsStatic": true,
          "ReturnType": "Boolean"
        }
      ]
    },
    {
      "Name": "Windows.Management.Workplace.WorkplaceSettings",
      "IsStatic": true,
      "Properties": [
        {
          "Name": "IsMicrosoftAccountOptional",
          "Type": "Boolean",
          "IsStatic": true,
          "IsGet": true
        }
      ]
    }
  ]
}